-- phpMyAdmin SQL Dump
-- version 5.2.0
-- https://www.phpmyadmin.net/
--
-- Host: 127.0.0.1
-- Generation Time: May 07, 2023 at 11:44 PM
-- Server version: 10.4.24-MariaDB
-- PHP Version: 8.1.6

SET SQL_MODE = "NO_AUTO_VALUE_ON_ZERO";
START TRANSACTION;
SET time_zone = "+00:00";


/*!40101 SET @OLD_CHARACTER_SET_CLIENT=@@CHARACTER_SET_CLIENT */;
/*!40101 SET @OLD_CHARACTER_SET_RESULTS=@@CHARACTER_SET_RESULTS */;
/*!40101 SET @OLD_COLLATION_CONNECTION=@@COLLATION_CONNECTION */;
/*!40101 SET NAMES utf8mb4 */;

--
-- Database: `hind_carts`
--

-- --------------------------------------------------------

--
-- Table structure for table `address`
--

CREATE TABLE `address` (
  `id` int(11) NOT NULL,
  `user_id` int(11) NOT NULL,
  `name` varchar(100) COLLATE utf8mb4_unicode_ci DEFAULT NULL,
  `mobile` varchar(15) COLLATE utf8mb4_unicode_ci DEFAULT NULL,
  `state_id` int(11) DEFAULT NULL,
  `state` varchar(100) COLLATE utf8mb4_unicode_ci DEFAULT NULL,
  `city` varchar(100) COLLATE utf8mb4_unicode_ci DEFAULT NULL,
  `landmark` text COLLATE utf8mb4_unicode_ci DEFAULT NULL,
  `pincode` bigint(20) DEFAULT NULL,
  `address1` varchar(255) COLLATE utf8mb4_unicode_ci DEFAULT NULL,
  `address2` varchar(255) COLLATE utf8mb4_unicode_ci DEFAULT NULL,
  `type` varchar(100) COLLATE utf8mb4_unicode_ci DEFAULT NULL,
  `status` varchar(100) COLLATE utf8mb4_unicode_ci DEFAULT NULL
) ENGINE=InnoDB DEFAULT CHARSET=utf8mb4 COLLATE=utf8mb4_unicode_ci;

--
-- Dumping data for table `address`
--

INSERT INTO `address` (`id`, `user_id`, `name`, `mobile`, `state_id`, `state`, `city`, `landmark`, `pincode`, `address1`, `address2`, `type`, `status`) VALUES
(1, 1, 'Dibya', '7896541230', 35, 'West Bengal', 'Bagnan', NULL, 711312, 'Benapur', 'Bagnan II', 'Home', ''),
(2, 1, 'Dibya', '7896541230', 35, 'West Bengal', 'Bagnan', NULL, 711312, 'Benapur', 'Bagnan II', 'Office', ''),
(3, 1, 'Dibya', '7896541230', 35, 'West Bengal', 'Bagnan', NULL, 711312, 'Benapur', 'Bagnan II', 'Office', ''),
(5, 1, 'Dibya', '7896541230', 35, 'West Bengal', 'Bagnan', NULL, 711312, 'Benapur', 'Bagnan II', 'Office', ''),
(6, 1, 'Dibya', '7896541230', 35, 'West Bengal', 'Bagnan', NULL, 711312, 'Benapur', 'Bagnan II', 'Office', 'Active'),
(7, 1, 'Dibya', '7896541230', 35, 'West Bengal', 'Bagnan', NULL, 711312, 'Benapur', 'Bagnan II', 'Office', ''),
(8, 6, 'sagar', '7044323905', 35, '35', 'Kolkata', NULL, 700093, 'patuli Ghosh para', NULL, '1', 'Active'),
(9, 11, 'neha', '7044323901', 11, '11', 'abc', NULL, 123012, 'abc address', NULL, 'Home', 'Active'),
(10, 12, 'amit', '7044323909', 35, '35', 'kharagpur', NULL, 700013, 'abc test', NULL, 'Office', 'Active'),
(11, 13, 'test', '9800000034', 35, '35', 'Gopalnagar', NULL, 743262, 'kansona', 'gopalnagar', 'Home', 'Active'),
(12, 14, 'tani', '1231234567', 4, '4', 'abc', NULL, 123456, 'abc adrs', NULL, 'Office', 'Active');

-- --------------------------------------------------------

--
-- Table structure for table `admins`
--

CREATE TABLE `admins` (
  `id` bigint(20) UNSIGNED NOT NULL,
  `name` varchar(255) COLLATE utf8mb4_unicode_ci NOT NULL,
  `email` varchar(255) COLLATE utf8mb4_unicode_ci NOT NULL,
  `email_verified_at` timestamp NULL DEFAULT NULL,
  `password` varchar(255) COLLATE utf8mb4_unicode_ci NOT NULL,
  `remember_token` varchar(100) COLLATE utf8mb4_unicode_ci DEFAULT NULL,
  `created_at` timestamp NULL DEFAULT NULL,
  `updated_at` timestamp NULL DEFAULT NULL
) ENGINE=InnoDB DEFAULT CHARSET=utf8mb4 COLLATE=utf8mb4_unicode_ci;

--
-- Dumping data for table `admins`
--

INSERT INTO `admins` (`id`, `name`, `email`, `email_verified_at`, `password`, `remember_token`, `created_at`, `updated_at`) VALUES
(1, 'Hindkart', 'admin@gmail.com', NULL, '$2y$10$dOIvAPgfBBcPo/qDpqiR1.Kr4RNQjEnnlOCWTLDhl1lV.LDLVFAf.', NULL, '2022-07-18 09:24:20', '2023-05-06 18:15:09');

-- --------------------------------------------------------

--
-- Table structure for table `admin_schemes`
--

CREATE TABLE `admin_schemes` (
  `id` bigint(20) UNSIGNED NOT NULL,
  `name` varchar(255) COLLATE utf8mb4_unicode_ci DEFAULT NULL,
  `type` varchar(255) COLLATE utf8mb4_unicode_ci DEFAULT NULL,
  `amount` double(8,2) DEFAULT NULL,
  `percentage` decimal(8,2) DEFAULT NULL,
  `from_date` date DEFAULT NULL,
  `to_date` date DEFAULT NULL,
  `created_at` timestamp NULL DEFAULT NULL,
  `updated_at` timestamp NULL DEFAULT NULL
) ENGINE=InnoDB DEFAULT CHARSET=utf8mb4 COLLATE=utf8mb4_unicode_ci;

--
-- Dumping data for table `admin_schemes`
--

INSERT INTO `admin_schemes` (`id`, `name`, `type`, `amount`, `percentage`, `from_date`, `to_date`, `created_at`, `updated_at`) VALUES
(1, 'xyz', 'block', 4999.00, '55.00', '2023-04-26', '2023-05-01', '2023-04-26 17:39:33', '2023-04-26 17:39:33');

-- --------------------------------------------------------

--
-- Table structure for table `advertisement_charges`
--

CREATE TABLE `advertisement_charges` (
  `id` bigint(20) UNSIGNED NOT NULL,
  `package_name` varchar(255) COLLATE utf8mb4_unicode_ci NOT NULL,
  `package_details` text COLLATE utf8mb4_unicode_ci NOT NULL,
  `amount` double(8,2) NOT NULL,
  `created_at` timestamp NULL DEFAULT NULL,
  `updated_at` timestamp NULL DEFAULT NULL
) ENGINE=InnoDB DEFAULT CHARSET=utf8mb4 COLLATE=utf8mb4_unicode_ci;

--
-- Dumping data for table `advertisement_charges`
--

INSERT INTO `advertisement_charges` (`id`, `package_name`, `package_details`, `amount`, `created_at`, `updated_at`) VALUES
(1, 'Silver', '7 days', 100.00, '2023-03-31 21:09:52', '2023-03-31 21:09:52');

-- --------------------------------------------------------

--
-- Table structure for table `bank_details`
--

CREATE TABLE `bank_details` (
  `id` bigint(20) UNSIGNED NOT NULL,
  `user_id` bigint(20) NOT NULL,
  `bank_name` varchar(255) COLLATE utf8mb4_unicode_ci DEFAULT NULL,
  `branch_name` varchar(255) COLLATE utf8mb4_unicode_ci DEFAULT NULL,
  `account_holder` varchar(255) COLLATE utf8mb4_unicode_ci DEFAULT NULL,
  `ifsc_code` varchar(255) COLLATE utf8mb4_unicode_ci DEFAULT NULL,
  `account_no` varchar(255) COLLATE utf8mb4_unicode_ci DEFAULT NULL,
  `created_at` timestamp NULL DEFAULT NULL,
  `updated_at` timestamp NULL DEFAULT NULL
) ENGINE=InnoDB DEFAULT CHARSET=utf8mb4 COLLATE=utf8mb4_unicode_ci;

--
-- Dumping data for table `bank_details`
--

INSERT INTO `bank_details` (`id`, `user_id`, `bank_name`, `branch_name`, `account_holder`, `ifsc_code`, `account_no`, `created_at`, `updated_at`) VALUES
(1, 1, 'SBI', 'Jadavpur Branch', 'Kalyan', 'SBI12345678', '12345678', '2023-04-10 03:23:01', '2023-04-10 03:23:01'),
(2, 1, 'SBI', 'Jadavpur Branch', 'Kalyan', 'SBI12345678', '12345678', '2023-04-10 03:23:04', '2023-04-10 03:23:04'),
(3, 3, 'sbi', 'Baroda', 'sagar pal', 'hshjsjj', '54619166', '2023-04-10 13:22:55', '2023-04-10 13:22:55');

-- --------------------------------------------------------

--
-- Table structure for table `best_discounts`
--

CREATE TABLE `best_discounts` (
  `id` bigint(20) UNSIGNED NOT NULL,
  `image` varchar(255) COLLATE utf8mb4_unicode_ci DEFAULT NULL,
  `link` varchar(255) COLLATE utf8mb4_unicode_ci DEFAULT NULL,
  `created_at` timestamp NULL DEFAULT NULL,
  `updated_at` timestamp NULL DEFAULT NULL
) ENGINE=InnoDB DEFAULT CHARSET=utf8mb4 COLLATE=utf8mb4_unicode_ci;

--
-- Dumping data for table `best_discounts`
--

INSERT INTO `best_discounts` (`id`, `image`, `link`, `created_at`, `updated_at`) VALUES
(2, '20230309120959.png', NULL, '2023-03-09 12:09:59', '2023-03-09 12:09:59'),
(3, '20230309121004.png', NULL, '2023-03-09 12:10:04', '2023-03-09 12:10:04');

-- --------------------------------------------------------

--
-- Table structure for table `block`
--

CREATE TABLE `block` (
  `id` int(11) NOT NULL,
  `block` varchar(100) NOT NULL,
  `district_id` int(11) DEFAULT NULL,
  `state_id` int(11) DEFAULT NULL
) ENGINE=InnoDB DEFAULT CHARSET=latin1;

--
-- Dumping data for table `block`
--

INSERT INTO `block` (`id`, `block`, `district_id`, `state_id`) VALUES
(676, 'Kupwara', 47, 15),
(677, 'Handwara', 47, 15),
(678, 'Karnah', 47, 15),
(679, 'Khag', 39, 15),
(680, 'Beerwah', 39, 15),
(681, 'Khansahib', 39, 15),
(682, 'Budgam', 39, 15),
(683, 'Chadoora', 39, 15),
(684, 'Charar- E- Shrief', 39, 15),
(685, 'Leh', 48, 15),
(686, 'Nubra', 48, 15),
(687, 'Khalsi', 48, 15),
(688, 'Kargil', 43, 15),
(689, 'Sanku', 43, 15),
(690, 'Zanskar', 43, 15),
(691, 'Haveli', 49, 15),
(692, 'Mandi', 49, 15),
(693, 'Mendhar', 49, 15),
(694, 'Surankote', 49, 15),
(695, 'Thanamandi', 51, 15),
(696, 'Darhal', 51, 15),
(697, 'Rajauri', 51, 15),
(698, 'Budhal', 51, 15),
(699, 'Kalakote', 51, 15),
(700, 'Nowshehra', 51, 15),
(701, 'Sunderbani', 51, 15),
(702, 'Billawar', 44, 15),
(703, 'Bashohli', 44, 15),
(704, 'Bani', 44, 15),
(705, 'Kathua', 44, 15),
(706, 'Hiranagar', 44, 15),
(707, 'Sopore', 38, 15),
(708, 'Rafiabad', 38, 15),
(709, 'Pattan', 38, 15),
(710, 'Baramulla', 38, 15),
(711, 'Kreeri', 38, 15),
(712, 'Uri', 38, 15),
(713, 'Boniyar', 38, 15),
(714, 'Tangmarg', 38, 15),
(715, 'Gurez', 37, 15),
(716, 'Bandipora', 37, 15),
(717, 'Sonawari', 37, 15),
(718, 'Srinagar (North)', 56, 15),
(719, 'Srinagar (South)', 56, 15),
(720, 'Lar', 41, 15),
(721, 'Kangan', 41, 15),
(722, 'Ganderbal', 41, 15),
(723, 'Pampore', 50, 15),
(724, 'Awantipora', 50, 15),
(725, 'Tral', 50, 15),
(726, 'Pulwama', 50, 15),
(727, 'Shopian', 55, 15),
(728, 'Pahalgam', 36, 15),
(729, 'Bijbehara', 36, 15),
(730, 'Anantnag', 36, 15),
(731, 'Shangus', 36, 15),
(732, 'Kokernag', 36, 15),
(733, 'Dooru', 36, 15),
(734, 'Kulgam', 46, 15),
(735, 'Devsar', 46, 15),
(736, 'Damhal Hanjipora', 46, 15),
(737, 'Doda', 40, 15),
(738, 'Thathri', 40, 15),
(739, 'Gandoh', 40, 15),
(740, 'Bhaderwah', 40, 15),
(741, 'Banihal', 52, 15),
(742, 'Ramban', 52, 15),
(743, 'Kishtwar', 45, 15),
(744, 'Marwah', 45, 15),
(745, 'Chhatroo', 45, 15),
(746, 'Atholi (Paddar)', 45, 15),
(747, 'Udhampur', 57, 15),
(748, 'Chenani', 57, 15),
(749, 'Ramnagar', 57, 15),
(750, 'Majalta', 57, 15),
(751, 'Gool-Gulabgarh', 53, 15),
(752, 'Reasi', 53, 15),
(753, 'Akhnoor', 42, 15),
(754, 'Jammu', 42, 15),
(755, 'Ranbir Singh Pora', 42, 15),
(756, 'Bishnah', 42, 15),
(757, 'Samba', 54, 15),
(758, 'Pangi', 59, 14),
(759, 'Chaurah', 59, 14),
(760, 'Saluni', 59, 14),
(761, 'Bhalai', 59, 14),
(762, 'Dalhousie', 59, 14),
(763, 'Bhattiyat', 59, 14),
(764, 'Sihunta', 59, 14),
(765, 'Chamba', 59, 14),
(766, 'Holi', 59, 14),
(767, 'Brahmaur', 59, 14),
(768, 'Nurpur', 61, 14),
(769, 'Indora', 61, 14),
(770, 'Fatehpur', 61, 14),
(771, 'Jawali', 61, 14),
(772, 'Harchakian', 61, 14),
(773, 'Shahpur', 61, 14),
(774, 'Dharmsala', 61, 14),
(775, 'Kangra', 61, 14),
(776, 'Nagrota Bagwan', 61, 14),
(777, 'Baroh', 61, 14),
(778, 'Dera Gopipur', 61, 14),
(779, 'Jawalamukhi', 61, 14),
(780, 'Jaswan', 61, 14),
(781, 'Rakkar', 61, 14),
(782, 'Khundian', 61, 14),
(783, 'Thural', 61, 14),
(784, 'Dhira', 61, 14),
(785, 'Jaisinghpur', 61, 14),
(786, 'Palampur', 61, 14),
(787, 'Baijnath', 61, 14),
(788, 'Multhan', 61, 14),
(789, 'Udaipur', 64, 14),
(790, 'Lahul', 64, 14),
(791, 'Spiti', 64, 14),
(792, 'Manali', 63, 14),
(793, 'Kullu', 63, 14),
(794, 'Sainj', 63, 14),
(795, 'Banjar', 63, 14),
(796, 'Ani', 63, 14),
(797, 'Nermand', 63, 14),
(798, 'Padhar', 65, 14),
(799, 'Jogindarnagar', 65, 14),
(800, 'Lad Bharol', 65, 14),
(801, 'Sandhol', 65, 14),
(802, 'Dharmpur', 65, 14),
(803, 'Kotli', 65, 14),
(804, 'Sarkaghat', 65, 14),
(805, 'Bhadrota', 65, 14),
(806, 'Baldwara', 65, 14),
(807, 'Sundarnagar', 65, 14),
(808, 'Mandi', 65, 14),
(809, 'Aut', 65, 14),
(810, 'Bali Chowki', 65, 14),
(811, 'Thunag', 65, 14),
(812, 'Chachyot', 65, 14),
(813, 'Nihri', 65, 14),
(814, 'Karsog', 65, 14),
(815, 'Tira Sujanpur', 60, 14),
(816, 'Nadaun', 60, 14),
(817, 'Galore', 60, 14),
(818, 'Hamirpur', 60, 14),
(819, 'Barsar', 60, 14),
(820, 'Dhatwal', 60, 14),
(821, 'Bhoranj', 60, 14),
(822, 'Bharwain', 69, 14),
(823, 'Amb', 69, 14),
(824, 'Bangana', 69, 14),
(825, 'Una', 69, 14),
(826, 'Haroli', 69, 14),
(827, 'Ghumarwin', 58, 14),
(828, 'Bharari', 58, 14),
(829, 'Jhanduta', 58, 14),
(830, 'Naina Devi', 58, 14),
(831, 'Bilaspur Sadar', 58, 14),
(832, 'Namhol', 58, 14),
(833, 'Arki', 68, 14),
(834, 'Darlaghat', 68, 14),
(835, 'Ramshahr', 68, 14),
(836, 'Nalagarh', 68, 14),
(837, 'Baddi', 68, 14),
(838, 'Krishangarh', 68, 14),
(839, 'Kasauli', 68, 14),
(840, 'Solan', 68, 14),
(841, 'Kandaghat', 68, 14),
(842, 'Rajgarh', 67, 14),
(843, 'Nohra', 67, 14),
(844, 'Pachhad', 67, 14),
(845, 'Renuka', 67, 14),
(846, 'Dadahu', 67, 14),
(847, 'Nahan', 67, 14),
(848, 'Paonta Sahib', 67, 14),
(849, 'Kamrau', 67, 14),
(850, 'Shalai', 67, 14),
(851, 'Ronhat', 67, 14),
(852, 'Rampur', 66, 14),
(853, 'Nankhari', 66, 14),
(854, 'Kumharsain', 66, 14),
(855, 'Seoni', 66, 14),
(856, 'Shimla (Rural)', 66, 14),
(857, 'Shimla (Urban)', 66, 14),
(858, 'Junga', 66, 14),
(859, 'Theog', 66, 14),
(860, 'Chaupal', 66, 14),
(861, 'Cheta', 66, 14),
(862, 'Nerua', 66, 14),
(863, 'Jubbal', 66, 14),
(864, 'Kotkhai', 66, 14),
(865, 'Tikar', 66, 14),
(866, 'Rohru', 66, 14),
(867, 'Chirgaon', 66, 14),
(868, 'Dodra Kwar', 66, 14),
(869, 'Hangrang', 62, 14),
(870, 'Poo', 62, 14),
(871, 'Morang', 62, 14),
(872, 'Kalpa', 62, 14),
(873, 'Nichar', 62, 14),
(874, 'Sangla', 62, 14),
(875, 'Dhar Kalan', 76, 28),
(876, 'Pathankot', 76, 28),
(877, 'Gurdaspur', 76, 28),
(878, 'Batala', 76, 28),
(879, 'Dera Baba Nanak', 76, 28),
(880, 'Bhulath', 79, 28),
(881, 'Kapurthala', 79, 28),
(882, 'Sultanpur Lodhi', 79, 28),
(883, 'Phagwara', 79, 28),
(884, 'Shahkot', 78, 28),
(885, 'Nakodar', 78, 28),
(886, 'Phillaur', 78, 28),
(887, 'Jalandhar - I', 78, 28),
(888, 'Jalandhar - Ii', 78, 28),
(889, 'Dasua', 77, 28),
(890, 'Mukerian', 77, 28),
(891, 'Hoshiarpur', 77, 28),
(892, 'Garhshankar', 77, 28),
(893, 'Nawanshahr', 88, 28),
(894, 'Balachaur', 88, 28),
(895, 'Bassi Pathana', 74, 28),
(896, 'Fatehgarh Sahib', 74, 28),
(897, 'Amloh', 74, 28),
(898, 'Khamanon', 74, 28),
(899, 'Samrala', 80, 28),
(900, 'Khanna', 80, 28),
(901, 'Payal', 80, 28),
(902, 'Ludhiana (East)', 80, 28),
(903, 'Ludhiana (West)', 80, 28),
(904, 'Raikot', 80, 28),
(905, 'Jagraon', 80, 28),
(906, 'Nihal Singhwala', 82, 28),
(907, 'Bagha Purana', 82, 28),
(908, 'Moga', 82, 28),
(909, 'Zira', 75, 28),
(910, 'Firozpur', 75, 28),
(911, 'Jalalabad', 75, 28),
(912, 'Fazilka', 75, 28),
(913, 'Abohar', 75, 28),
(914, 'Malout', 83, 28),
(915, 'Gidderbaha', 83, 28),
(916, 'Muktsar', 83, 28),
(917, 'Faridkot', 73, 28),
(918, 'Jaitu', 73, 28),
(919, 'Rampura Phul', 72, 28),
(920, 'Bathinda', 72, 28),
(921, 'Talwandi Sabo', 72, 28),
(922, 'Sardulgarh', 81, 28),
(923, 'Budhlada', 81, 28),
(924, 'Mansa', 81, 28),
(925, 'Samana', 84, 28),
(926, 'Patran', 84, 28),
(927, 'Nabha', 84, 28),
(928, 'Patiala', 84, 28),
(929, 'Rajpura', 84, 28),
(930, 'Ajnala', 70, 28),
(931, 'Amritsar -I', 70, 28),
(932, 'Amritsar- Ii', 70, 28),
(933, 'Baba Bakala', 70, 28),
(934, 'Tarn Taran', 89, 28),
(935, 'Patti', 89, 28),
(936, 'Khadur Sahib', 89, 28),
(937, 'Anandpur Sahib', 85, 28),
(938, 'Nangal', 85, 28),
(939, 'Rupnagar', 85, 28),
(940, 'Chamkaur Sahib', 85, 28),
(941, 'Kharar', 86, 28),
(942, 'Sas Nagar (Mohali)', 86, 28),
(943, 'Dera Bassi', 86, 28),
(944, 'Malerkotla', 87, 28),
(945, 'Dhuri', 87, 28),
(946, 'Sangrur', 87, 28),
(947, 'Sunam', 87, 28),
(948, 'Lehra', 87, 28),
(949, 'Moonak', 87, 28),
(950, 'Barnala', 71, 28),
(951, 'Tapa', 71, 28),
(952, 'Chandigarh', 90, 6),
(953, 'Puraula', 103, 34),
(954, 'Mori', 103, 34),
(955, 'Rajgarhi', 103, 34),
(956, 'Dunda', 103, 34),
(957, 'Chiniyalisaur', 103, 34),
(958, 'Bhatwari', 103, 34),
(959, 'Joshimath', 93, 34),
(960, 'Chamoli', 93, 34),
(961, 'Pokhari', 93, 34),
(962, 'Karnaprayag', 93, 34),
(963, 'Tharali', 93, 34),
(964, 'Gairsain', 93, 34),
(965, 'Ukhimath', 100, 34),
(966, 'Rudraprayag', 100, 34),
(967, 'Jakholi*', 100, 34),
(968, 'Ghansali', 101, 34),
(969, 'Devprayag', 101, 34),
(970, 'Pratapnagar', 101, 34),
(971, 'Jakhnidhar', 101, 34),
(972, 'Tehri', 101, 34),
(973, 'Dhanaulti', 101, 34),
(974, 'Narendranagar', 101, 34),
(975, 'Chakrata', 95, 34),
(976, 'Tyuni', 95, 34),
(977, 'Kalsi', 95, 34),
(978, 'Vikasnagar', 95, 34),
(979, 'Dehradun', 95, 34),
(980, 'Rishikesh', 95, 34),
(981, 'Srinagar', 98, 34),
(982, 'Pauri', 98, 34),
(983, 'Thalisain', 98, 34),
(984, 'Dhoomakot', 98, 34),
(985, 'Lansdowne', 98, 34),
(986, 'Satpuli', 98, 34),
(987, 'Chaubattakhal', 98, 34),
(988, 'Kotdwara', 98, 34),
(989, 'Yamkeshwar', 98, 34),
(990, 'Munsiari', 99, 34),
(991, 'Dharchula', 99, 34),
(992, 'Didihat', 99, 34),
(993, 'Berinag', 99, 34),
(994, 'Gangolihat', 99, 34),
(995, 'Pithoragarh', 99, 34),
(996, 'Kapkot', 92, 34),
(997, 'Kanda', 92, 34),
(998, 'Bageshwar', 92, 34),
(999, 'Garud', 92, 34),
(1000, 'Bhikiyasain', 91, 34),
(1001, 'Chaukhutiya', 91, 34),
(1002, 'Sult', 91, 34),
(1003, 'Ranikhet', 91, 34),
(1004, 'Dwarahat', 91, 34),
(1005, 'Almora', 91, 34),
(1006, 'Someshwar', 91, 34),
(1007, 'Jainti', 91, 34),
(1008, 'Bhanoli', 91, 34),
(1009, 'Champawat', 94, 34),
(1010, 'Pati', 94, 34),
(1011, 'Lohaghat', 94, 34),
(1012, 'Poornagiri', 94, 34),
(1013, 'Kosya Kutauli', 97, 34),
(1014, 'Betalghat', 97, 34),
(1015, 'Nainital', 97, 34),
(1016, 'Dhari', 97, 34),
(1017, 'Haldwani', 97, 34),
(1018, 'Ramnagar', 97, 34),
(1019, 'Kaladhungi', 97, 34),
(1020, 'Lalkuan', 97, 34),
(1021, 'Kashipur', 102, 34),
(1022, 'Jaspur', 102, 34),
(1023, 'Bajpur', 102, 34),
(1024, 'Kichha', 102, 34),
(1025, 'Gadarpur', 102, 34),
(1026, 'Sitarganj', 102, 34),
(1027, 'Khatima', 102, 34),
(1028, 'Roorkee', 96, 34),
(1029, 'Hardwar', 96, 34),
(1030, 'Laksar', 96, 34),
(1031, 'Kalka', 118, 13),
(1032, 'Panchkula', 118, 13),
(1033, 'Naraingarh', 104, 13),
(1034, 'Ambala', 104, 13),
(1035, 'Barara', 104, 13),
(1036, 'Jagadhri', 124, 13),
(1037, 'Bilaspur', 124, 13),
(1038, 'Chhachhrauli', 124, 13),
(1039, 'Shahbad', 114, 13),
(1040, 'Pehowa', 114, 13),
(1041, 'Thanesar', 114, 13),
(1042, 'Guhla', 112, 13),
(1043, 'Kaithal', 112, 13),
(1044, 'Fatehpur Pundri', 112, 13),
(1045, 'Nilokheri', 113, 13),
(1046, 'Indri', 113, 13),
(1047, 'Karnal', 113, 13),
(1048, 'Assandh', 113, 13),
(1049, 'Gharaunda', 113, 13),
(1050, 'Panipat', 119, 13),
(1051, 'Israna', 119, 13),
(1052, 'Samalkha', 119, 13),
(1053, 'Gohana', 123, 13),
(1054, 'Ganaur', 123, 13),
(1055, 'Sonipat', 123, 13),
(1056, 'Kharkhoda', 123, 13),
(1057, 'Narwana', 111, 13),
(1058, 'Jind', 111, 13),
(1059, 'Julana', 111, 13),
(1060, 'Safidon', 111, 13),
(1061, 'Ratia', 107, 13),
(1062, 'Tohana', 107, 13),
(1063, 'Fatehabad', 107, 13),
(1064, 'Dabwali', 122, 13),
(1065, 'Sirsa', 122, 13),
(1066, 'Rania', 122, 13),
(1067, 'Ellenabad', 122, 13),
(1068, 'Adampur', 109, 13),
(1069, 'Hisar', 109, 13),
(1070, 'Narnaund', 109, 13),
(1071, 'Hansi', 109, 13),
(1072, 'Bawani Khera', 105, 13),
(1073, 'Bhiwani', 105, 13),
(1074, 'Tosham', 105, 13),
(1075, 'Siwani', 105, 13),
(1076, 'Loharu', 105, 13),
(1077, 'Dadri', 105, 13),
(1078, 'Badhra', 105, 13),
(1079, 'Maham', 121, 13),
(1080, 'Rohtak', 121, 13),
(1081, 'Sampla', 121, 13),
(1082, 'Beri', 110, 13),
(1083, 'Bahadurgarh', 110, 13),
(1084, 'Jhajjar', 110, 13),
(1085, 'Matenhail', 110, 13),
(1086, 'Mahendragarh', 115, 13),
(1087, 'Narnaul', 115, 13),
(1088, 'Kosli', 120, 13),
(1089, 'Rewari', 120, 13),
(1090, 'Bawal', 120, 13),
(1091, 'Pataudi', 108, 13),
(1092, 'Gurgaon', 108, 13),
(1093, 'Farrukhnagar', 108, 13),
(1094, 'Manesar', 108, 13),
(1095, 'Sohna', 108, 13),
(1096, 'Taoru', 116, 13),
(1097, 'Nuh', 116, 13),
(1098, 'Ferozepur Jhirka', 116, 13),
(1099, 'Punahana', 116, 13),
(1100, 'Faridabad', 106, 13),
(1101, 'Ballabgarh', 106, 13),
(1102, 'Palwal', 117, 13),
(1103, 'Hathin', 117, 13),
(1104, 'Hodal', 117, 13),
(1105, 'Narela', 130, 10),
(1106, 'Saraswati Vihar', 130, 10),
(1107, 'Delhi Cantonment', 132, 10),
(1108, 'Civil Lines', 128, 10),
(1109, 'Sadar Bazar', 128, 10),
(1110, 'Gandhi Nagar', 126, 10),
(1111, 'Kotwali', 128, 10),
(1112, 'Shahdara', 129, 10),
(1113, 'Model Town', 130, 10),
(1114, 'Parliament Street', 127, 10),
(1115, 'Vivek Vihar', 126, 10),
(1116, 'Preet Vihar', 126, 10),
(1117, 'Connaught Place', 127, 10),
(1118, 'Chanakya Puri', 127, 10),
(1119, 'Rajouri Garden', 133, 10),
(1120, 'Darya Ganj', 125, 10),
(1121, 'Pahar Ganj', 125, 10),
(1122, 'Karol Bagh', 125, 10),
(1123, 'Patel Nagar', 133, 10),
(1124, 'Seelam Pur', 129, 10),
(1125, 'Punjabi Bagh', 133, 10),
(1126, 'Najafgarh', 132, 10),
(1127, 'Seema Puri', 129, 10),
(1128, 'Vasant Vihar', 132, 10),
(1129, 'Hauz Khas', 131, 10),
(1130, 'Defence Colony', 131, 10),
(1131, 'Kalkaji', 131, 10),
(1132, 'Karanpur', 148, 29),
(1133, 'Ganganagar', 148, 29),
(1134, 'Sadulshahar', 148, 29),
(1135, 'Padampur', 148, 29),
(1136, 'Raisinghnagar', 148, 29),
(1137, 'Anupgarh', 148, 29),
(1138, 'Gharsana', 148, 29),
(1139, 'Vijainagar', 148, 29),
(1140, 'Suratgarh', 148, 29),
(1141, 'Sangaria', 149, 29),
(1142, 'Tibi', 149, 29),
(1143, 'Hanumangarh', 149, 29),
(1144, 'Pilibanga', 149, 29),
(1145, 'Rawatsar', 149, 29),
(1146, 'Nohar', 149, 29),
(1147, 'Bhadra', 149, 29),
(1148, 'Bikaner', 141, 29),
(1149, 'Poogal', 141, 29),
(1150, 'Lunkaransar', 141, 29),
(1151, 'Kolayat', 141, 29),
(1152, 'Nokha', 141, 29),
(1153, 'Khajuwala', 141, 29),
(1154, 'Chhatargarh', 141, 29),
(1155, 'Sridungargarh', 141, 29),
(1156, 'Taranagar', 144, 29),
(1157, 'Rajgarh', 144, 29),
(1158, 'Sardarshahar', 144, 29),
(1159, 'Churu', 144, 29),
(1160, 'Ratangarh', 144, 29),
(1161, 'Sujangarh', 144, 29),
(1162, 'Jhunjhunun', 154, 29),
(1163, 'Chirawa', 154, 29),
(1164, 'Buhana', 154, 29),
(1165, 'Khetri', 154, 29),
(1166, 'Nawalgarh', 154, 29),
(1167, 'Udaipurwati', 154, 29),
(1168, 'Behror', 135, 29),
(1169, 'Mandawar', 135, 29),
(1170, 'Kotkasim', 135, 29),
(1171, 'Tijara', 135, 29),
(1172, 'Kishangarh Bas', 135, 29),
(1173, 'Ramgarh', 135, 29),
(1174, 'Alwar', 135, 29),
(1175, 'Bansur', 135, 29),
(1176, 'Thanagazi', 135, 29),
(1177, 'Rajgarh', 135, 29),
(1178, 'Lachhmangarh', 135, 29),
(1179, 'Kathumar', 135, 29),
(1180, 'Pahari', 139, 29),
(1181, 'Kaman', 139, 29),
(1182, 'Nagar', 139, 29),
(1183, 'Deeg', 139, 29),
(1184, 'Nadbai', 139, 29),
(1185, 'Kumher', 139, 29),
(1186, 'Bharatpur', 139, 29),
(1187, 'Weir', 139, 29),
(1188, 'Bayana', 139, 29),
(1189, 'Rupbas', 139, 29),
(1190, 'Baseri', 146, 29),
(1191, 'Bari', 146, 29),
(1192, 'Sepau', 146, 29),
(1193, 'Dhaulpur', 146, 29),
(1194, 'Rajakhera', 146, 29),
(1195, 'Todabhim', 156, 29),
(1196, 'Nadoti', 156, 29),
(1197, 'Hindaun', 156, 29),
(1198, 'Karauli', 156, 29),
(1199, 'Mandrail', 156, 29),
(1200, 'Sapotra', 156, 29),
(1201, 'Gangapur', 162, 29),
(1202, 'Bamanwas', 162, 29),
(1203, 'Malarna Doongar', 162, 29),
(1204, 'Bonli', 162, 29),
(1205, 'Chauth Ka Barwara', 162, 29),
(1206, 'Sawai Madhopur', 162, 29),
(1207, 'Khandar', 162, 29),
(1208, 'Baswa', 145, 29),
(1209, 'Mahwa', 145, 29),
(1210, 'Sikrai', 145, 29),
(1211, 'Dausa', 145, 29),
(1212, 'Lalsot', 145, 29),
(1213, 'Kotputli', 150, 29),
(1214, 'Viratnagar', 150, 29),
(1215, 'Shahpura', 150, 29),
(1216, 'Chomu', 150, 29),
(1217, 'Phulera (Sambhar)', 150, 29),
(1218, 'Mauzamabad', 150, 29),
(1219, 'Phagi', 150, 29),
(1220, 'Sanganer', 150, 29),
(1221, 'Jaipur', 150, 29),
(1222, 'Amber', 150, 29),
(1223, 'Jamwa Ramgarh', 150, 29),
(1224, 'Bassi', 150, 29),
(1225, 'Chaksu', 150, 29),
(1226, 'Fatehpur', 163, 29),
(1227, 'Lachhmangarh', 163, 29),
(1228, 'Sikar', 163, 29),
(1229, 'Danta Ramgarh', 163, 29),
(1230, 'Sri Madhopur', 163, 29),
(1231, 'Neem-Ka-Thana', 163, 29),
(1232, 'Ladnu', 158, 29),
(1233, 'Didwana', 158, 29),
(1234, 'Jayal', 158, 29),
(1235, 'Nagaur', 158, 29),
(1236, 'Kheenvsar', 158, 29),
(1237, 'Merta', 158, 29),
(1238, 'Degana', 158, 29),
(1239, 'Parbatsar', 158, 29),
(1240, 'Makrana', 158, 29),
(1241, 'Nawa', 158, 29),
(1242, 'Phalodi', 155, 29),
(1243, 'Osian', 155, 29),
(1244, 'Bhopalgarh', 155, 29),
(1245, 'Jodhpur', 155, 29),
(1246, 'Shergarh', 155, 29),
(1247, 'Luni', 155, 29),
(1248, 'Bilara', 155, 29),
(1249, 'Jaisalmer', 151, 29),
(1250, 'Pokaran', 151, 29),
(1251, 'Fatehgarh', 151, 29),
(1252, 'Sheo', 138, 29),
(1253, 'Baytoo', 138, 29),
(1254, 'Pachpadra', 138, 29),
(1255, 'Siwana', 138, 29),
(1256, 'Gudha Malani', 138, 29),
(1257, 'Barmer', 138, 29),
(1258, 'Ramsar', 138, 29),
(1259, 'Chohtan', 138, 29),
(1260, 'Sayla', 152, 29),
(1261, 'Ahore', 152, 29),
(1262, 'Jalor', 152, 29),
(1263, 'Bhinmal', 152, 29),
(1264, 'Bagora', 152, 29),
(1265, 'Sanchore', 152, 29),
(1266, 'Raniwara', 152, 29),
(1267, 'Sheoganj', 164, 29),
(1268, 'Sirohi', 164, 29),
(1269, 'Pindwara', 164, 29),
(1270, 'Abu Road', 164, 29),
(1271, 'Reodar', 164, 29),
(1272, 'Jaitaran', 159, 29),
(1273, 'Raipur', 159, 29),
(1274, 'Sojat', 159, 29),
(1275, 'Rohat', 159, 29),
(1276, 'Pali', 159, 29),
(1277, 'Marwar Junction', 159, 29),
(1278, 'Desuri', 159, 29),
(1279, 'Sumerpur', 159, 29),
(1280, 'Bali', 159, 29),
(1281, 'Kishangarh', 134, 29),
(1282, 'Ajmer', 134, 29),
(1283, 'Peesangan', 134, 29),
(1284, 'Beawar', 134, 29),
(1285, 'Masuda', 134, 29),
(1286, 'Nasirabad', 134, 29),
(1287, 'Bhinay', 134, 29),
(1288, 'Sarwar', 134, 29),
(1289, 'Kekri', 134, 29),
(1290, 'Malpura', 165, 29),
(1291, 'Peeplu', 165, 29),
(1292, 'Niwai', 165, 29),
(1293, 'Tonk', 165, 29),
(1294, 'Todaraisingh', 165, 29),
(1295, 'Deoli', 165, 29),
(1296, 'Uniara', 165, 29),
(1297, 'Hindoli', 142, 29),
(1298, 'Nainwa', 142, 29),
(1299, 'Indragarh', 142, 29),
(1300, 'Keshoraipatan', 142, 29),
(1301, 'Bundi', 142, 29),
(1302, 'Asind', 140, 29),
(1303, 'Hurda', 140, 29),
(1304, 'Shahpura', 140, 29),
(1305, 'Banera', 140, 29),
(1306, 'Mandal', 140, 29),
(1307, 'Raipur', 140, 29),
(1308, 'Sahara', 140, 29),
(1309, 'Bhilwara', 140, 29),
(1310, 'Kotri', 140, 29),
(1311, 'Jahazpur', 140, 29),
(1312, 'Mandalgarh', 140, 29),
(1313, 'Beejoliya', 140, 29),
(1314, 'Bhim', 161, 29),
(1315, 'Deogarh', 161, 29),
(1316, 'Amet', 161, 29),
(1317, 'Kumbhalgarh', 161, 29),
(1318, 'Rajsamand', 161, 29),
(1319, 'Railmagra', 161, 29),
(1320, 'Nathdwara', 161, 29),
(1321, 'Dungarpur', 147, 29),
(1322, 'Aspur', 147, 29),
(1323, 'Sagwara', 147, 29),
(1324, 'Simalwara', 147, 29),
(1325, 'Ghatol', 136, 29),
(1326, 'Garhi', 136, 29),
(1327, 'Banswara', 136, 29),
(1328, 'Bagidora', 136, 29),
(1329, 'Kushalgarh', 136, 29),
(1330, 'Rashmi', 143, 29),
(1331, 'Gangrar', 143, 29),
(1332, 'Begun', 143, 29),
(1333, 'Rawatbhata', 143, 29),
(1334, 'Chittaurgarh', 143, 29),
(1335, 'Kapasan', 143, 29),
(1336, 'Dungla', 143, 29),
(1337, 'Bhadesar', 143, 29),
(1338, 'Nimbahera', 143, 29),
(1339, 'Bari Sadri', 143, 29),
(1340, 'Pipalda', 157, 29),
(1341, 'Digod', 157, 29),
(1342, 'Ladpura', 157, 29),
(1343, 'Ramganj Mandi', 157, 29),
(1344, 'Sangod', 157, 29),
(1345, 'Mangrol', 137, 29),
(1346, 'Antah', 137, 29),
(1347, 'Baran', 137, 29),
(1348, 'Atru', 137, 29),
(1349, 'Kishanganj', 137, 29),
(1350, 'Shahbad', 137, 29),
(1351, 'Chhabra', 137, 29),
(1352, 'Chhipabarod', 137, 29),
(1353, 'Khanpur', 153, 29),
(1354, 'Jhalrapatan', 153, 29),
(1355, 'Aklera', 153, 29),
(1356, 'Manohar Thana', 153, 29),
(1357, 'Pachpahar', 153, 29),
(1358, 'Pirawa', 153, 29),
(1359, 'Gangdhar', 153, 29),
(1360, 'Mavli', 166, 29),
(1361, 'Gogunda', 166, 29),
(1362, 'Kotra', 166, 29),
(1363, 'Jhadol', 166, 29),
(1364, 'Girwa', 166, 29),
(1365, 'Vallabhnagar', 166, 29),
(1366, 'Lasadiya', 166, 29),
(1367, 'Salumbar', 166, 29),
(1368, 'Sarada', 166, 29),
(1369, 'Rishabhdeo', 166, 29),
(1370, 'Kherwara', 166, 29),
(1371, 'Dhariawad', 160, 29),
(1372, 'Peepalkhoont', 160, 29),
(1373, 'Chhoti Sadri', 160, 29),
(1374, 'Pratapgarh', 160, 29),
(1375, 'Arnod', 160, 29),
(1376, 'Behat', 227, 33),
(1377, 'Saharanpur', 227, 33),
(1378, 'Nakur', 227, 33),
(1379, 'Deoband', 227, 33),
(1380, 'Rampur Maniharan', 227, 33),
(1381, 'Kairana', 222, 33),
(1382, 'Shamli', 222, 33),
(1383, 'Muzaffarnagar', 222, 33),
(1384, 'Budhana', 222, 33),
(1385, 'Khatauli', 222, 33),
(1386, 'Jansath', 222, 33),
(1387, 'Najibabad', 181, 33),
(1388, 'Bijnor', 181, 33),
(1389, 'Nagina', 181, 33),
(1390, 'Dhampur', 181, 33),
(1391, 'Chandpur', 181, 33),
(1392, 'Thakurdwara', 221, 33),
(1393, 'Kanth', 221, 33),
(1394, 'Moradabad', 221, 33),
(1395, 'Bilari', 221, 33),
(1396, 'Sambhal', 221, 33),
(1397, 'Chandausi', 221, 33),
(1398, 'Suar', 226, 33),
(1399, 'Tanda', 226, 33),
(1400, 'Bilaspur', 226, 33),
(1401, 'Rampur', 226, 33),
(1402, 'Shahabad', 226, 33),
(1403, 'Milak', 226, 33),
(1404, 'Dhanaura', 204, 33),
(1405, 'Amroha', 204, 33),
(1406, 'Hasanpur', 204, 33),
(1407, 'Sardhana', 219, 33),
(1408, 'Mawana', 219, 33),
(1409, 'Meerut', 219, 33),
(1410, 'Baraut', 173, 33),
(1411, 'Baghpat', 173, 33),
(1412, 'Khekada', 173, 33),
(1413, 'Modinagar', 194, 33),
(1414, 'Ghaziabad', 194, 33),
(1415, 'Hapur', 194, 33),
(1416, 'Garhmukteshwar', 194, 33),
(1417, 'Dadri', 193, 33),
(1418, 'Gautam Buddha Nagar', 193, 33),
(1419, 'Jewar', 193, 33),
(1420, 'Sikandrabad', 183, 33),
(1421, 'Bulandshahr', 183, 33),
(1422, 'Siana', 183, 33),
(1423, 'Anupshahr', 183, 33),
(1424, 'Debai', 183, 33),
(1425, 'Shikarpur', 183, 33),
(1426, 'Khurja', 183, 33),
(1427, 'Khair', 168, 33),
(1428, 'Gabhana', 168, 33),
(1429, 'Atrauli', 168, 33),
(1430, 'Koil', 168, 33),
(1431, 'Iglas', 168, 33),
(1432, 'Sasni', 200, 33),
(1433, 'Sikandra Rao', 200, 33),
(1434, 'Hathras', 200, 33),
(1435, 'Sadabad', 200, 33),
(1436, 'Chhata', 217, 33),
(1437, 'Mat', 217, 33),
(1438, 'Mahavan', 217, 33),
(1439, 'Mathura', 217, 33),
(1440, 'Etmadpur', 167, 33),
(1441, 'Agra', 167, 33),
(1442, 'Kiraoli', 167, 33),
(1443, 'Kheragarh', 167, 33),
(1444, 'Fatehabad', 167, 33),
(1445, 'Bah', 167, 33),
(1446, 'Tundla', 192, 33),
(1447, 'Firozabad', 192, 33),
(1448, 'Jasrana', 192, 33),
(1449, 'Shikohabad', 192, 33),
(1450, 'Mainpuri', 216, 33),
(1451, 'Karhal', 216, 33),
(1452, 'Bhogaon', 216, 33),
(1453, 'Gunnaur', 182, 33),
(1454, 'Bisauli', 182, 33),
(1455, 'Bilsi', 182, 33),
(1456, 'Sahaswan', 182, 33),
(1457, 'Budaun', 182, 33),
(1458, 'Dataganj', 182, 33),
(1459, 'Baheri', 179, 33),
(1460, 'Meerganj', 179, 33),
(1461, 'Aonla', 179, 33),
(1462, 'Bareilly', 179, 33),
(1463, 'Nawabganj', 179, 33),
(1464, 'Faridpur', 179, 33),
(1465, 'Pilibhit', 223, 33),
(1466, 'Bisalpur', 223, 33),
(1467, 'Puranpur', 223, 33),
(1468, 'Powayan', 230, 33),
(1469, 'Tilhar', 230, 33),
(1470, 'Shahjahanpur', 230, 33),
(1471, 'Jalalabad', 230, 33),
(1472, 'Nighasan', 210, 33),
(1473, 'Palia', 210, 33),
(1474, 'Gola Gokaran Nath', 210, 33),
(1475, 'Mohammdi', 210, 33),
(1476, 'Lakhimpur', 210, 33),
(1477, 'Dhaurahara', 210, 33),
(1478, 'Misrikh', 233, 33),
(1479, 'Sitapur', 233, 33),
(1480, 'Laharpur', 233, 33),
(1481, 'Biswan', 233, 33),
(1482, 'Mahmudabad', 233, 33),
(1483, 'Sidhauli', 233, 33),
(1484, 'Shahabad', 199, 33),
(1485, 'Sawayajpur', 199, 33),
(1486, 'Hardoi', 199, 33),
(1487, 'Bilgram', 199, 33),
(1488, 'Sandila', 199, 33),
(1489, 'Safipur', 236, 33),
(1490, 'Hasanganj', 236, 33),
(1491, 'Unnao', 236, 33),
(1492, 'Purwa', 236, 33),
(1493, 'Bighapur', 236, 33),
(1494, 'Malihabad', 213, 33),
(1495, 'Bakshi Ka Talab', 213, 33),
(1496, 'Lucknow', 213, 33),
(1497, 'Mohanlalganj', 213, 33),
(1498, 'Maharajganj', 225, 33),
(1499, 'Tiloi', 225, 33),
(1500, 'Rae Bareli', 225, 33),
(1501, 'Lalganj', 225, 33),
(1502, 'Dalmau', 225, 33),
(1503, 'Unchahar', 225, 33),
(1504, 'Salon', 225, 33),
(1505, 'Kaimganj', 190, 33),
(1506, 'Amritpur', 190, 33),
(1507, 'Farrukhabad', 190, 33),
(1508, 'Chhibramau', 205, 33),
(1509, 'Kannauj', 205, 33),
(1510, 'Tirwa', 205, 33),
(1511, 'Jaswantnagar', 188, 33),
(1512, 'Saifai', 188, 33),
(1513, 'Etawah', 188, 33),
(1514, 'Bharthana', 188, 33),
(1515, 'Chakarnagar', 188, 33),
(1516, 'Bidhuna', 171, 33),
(1517, 'Auraiya', 171, 33),
(1518, 'Rasulabad', 206, 33),
(1519, 'Derapur', 206, 33),
(1520, 'Akbarpur', 206, 33),
(1521, 'Bhognipur', 206, 33),
(1522, 'Sikandra', 206, 33),
(1523, 'Bilhaur', 207, 33),
(1524, 'Kanpur', 207, 33),
(1525, 'Ghatampur', 207, 33),
(1526, 'Madhogarh', 201, 33),
(1527, 'Jalaun', 201, 33),
(1528, 'Kalpi', 201, 33),
(1529, 'Orai', 201, 33),
(1530, 'Konch', 201, 33),
(1531, 'Moth', 203, 33),
(1532, 'Garautha', 203, 33),
(1533, 'Tahrauli', 203, 33),
(1534, 'Mauranipur', 203, 33),
(1535, 'Jhansi', 203, 33),
(1536, 'Talbehat', 212, 33),
(1537, 'Lalitpur', 212, 33),
(1538, 'Mahroni', 212, 33),
(1539, 'Hamirpur', 198, 33),
(1540, 'Rath', 198, 33),
(1541, 'Sarila', 198, 33),
(1542, 'Maudaha', 198, 33),
(1543, 'Kulpahar', 215, 33),
(1544, 'Charkhari', 215, 33),
(1545, 'Mahoba', 215, 33),
(1546, 'Banda', 177, 33),
(1547, 'Baberu', 177, 33),
(1548, 'Atarra', 177, 33),
(1549, 'Naraini', 177, 33),
(1550, 'Karwi', 185, 33),
(1551, 'Mau', 185, 33),
(1552, 'Bindki', 191, 33),
(1553, 'Fatehpur', 191, 33),
(1554, 'Khaga', 191, 33),
(1555, 'Lalganj', 224, 33),
(1556, 'Kunda', 224, 33),
(1557, 'Pratapgarh', 224, 33),
(1558, 'Patti', 224, 33),
(1559, 'Raniganj', 224, 33),
(1560, 'Sirathu', 209, 33),
(1561, 'Manjhanpur', 209, 33),
(1562, 'Chail', 209, 33),
(1563, 'Soraon', 169, 33),
(1564, 'Phulpur', 169, 33),
(1565, 'Allahabad', 169, 33),
(1566, 'Bara', 169, 33),
(1567, 'Karchhana', 169, 33),
(1568, 'Handia', 169, 33),
(1569, 'Meja', 169, 33),
(1570, 'Koraon', 169, 33),
(1571, 'Fatehpur', 178, 33),
(1572, 'Ramnagar', 178, 33),
(1573, 'Nawabganj', 178, 33),
(1574, 'Sirauli Gauspur', 178, 33),
(1575, 'Ramsanehighat', 178, 33),
(1576, 'Haidergarh', 178, 33),
(1577, 'Rudauli', 189, 33),
(1578, 'Milkipur', 189, 33),
(1579, 'Sohawal', 189, 33),
(1580, 'Faizabad', 189, 33),
(1581, 'Bikapur', 189, 33),
(1582, 'Tanda', 170, 33),
(1583, 'Allapur', 170, 33),
(1584, 'Jalalpur', 170, 33),
(1585, 'Akbarpur', 170, 33),
(1586, 'Bhiti', 170, 33),
(1587, 'Musafirkhana', 235, 33),
(1588, 'Gauriganj', 235, 33),
(1589, 'Amethi', 235, 33),
(1590, 'Sultanpur', 235, 33),
(1591, 'Jaisinghpur', 235, 33),
(1592, 'Lambhua', 235, 33),
(1593, 'Kadipur', 235, 33),
(1594, 'Nanpara', 174, 33),
(1595, 'Mahasi', 174, 33),
(1596, 'Bahraich', 174, 33),
(1597, 'Kaiserganj', 174, 33),
(1598, 'Bhinga', 231, 33),
(1599, 'Ikauna', 231, 33),
(1600, 'Balrampur', 176, 33),
(1601, 'Tulsipur', 176, 33),
(1602, 'Utraula', 176, 33),
(1603, 'Gonda', 196, 33),
(1604, 'Colonelganj', 196, 33),
(1605, 'Tarabganj', 196, 33),
(1606, 'Mankapur', 196, 33),
(1607, 'Shohratgarh', 232, 33),
(1608, 'Naugarh', 232, 33),
(1609, 'Bansi', 232, 33),
(1610, 'Itwa', 232, 33),
(1611, 'Domariyaganj', 232, 33),
(1612, 'Bhanpur', 180, 33),
(1613, 'Harraiya', 180, 33),
(1614, 'Basti', 180, 33),
(1615, 'Rudhauli', 180, 33),
(1616, 'Mehdawal', 228, 33),
(1617, 'Khalilabad', 228, 33),
(1618, 'Ghanghata', 228, 33),
(1619, 'Nautanwa', 214, 33),
(1620, 'Nichlaul', 214, 33),
(1621, 'Pharenda', 214, 33),
(1622, 'Maharajganj', 214, 33),
(1623, 'Campierganj', 197, 33),
(1624, 'Sahjanwa', 197, 33),
(1625, 'Gorakhpur', 197, 33),
(1626, 'Chauri Chaura', 197, 33),
(1627, 'Bansgaon', 197, 33),
(1628, 'Khajni', 197, 33),
(1629, 'Gola', 197, 33),
(1630, 'Padrauna', 211, 33),
(1631, 'Hata', 211, 33),
(1632, 'Kasya', 211, 33),
(1633, 'Tamkuhi Raj', 211, 33),
(1634, 'Deoria', 186, 33),
(1635, 'Rudrapur', 186, 33),
(1636, 'Barhaj', 186, 33),
(1637, 'Salempur', 186, 33),
(1638, 'Bhatpar Rani', 186, 33),
(1639, 'Burhanpur', 172, 33),
(1640, 'Sagri', 172, 33),
(1641, 'Azamgarh', 172, 33),
(1642, 'Nizamabad', 172, 33),
(1643, 'Phulpur', 172, 33),
(1644, 'Lalganj', 172, 33),
(1645, 'Mehnagar', 172, 33),
(1646, 'Ghosi', 218, 33),
(1647, 'Madhuban', 218, 33),
(1648, 'Maunath Bhanjan', 218, 33),
(1649, 'Muhammadabad Gohna', 218, 33),
(1650, 'Belthara Road', 175, 33),
(1651, 'Sikanderpur', 175, 33),
(1652, 'Rasra', 175, 33),
(1653, 'Ballia', 175, 33),
(1654, 'Bansdih', 175, 33),
(1655, 'Bairia', 175, 33),
(1656, 'Shahganj', 202, 33),
(1657, 'Badlapur', 202, 33),
(1658, 'Machhlishahr', 202, 33),
(1659, 'Jaunpur', 202, 33),
(1660, 'Mariahu', 202, 33),
(1661, 'Kerakat', 202, 33),
(1662, 'Jakhania', 195, 33),
(1663, 'Saidpur', 195, 33),
(1664, 'Ghazipur', 195, 33),
(1665, 'Mohammadabad', 195, 33),
(1666, 'Zamania', 195, 33),
(1667, 'Sakaldiha', 184, 33),
(1668, 'Chandauli', 184, 33),
(1669, 'Chakia', 184, 33),
(1670, 'Pindra', 237, 33),
(1671, 'Varanasi', 237, 33),
(1672, 'Bhadohi', 229, 33),
(1673, 'Gyanpur', 229, 33),
(1674, 'Aurai', 229, 33),
(1675, 'Mirzapur', 220, 33),
(1676, 'Lalganj', 220, 33),
(1677, 'Marihan', 220, 33),
(1678, 'Chunar', 220, 33),
(1679, 'Ghorawal', 234, 33),
(1680, 'Robertsganj', 234, 33),
(1681, 'Dudhi', 234, 33),
(1682, 'Aliganj', 187, 33),
(1683, 'Etah', 187, 33),
(1684, 'Jalesar', 187, 33),
(1685, 'Kasganj', 208, 33),
(1686, 'Sahawar', 208, 33),
(1687, 'Patiyali', 208, 33),
(1688, 'Sidhaw', 275, 5),
(1689, 'Ramnagar', 275, 5),
(1690, 'Gaunaha', 275, 5),
(1691, 'Mainatanr', 275, 5),
(1692, 'Narkatiaganj', 275, 5),
(1693, 'Lauriya', 275, 5),
(1694, 'Bagaha', 275, 5),
(1695, 'Piprasi', 275, 5),
(1696, 'Madhubani', 275, 5),
(1697, 'Bhitaha', 275, 5),
(1698, 'Thakrahan', 275, 5),
(1699, 'Jogapatti', 275, 5),
(1700, 'Chanpatia', 275, 5),
(1701, 'Sikta', 275, 5),
(1702, 'Majhaulia', 275, 5),
(1703, 'Bettiah', 275, 5),
(1704, 'Bairia', 275, 5),
(1705, 'Nautan', 275, 5),
(1706, 'Raxaul', 247, 5),
(1707, 'Adapur', 247, 5),
(1708, 'Ramgarhwa', 247, 5),
(1709, 'Sugauli', 247, 5),
(1710, 'Banjaria', 247, 5),
(1711, 'Narkatia', 247, 5),
(1712, 'Bankatwa', 247, 5),
(1713, 'Ghorasahan', 247, 5),
(1714, 'Dhaka', 247, 5),
(1715, 'Chiraia', 247, 5),
(1716, 'Motihari', 247, 5),
(1717, 'Turkaulia', 247, 5),
(1718, 'Harsidhi', 247, 5),
(1719, 'Paharpur', 247, 5),
(1720, 'Areraj', 247, 5),
(1721, 'Sangrampur', 247, 5),
(1722, 'Kesaria', 247, 5),
(1723, 'Kalyanpur', 247, 5),
(1724, 'Kotwa', 247, 5),
(1725, 'Piprakothi', 247, 5),
(1726, 'Chakia (Pipra)', 247, 5),
(1727, 'Pakri Dayal', 247, 5),
(1728, 'Patahi', 247, 5),
(1729, 'Phenhara', 247, 5),
(1730, 'Madhuban', 247, 5),
(1731, 'Tetaria', 247, 5),
(1732, 'Mehsi', 247, 5),
(1733, 'Purnahiya', 270, 5),
(1734, 'Piprarhi', 270, 5),
(1735, 'Sheohar', 270, 5),
(1736, 'Dumri Katsari', 270, 5),
(1737, 'Tariani Chowk', 270, 5),
(1738, 'Bairgania', 271, 5),
(1739, 'Suppi', 271, 5),
(1740, 'Majorganj', 271, 5),
(1741, 'Sonbarsa', 271, 5),
(1742, 'Parihar', 271, 5),
(1743, 'Sursand', 271, 5),
(1744, 'Bathnaha', 271, 5),
(1745, 'Riga', 271, 5),
(1746, 'Parsauni', 271, 5),
(1747, 'Belsand', 271, 5),
(1748, 'Runisaidpur', 271, 5),
(1749, 'Dumra', 271, 5),
(1750, 'Bajpatti', 271, 5),
(1751, 'Charaut', 271, 5),
(1752, 'Pupri', 271, 5),
(1753, 'Nanpur', 271, 5),
(1754, 'Bokhara', 271, 5),
(1755, 'Madhwapur', 258, 5),
(1756, 'Harlakhi', 258, 5),
(1757, 'Basopatti', 258, 5),
(1758, 'Jainagar', 258, 5),
(1759, 'Ladania', 258, 5),
(1760, 'Laukaha', 258, 5),
(1761, 'Laukahi', 258, 5),
(1762, 'Phulparas', 258, 5),
(1763, 'Babubarhi', 258, 5),
(1764, 'Khajauli', 258, 5),
(1765, 'Kaluahi', 258, 5),
(1766, 'Benipatti', 258, 5),
(1767, 'Bisfi', 258, 5),
(1768, 'Madhubani', 258, 5),
(1769, 'Pandaul', 258, 5),
(1770, 'Rajnagar', 258, 5),
(1771, 'Andhratharhi', 258, 5),
(1772, 'Jhanjharpur', 258, 5),
(1773, 'Ghoghardiha', 258, 5),
(1774, 'Lakhnaur', 258, 5),
(1775, 'Madhepur', 258, 5),
(1776, 'Nirmali', 273, 5),
(1777, 'Basantpur', 273, 5),
(1778, 'Chhatapur', 273, 5),
(1779, 'Pratapganj', 273, 5),
(1780, 'Raghopur', 273, 5),
(1781, 'Saraigarh Bhaptiyahi', 273, 5),
(1782, 'Kishanpur', 273, 5),
(1783, 'Marauna', 273, 5),
(1784, 'Supaul', 273, 5),
(1785, 'Pipra', 273, 5),
(1786, 'Tribeniganj', 273, 5),
(1787, 'Narpatganj', 238, 5),
(1788, 'Forbesganj', 238, 5),
(1789, 'Bhargama', 238, 5),
(1790, 'Raniganj', 238, 5),
(1791, 'Araria', 238, 5),
(1792, 'Kursakatta', 238, 5),
(1793, 'Sikti', 238, 5),
(1794, 'Palasi', 238, 5),
(1795, 'Jokihat', 238, 5),
(1796, 'Terhagachh', 255, 5),
(1797, 'Dighalbank', 255, 5),
(1798, 'Thakurganj', 255, 5),
(1799, 'Pothia', 255, 5),
(1800, 'Bahadurganj', 255, 5),
(1801, 'Kochadhamin', 255, 5),
(1802, 'Kishanganj', 255, 5),
(1803, 'Banmankhi', 264, 5),
(1804, 'Barhara', 264, 5),
(1805, 'Bhawanipur', 264, 5),
(1806, 'Rupauli', 264, 5),
(1807, 'Dhamdaha', 264, 5),
(1808, 'Krityanand Nagar', 264, 5),
(1809, 'Purnia East', 264, 5),
(1810, 'Kasba', 264, 5),
(1811, 'Srinagar', 264, 5),
(1812, 'Jalalgarh', 264, 5),
(1813, 'Amour', 264, 5),
(1814, 'Baisa', 264, 5),
(1815, 'Baisi', 264, 5),
(1816, 'Dagarua', 264, 5),
(1817, 'Falka', 253, 5),
(1818, 'Korha', 253, 5),
(1819, 'Hasanganj', 253, 5),
(1820, 'Kadwa', 253, 5),
(1821, 'Balrampur', 253, 5),
(1822, 'Barsoi', 253, 5),
(1823, 'Azamnagar', 253, 5),
(1824, 'Pranpur', 253, 5),
(1825, 'Dandkhora', 253, 5),
(1826, 'Katihar', 253, 5),
(1827, 'Mansahi', 253, 5),
(1828, 'Barari', 253, 5),
(1829, 'Sameli', 253, 5),
(1830, 'Kursela', 253, 5),
(1831, 'Manihari', 253, 5),
(1832, 'Amdabad', 253, 5),
(1833, 'Gamharia', 257, 5),
(1834, 'Singheshwar', 257, 5),
(1835, 'Ghailarh', 257, 5),
(1836, 'Madhepura', 257, 5),
(1837, 'Shankarpur', 257, 5),
(1838, 'Kumarkhand', 257, 5),
(1839, 'Murliganj', 257, 5),
(1840, 'Gwalpara', 257, 5),
(1841, 'Bihariganj', 257, 5),
(1842, 'Kishanganj', 257, 5),
(1843, 'Puraini', 257, 5),
(1844, 'Alamnagar', 257, 5),
(1845, 'Chausa', 257, 5),
(1846, 'Nauhatta', 266, 5),
(1847, 'Satar Kataiya', 266, 5),
(1848, 'Mahishi', 266, 5),
(1849, 'Kahara', 266, 5),
(1850, 'Saur Bazar', 266, 5),
(1851, 'Patarghat', 266, 5),
(1852, 'Sonbarsa', 266, 5),
(1853, 'Simri Bakhtiarpur', 266, 5),
(1854, 'Salkhua', 266, 5),
(1855, 'Banma Itahri', 266, 5),
(1856, 'Jale', 246, 5),
(1857, 'Singhwara', 246, 5),
(1858, 'Keotiranway', 246, 5),
(1859, 'Darbhanga', 246, 5),
(1860, 'Manigachhi', 246, 5),
(1861, 'Tardih', 246, 5),
(1862, 'Alinagar', 246, 5),
(1863, 'Benipur', 246, 5),
(1864, 'Bahadurpur', 246, 5),
(1865, 'Hanumannagar', 246, 5),
(1866, 'Hayaghat', 246, 5),
(1867, 'Baheri', 246, 5),
(1868, 'Biraul', 246, 5),
(1869, 'Ghanshyampur', 246, 5),
(1870, 'Kiratpur', 246, 5),
(1871, 'Gora Bauram', 246, 5),
(1872, 'Kusheshwar Asthan', 246, 5),
(1873, 'Kusheshwar Asthan Purbi', 246, 5),
(1874, 'Sahebganj', 260, 5),
(1875, 'Baruraj (Motipur)', 260, 5),
(1876, 'Paroo', 260, 5),
(1877, 'Saraiya', 260, 5),
(1878, 'Marwan', 260, 5),
(1879, 'Kanti', 260, 5),
(1880, 'Minapur', 260, 5),
(1881, 'Bochaha', 260, 5),
(1882, 'Aurai', 260, 5),
(1883, 'Katra', 260, 5),
(1884, 'Gaighat', 260, 5),
(1885, 'Bandra', 260, 5),
(1886, 'Dholi (Moraul)', 260, 5),
(1887, 'Musahri', 260, 5),
(1888, 'Kurhani', 260, 5),
(1889, 'Sakra', 260, 5),
(1890, 'Katiya', 249, 5),
(1891, 'Bijaipur', 249, 5),
(1892, 'Bhorey', 249, 5),
(1893, 'Pach Deuri', 249, 5),
(1894, 'Kuchaikote', 249, 5),
(1895, 'Phulwaria', 249, 5),
(1896, 'Hathua', 249, 5),
(1897, 'Uchkagaon', 249, 5),
(1898, 'Thawe', 249, 5),
(1899, 'Gopalganj', 249, 5),
(1900, 'Manjha', 249, 5),
(1901, 'Barauli', 249, 5),
(1902, 'Sidhwalia', 249, 5),
(1903, 'Baikunthpur', 249, 5),
(1904, 'Nautan', 272, 5),
(1905, 'Siwan', 272, 5),
(1906, 'Barharia', 272, 5),
(1907, 'Goriakothi', 272, 5),
(1908, 'Lakri Nabiganj', 272, 5),
(1909, 'Basantpur', 272, 5),
(1910, 'Bhagwanpur Hat', 272, 5),
(1911, 'Maharajganj', 272, 5),
(1912, 'Pachrukhi', 272, 5),
(1913, 'Hussainganj', 272, 5),
(1914, 'Ziradei', 272, 5),
(1915, 'Mairwa', 272, 5),
(1916, 'Guthani', 272, 5),
(1917, 'Darauli', 272, 5),
(1918, 'Andar', 272, 5),
(1919, 'Raghunathpur', 272, 5),
(1920, 'Hasanpura', 272, 5),
(1921, 'Daraundha', 272, 5),
(1922, 'Siswan', 272, 5),
(1923, 'Mashrakh', 268, 5),
(1924, 'Panapur', 268, 5),
(1925, 'Taraiya', 268, 5),
(1926, 'Ishupur', 268, 5),
(1927, 'Baniapur', 268, 5),
(1928, 'Lahladpur', 268, 5),
(1929, 'Ekma', 268, 5),
(1930, 'Manjhi', 268, 5),
(1931, 'Jalalpur', 268, 5),
(1932, 'Revelganj', 268, 5),
(1933, 'Chapra', 268, 5),
(1934, 'Nagra', 268, 5),
(1935, 'Marhaura', 268, 5),
(1936, 'Amnour', 268, 5),
(1937, 'Maker', 268, 5),
(1938, 'Parsa', 268, 5),
(1939, 'Dariapur', 268, 5),
(1940, 'Garkha', 268, 5),
(1941, 'Dighwara', 268, 5),
(1942, 'Sonepur', 268, 5),
(1943, 'Vaishali', 274, 5),
(1944, 'Paterhi Belsar', 274, 5),
(1945, 'Lalganj', 274, 5),
(1946, 'Bhagwanpur', 274, 5),
(1947, 'Goraul', 274, 5),
(1948, 'Chehra Kalan', 274, 5),
(1949, 'Patepur', 274, 5),
(1950, 'Mahua', 274, 5),
(1951, 'Jandaha', 274, 5),
(1952, 'Raja Pakar', 274, 5),
(1953, 'Hajipur', 274, 5),
(1954, 'Raghopur', 274, 5),
(1955, 'Bidupur', 274, 5),
(1956, 'Desri', 274, 5),
(1957, 'Sahdai Buzurg', 274, 5),
(1958, 'Mahnar', 274, 5),
(1959, 'Kalyanpur', 267, 5),
(1960, 'Warisnagar', 267, 5),
(1961, 'Shivaji Nagar', 267, 5),
(1962, 'Khanpur', 267, 5),
(1963, 'Samastipur', 267, 5),
(1964, 'Pusa', 267, 5),
(1965, 'Tajpur', 267, 5),
(1966, 'Morwa', 267, 5),
(1967, 'Patori', 267, 5),
(1968, 'Mohanpur', 267, 5),
(1969, 'Mohiuddinagar', 267, 5),
(1970, 'Sarairanjan', 267, 5),
(1971, 'Vidyapati Nagar', 267, 5),
(1972, 'Dalsinghsarai', 267, 5),
(1973, 'Ujiarpur', 267, 5),
(1974, 'Bibhutpur', 267, 5),
(1975, 'Rosera', 267, 5),
(1976, 'Singhia', 267, 5),
(1977, 'Hasanpur', 267, 5),
(1978, 'Bithan', 267, 5),
(1979, 'Khudabandpur', 242, 5),
(1980, 'Chhorahi', 242, 5),
(1981, 'Garhpura', 242, 5),
(1982, 'Cheria Bariarpur', 242, 5),
(1983, 'Bhagwanpur', 242, 5),
(1984, 'Mansurchak', 242, 5),
(1985, 'Bachhwara', 242, 5),
(1986, 'Teghra', 242, 5),
(1987, 'Barauni', 242, 5),
(1988, 'Birpur', 242, 5),
(1989, 'Begusarai', 242, 5),
(1990, 'Naokothi', 242, 5),
(1991, 'Bakhri', 242, 5),
(1992, 'Dandari', 242, 5),
(1993, 'Sahebpur Kamal', 242, 5),
(1994, 'Balia', 242, 5),
(1995, 'Matihani', 242, 5),
(1996, 'Shamho Akha Kurha', 242, 5),
(1997, 'Alauli', 254, 5),
(1998, 'Khagaria', 254, 5),
(1999, 'Mansi', 254, 5),
(2000, 'Chautham', 254, 5),
(2001, 'Beldaur', 254, 5),
(2002, 'Gogri', 254, 5),
(2003, 'Parbatta', 254, 5),
(2004, 'Narayanpur', 243, 5),
(2005, 'Bihpur', 243, 5),
(2006, 'Kharik', 243, 5),
(2007, 'Naugachhia', 243, 5),
(2008, 'Rangra Chowk', 243, 5),
(2009, 'Gopalpur', 243, 5),
(2010, 'Pirpainti', 243, 5),
(2011, 'Colgong', 243, 5),
(2012, 'Ismailpur', 243, 5),
(2013, 'Sabour', 243, 5),
(2014, 'Nathnagar', 243, 5),
(2015, 'Sultanganj', 243, 5),
(2016, 'Shahkund', 243, 5),
(2017, 'Goradih', 243, 5),
(2018, 'Jagdishpur', 243, 5),
(2019, 'Sonhaula', 243, 5),
(2020, 'Shambhuganj', 241, 5),
(2021, 'Amarpur', 241, 5),
(2022, 'Rajaun', 241, 5),
(2023, 'Dhuraiya', 241, 5),
(2024, 'Barahat', 241, 5),
(2025, 'Banka', 241, 5),
(2026, 'Phulidumar', 241, 5),
(2027, 'Belhar', 241, 5),
(2028, 'Chanan', 241, 5),
(2029, 'Katoria', 241, 5),
(2030, 'Bausi', 241, 5),
(2031, 'Munger', 259, 5),
(2032, 'Bariarpur', 259, 5),
(2033, 'Jamalpur', 259, 5),
(2034, 'Dharhara', 259, 5),
(2035, 'Kharagpur', 259, 5),
(2036, 'Asarganj', 259, 5),
(2037, 'Tarapur', 259, 5),
(2038, 'Tetiha Bambor', 259, 5),
(2039, 'Sangrampur', 259, 5),
(2040, 'Barahiya', 256, 5),
(2041, 'Pipariya', 256, 5),
(2042, 'Surajgarha', 256, 5),
(2043, 'Lakhisarai', 256, 5),
(2044, 'Chanan*', 256, 5),
(2045, 'Ramgarh Chowk', 256, 5),
(2046, 'Halsi', 256, 5),
(2047, 'Barbigha', 269, 5),
(2048, 'Shekhopur Sarai', 269, 5),
(2049, 'Sheikhpura', 269, 5),
(2050, 'Ghat Kusumbha', 269, 5),
(2051, 'Chewara', 269, 5),
(2052, 'Ariari', 269, 5),
(2053, 'Karai Parsurai', 261, 5),
(2054, 'Nagar Nausa', 261, 5),
(2055, 'Harnaut', 261, 5),
(2056, 'Chandi', 261, 5),
(2057, 'Rahui', 261, 5),
(2058, 'Bind', 261, 5),
(2059, 'Sarmera', 261, 5),
(2060, 'Asthawan', 261, 5),
(2061, 'Bihar', 261, 5),
(2062, 'Noorsarai', 261, 5),
(2063, 'Tharthari', 261, 5),
(2064, 'Parbalpur', 261, 5),
(2065, 'Hilsa', 261, 5),
(2066, 'Ekangarsarai', 261, 5),
(2067, 'Islampur', 261, 5),
(2068, 'Ben', 261, 5),
(2069, 'Rajgir', 261, 5),
(2070, 'Silao', 261, 5),
(2071, 'Giriak', 261, 5),
(2072, 'Katrisarai', 261, 5),
(2073, 'Maner', 263, 5),
(2074, 'Dinapur-Cum-Khagaul', 263, 5),
(2075, 'Patna Rural', 263, 5),
(2076, 'Sampatchak', 263, 5),
(2077, 'Phulwari', 263, 5),
(2078, 'Bihta', 263, 5),
(2079, 'Naubatpur', 263, 5),
(2080, 'Bikram', 263, 5),
(2081, 'Dulhin Bazar', 263, 5),
(2082, 'Paliganj', 263, 5),
(2083, 'Masaurhi', 263, 5),
(2084, 'Dhanarua', 263, 5),
(2085, 'Punpun', 263, 5),
(2086, 'Fatwah', 263, 5),
(2087, 'Daniawan', 263, 5),
(2088, 'Khusrupur', 263, 5),
(2089, 'Bakhtiarpur', 263, 5),
(2090, 'Athmalgola', 263, 5),
(2091, 'Belchhi', 263, 5),
(2092, 'Barh', 263, 5),
(2093, 'Pandarak', 263, 5),
(2094, 'Ghoswari', 263, 5),
(2095, 'Mokameh', 263, 5),
(2096, 'Shahpur', 244, 5),
(2097, 'Arrah', 244, 5),
(2098, 'Barhara', 244, 5),
(2099, 'Koilwar', 244, 5),
(2100, 'Sandesh', 244, 5),
(2101, 'Udwant Nagar', 244, 5),
(2102, 'Behea', 244, 5),
(2103, 'Jagdishpur', 244, 5),
(2104, 'Piro', 244, 5),
(2105, 'Charpokhari', 244, 5),
(2106, 'Garhani', 244, 5),
(2107, 'Agiaon', 244, 5),
(2108, 'Tarari', 244, 5),
(2109, 'Sahar', 244, 5),
(2110, 'Simri', 245, 5),
(2111, 'Chakki', 245, 5),
(2112, 'Barhampur', 245, 5),
(2113, 'Chaugain', 245, 5),
(2114, 'Kesath', 245, 5),
(2115, 'Dumraon', 245, 5),
(2116, 'Buxar', 245, 5),
(2117, 'Chausa', 245, 5),
(2118, 'Rajpur', 245, 5),
(2119, 'Itarhi', 245, 5),
(2120, 'Nawanagar', 245, 5),
(2121, 'Ramgarh', 252, 5),
(2122, 'Nuaon', 252, 5),
(2123, 'Kudra', 252, 5),
(2124, 'Mohania', 252, 5),
(2125, 'Durgawati', 252, 5),
(2126, 'Chand', 252, 5),
(2127, 'Chainpur', 252, 5),
(2128, 'Bhabua', 252, 5),
(2129, 'Rampur', 252, 5),
(2130, 'Bhagwanpur', 252, 5),
(2131, 'Adhaura', 252, 5),
(2132, 'Kochas', 265, 5),
(2133, 'Dinara', 265, 5),
(2134, 'Dawath', 265, 5),
(2135, 'Suryapura', 265, 5),
(2136, 'Bikramganj', 265, 5),
(2137, 'Karakat', 265, 5),
(2138, 'Nasriganj', 265, 5),
(2139, 'Rajpur', 265, 5),
(2140, 'Sanjhauli', 265, 5),
(2141, 'Nokha', 265, 5),
(2142, 'Kargahar', 265, 5),
(2143, 'Chenari', 265, 5),
(2144, 'Nauhatta', 265, 5),
(2145, 'Sheosagar', 265, 5),
(2146, 'Sasaram', 265, 5),
(2147, 'Akorhi Gola', 265, 5),
(2148, 'Dehri', 265, 5),
(2149, 'Tilouthu', 265, 5),
(2150, 'Rohtas', 265, 5),
(2151, 'Daudnagar', 240, 5),
(2152, 'Haspura', 240, 5),
(2153, 'Goh', 240, 5),
(2154, 'Rafiganj', 240, 5),
(2155, 'Obra', 240, 5),
(2156, 'Aurangabad', 240, 5),
(2157, 'Barun', 240, 5),
(2158, 'Nabinagar', 240, 5),
(2159, 'Kutumba', 240, 5),
(2160, 'Deo', 240, 5),
(2161, 'Madanpur', 240, 5),
(2162, 'Konch', 248, 5),
(2163, 'Tikari', 248, 5),
(2164, 'Belaganj', 248, 5),
(2165, 'Khizirsarai', 248, 5),
(2166, 'Neem Chak Bathani', 248, 5),
(2167, 'Muhra', 248, 5),
(2168, 'Atri', 248, 5),
(2169, 'Manpur', 248, 5),
(2170, 'Gaya Town C.D.Block', 248, 5),
(2171, 'Paraiya', 248, 5),
(2172, 'Guraru', 248, 5),
(2173, 'Gurua', 248, 5),
(2174, 'Amas', 248, 5),
(2175, 'Banke Bazar', 248, 5),
(2176, 'Imamganj', 248, 5),
(2177, 'Dumaria', 248, 5),
(2178, 'Sherghati', 248, 5),
(2179, 'Dobhi', 248, 5),
(2180, 'Bodh Gaya', 248, 5),
(2181, 'Tan Kuppa', 248, 5),
(2182, 'Wazirganj', 248, 5),
(2183, 'Fatehpur', 248, 5),
(2184, 'Mohanpur', 248, 5),
(2185, 'Barachatti', 248, 5),
(2186, 'Nardiganj', 262, 5),
(2187, 'Nawada', 262, 5),
(2188, 'Warisaliganj', 262, 5),
(2189, 'Kashi Chak', 262, 5),
(2190, 'Pakribarawan', 262, 5),
(2191, 'Kawakol', 262, 5),
(2192, 'Roh', 262, 5),
(2193, 'Gobindpur', 262, 5),
(2194, 'Akbarpur', 262, 5),
(2195, 'Hisua', 262, 5),
(2196, 'Narhat', 262, 5),
(2197, 'Meskaur', 262, 5),
(2198, 'Sirdala', 262, 5),
(2199, 'Rajauli', 262, 5),
(2200, 'Islamnagar Aliganj', 250, 5),
(2201, 'Sikandra', 250, 5),
(2202, 'Jamui', 250, 5),
(2203, 'Barhat', 250, 5),
(2204, 'Lakshmipur', 250, 5),
(2205, 'Jhajha', 250, 5),
(2206, 'Gidhaur', 250, 5),
(2207, 'Khaira', 250, 5),
(2208, 'Sono', 250, 5),
(2209, 'Chakai', 250, 5),
(2210, 'Ratni Faridpur', 251, 5),
(2211, 'Jehanabad', 251, 5),
(2212, 'Kako', 251, 5),
(2213, 'Modanganj', 251, 5),
(2214, 'Ghoshi', 251, 5),
(2215, 'Makhdumpur', 251, 5),
(2216, 'Hulasganj', 251, 5),
(2217, 'Arwal', 239, 5),
(2218, 'Kaler', 239, 5),
(2219, 'Karpi', 239, 5),
(2220, 'Sonbhadra Banshi Suryapur', 239, 5),
(2221, 'Kurtha', 239, 5),
(2222, 'Chungthang', 277, 30),
(2223, 'Mangan', 277, 30),
(2224, 'Gyalshing', 279, 30),
(2225, 'Soreng', 279, 30),
(2226, 'Namchi', 278, 30),
(2227, 'Ravong', 278, 30),
(2228, 'Gangtok', 276, 30),
(2229, 'Pakyong', 276, 30),
(2230, 'Rongli', 276, 30),
(2231, 'Zemithang', 290, 3),
(2232, 'Lumla', 290, 3),
(2233, 'Dudunghar', 290, 3),
(2234, 'Tawang Circle', 290, 3),
(2235, 'Kitpi Circle', 290, 3),
(2236, 'Jang', 290, 3),
(2237, 'Lhou', 290, 3),
(2238, 'Mukto Circle', 290, 3),
(2239, 'Bongkhar', 290, 3),
(2240, 'Thingbu', 290, 3),
(2241, 'Dirang', 294, 3),
(2242, 'Thembang', 294, 3),
(2243, 'Nafra', 294, 3),
(2244, 'Bomdila', 294, 3),
(2245, 'Kalaktang', 294, 3),
(2246, 'Shergaon', 294, 3),
(2247, 'Rupa', 294, 3),
(2248, 'Singchung', 294, 3),
(2249, 'Jamiri', 294, 3),
(2250, 'Thrizino', 294, 3),
(2251, 'Bhalukpong', 294, 3),
(2252, 'Kamengbari-Doimara', 294, 3),
(2253, 'Balemu', 294, 3),
(2254, 'Seijosa', 283, 3),
(2255, 'Dissing-Passo', 283, 3),
(2256, 'Pakke-Kessang', 283, 3),
(2257, 'Pizirang(Veo)', 283, 3),
(2258, 'Richukrong', 283, 3),
(2259, 'Seppa', 283, 3),
(2260, 'Lada', 283, 3),
(2261, 'Bameng', 283, 3),
(2262, 'Pipu-Dipu', 283, 3),
(2263, 'Gyawe Purang', 283, 3),
(2264, 'Khenewa', 283, 3),
(2265, 'Chayangtajo', 283, 3),
(2266, 'Sawa', 283, 3),
(2267, 'Balijan', 289, 3),
(2268, 'Banderdawa', 289, 3),
(2269, 'Sangdupota (Besar Nello)', 289, 3),
(2270, 'Taraso', 289, 3),
(2271, 'Itanagar', 289, 3),
(2272, 'Naharlagun', 289, 3),
(2273, 'Doimukh', 289, 3),
(2274, 'Gumto', 289, 3),
(2275, 'Toru', 289, 3),
(2276, 'Sagalee', 289, 3),
(2277, 'Parang', 289, 3),
(2278, 'Leporiang', 289, 3),
(2279, 'Mengio', 289, 3),
(2280, 'Kimin', 289, 3),
(2281, 'Kakoi', 289, 3),
(2282, 'Taksing', 293, 3),
(2283, 'Limeking', 293, 3),
(2284, 'Nacho', 293, 3),
(2285, 'Siyum', 293, 3),
(2286, 'Taliha', 293, 3),
(2287, 'Payeng', 293, 3),
(2288, 'Giba', 293, 3),
(2289, 'Chetam (Peer Yapu)', 293, 3),
(2290, 'Daporijo', 293, 3),
(2291, 'Puchi Geko', 293, 3),
(2292, 'Dumporijo', 293, 3),
(2293, 'Gussar', 293, 3),
(2294, 'Gite-Ripa', 293, 3),
(2295, 'Baririjo', 293, 3),
(2296, 'Maro', 293, 3),
(2297, 'Mechuka', 295, 3),
(2298, 'Monigong', 295, 3),
(2299, 'Pidi', 295, 3),
(2300, 'Payum', 295, 3),
(2301, 'Tato', 295, 3),
(2302, 'Kaying', 295, 3),
(2303, 'Darak', 295, 3),
(2304, 'Kamba', 295, 3),
(2305, 'Rumgong', 295, 3),
(2306, 'Jomlo Mobuk', 295, 3),
(2307, 'Liromoba', 295, 3),
(2308, 'Yomcha', 295, 3),
(2309, 'Aalo', 295, 3),
(2310, 'Tirbin', 295, 3),
(2311, 'Basar', 295, 3),
(2312, 'Daring', 295, 3),
(2313, 'Gensi', 295, 3),
(2314, 'Sibe', 295, 3),
(2315, 'Likabali', 295, 3),
(2316, 'Kangku', 295, 3),
(2317, 'Bagra', 295, 3),
(2318, 'Boleng', 284, 3),
(2319, 'Riga', 284, 3),
(2320, 'Pangin', 284, 3),
(2321, 'Kebang', 284, 3),
(2322, 'Rebo-Perging', 284, 3),
(2323, 'Koyu', 284, 3),
(2324, 'Kora', 284, 3),
(2325, 'Nari', 284, 3),
(2326, 'New Seren', 284, 3),
(2327, 'Bilat', 284, 3),
(2328, 'Ruksin', 284, 3),
(2329, 'Sille-Oyan', 284, 3),
(2330, 'Pasighat', 284, 3),
(2331, 'Mebo', 284, 3),
(2332, 'Namsing', 284, 3),
(2333, 'Tuting', 292, 3),
(2334, 'Migging', 292, 3),
(2335, 'Palling', 292, 3),
(2336, 'Gelling', 292, 3),
(2337, 'Singa', 292, 3),
(2338, 'Yingkiong', 292, 3),
(2339, 'Jengging', 292, 3),
(2340, 'Geku', 292, 3),
(2341, 'Mariyang', 292, 3),
(2342, 'Mopom ( Adipasi )', 292, 3),
(2343, 'Katan', 292, 3),
(2344, 'Khimiyong', 281, 3),
(2345, 'Yatdam', 281, 3),
(2346, 'Changlang', 281, 3),
(2347, 'Namtok', 281, 3),
(2348, 'Manmao', 281, 3),
(2349, 'Renuk', 281, 3),
(2350, 'Lyngok-Longtoi', 281, 3),
(2351, 'Nampong', 281, 3),
(2352, 'Tikhak Rima Putok', 281, 3),
(2353, 'Jairampur', 281, 3),
(2354, 'Vijoynagar', 281, 3),
(2355, 'Miao', 281, 3),
(2356, 'Kharsang', 281, 3),
(2357, 'Diyun', 281, 3),
(2358, 'Bordumsa', 281, 3),
(2359, 'Namsang', 291, 3),
(2360, 'Soha', 291, 3),
(2361, 'Khonsa', 291, 3),
(2362, 'Dadam', 291, 3),
(2363, 'Kanubari', 291, 3),
(2364, 'Lawnu', 291, 3),
(2365, 'Longding', 291, 3),
(2366, 'Pumao', 291, 3),
(2367, 'Pangchao', 291, 3),
(2368, 'Wakka', 291, 3),
(2369, 'Laju', 291, 3),
(2370, 'Ziro (Sadar)', 288, 3),
(2371, 'Old Ziro', 288, 3),
(2372, 'Yachuli', 288, 3),
(2373, 'Yazali', 288, 3),
(2374, 'Pistana', 288, 3),
(2375, 'Kamporijo', 288, 3),
(2376, 'Dollungmukh', 288, 3),
(2377, 'Raga', 288, 3),
(2378, 'Palin', 285, 3),
(2379, 'Yangte', 285, 3),
(2380, 'Sangram', 285, 3),
(2381, 'Nyapin', 285, 3),
(2382, 'Phassang', 285, 3),
(2383, 'Koloriang', 285, 3),
(2384, 'Chambang', 285, 3),
(2385, 'Gangte', 285, 3),
(2386, 'Tarak-Lengdi', 285, 3),
(2387, 'Sarli', 285, 3),
(2388, 'Parsi-Parlo', 285, 3),
(2389, 'Damin', 285, 3),
(2390, 'Longding Koling (Pipsorang)', 285, 3),
(2391, 'Tali', 285, 3),
(2392, 'Mipi', 282, 3),
(2393, 'Anini', 282, 3),
(2394, 'Etalin', 282, 3),
(2395, 'Anelih', 282, 3),
(2396, 'Kronli (Arzoo Circle)', 282, 3),
(2397, 'Hunli', 287, 3),
(2398, 'Desali', 287, 3),
(2399, 'Roing', 287, 3),
(2400, 'Dambuk', 287, 3),
(2401, 'Tinali ( Paglam )', 287, 3),
(2402, 'Koronu', 287, 3),
(2403, 'Sunpura', 286, 3),
(2404, 'Tezu', 286, 3),
(2405, 'Wakro', 286, 3),
(2406, 'Chongkham', 286, 3),
(2407, 'Namsai', 286, 3),
(2408, 'Lathao', 286, 3),
(2409, 'Piyong', 286, 3),
(2410, 'Lekang (Mahadevpur)', 286, 3),
(2411, 'Hayuliang', 280, 3),
(2412, 'Manchal', 280, 3),
(2413, 'Goiliang', 280, 3),
(2414, 'Chaglagam', 280, 3),
(2415, 'Metengliang', 280, 3),
(2416, 'Kibithoo', 280, 3),
(2417, 'Walong', 280, 3),
(2418, 'Hawai', 280, 3),
(2419, 'Naginimora', 301, 25),
(2420, 'Tizit', 301, 25),
(2421, 'Hunta', 301, 25),
(2422, 'Shangnyu', 301, 25),
(2423, 'Mon Sadar', 301, 25),
(2424, 'Wakching', 301, 25),
(2425, 'Aboi', 301, 25),
(2426, 'Longshen', 301, 25),
(2427, 'Phomching', 301, 25),
(2428, 'Chen', 301, 25),
(2429, 'Angjangyang', 301, 25),
(2430, 'Mopong', 301, 25),
(2431, 'Tobu', 301, 25),
(2432, 'Monyakshu', 301, 25),
(2433, 'Longchem', 300, 25),
(2434, 'Alongkima', 300, 25),
(2435, 'Tuli', 300, 25),
(2436, 'Changtongya', 300, 25),
(2437, 'Chuchuyimlang', 300, 25),
(2438, 'Kubolong', 300, 25),
(2439, 'Mangkolemba', 300, 25),
(2440, 'Merangmen', 300, 25),
(2441, 'Ongpangkong', 300, 25),
(2442, 'V.K.', 306, 25),
(2443, 'Akuluto', 306, 25),
(2444, 'Suruhuto', 306, 25),
(2445, 'Asuto', 306, 25),
(2446, 'Aghunato', 306, 25),
(2447, 'Zunheboto Sadar', 306, 25),
(2448, 'Atoizu', 306, 25),
(2449, 'Akuhaito', 306, 25),
(2450, 'Pughoboto', 306, 25),
(2451, 'Ghathashi', 306, 25),
(2452, 'Satakha', 306, 25),
(2453, 'Saptiqa', 306, 25),
(2454, 'Satoi', 306, 25),
(2455, 'Changpang', 305, 25),
(2456, 'Aitepyong', 305, 25),
(2457, 'Bhandari', 305, 25),
(2458, 'Baghty', 305, 25),
(2459, 'Sungro', 305, 25),
(2460, 'Sanis', 305, 25),
(2461, 'Lotsu', 305, 25),
(2462, 'Ralan', 305, 25),
(2463, 'Wozhuro', 305, 25),
(2464, 'Wokha Sadar', 305, 25),
(2465, 'Englan', 305, 25),
(2466, 'Chukitong', 305, 25),
(2467, 'Niuland', 296, 25),
(2468, 'Aquqhnaqua', 296, 25),
(2469, 'Kuhoboto', 296, 25),
(2470, 'Nihokhu', 296, 25),
(2471, 'Dimapur Sadar', 296, 25),
(2472, 'Chumukedima', 296, 25),
(2473, 'Dhansiripar', 296, 25),
(2474, 'Medziphema', 296, 25),
(2475, 'Sekruzu', 303, 25),
(2476, 'Phek Sadar', 303, 25),
(2477, 'Khuza', 303, 25),
(2478, 'Meluri', 303, 25),
(2479, 'Phor', 303, 25),
(2480, 'Phokhungri', 303, 25),
(2481, 'Chozuba', 303, 25),
(2482, 'Chetheba', 303, 25),
(2483, 'Sakraba', 303, 25),
(2484, 'Pfutsero', 303, 25),
(2485, 'Zuketsa', 303, 25),
(2486, 'Khezhakeno', 303, 25),
(2487, 'Chizami', 303, 25),
(2488, 'Razieba', 303, 25),
(2489, 'Noksen', 304, 25),
(2490, 'Chare', 304, 25),
(2491, 'Longkhim', 304, 25),
(2492, 'Tuensang Sadar', 304, 25),
(2493, 'Ngoungchung', 304, 25),
(2494, 'Sangsangnyu', 304, 25),
(2495, 'Sotokur', 304, 25),
(2496, 'Noklak', 304, 25),
(2497, 'Chingmei', 304, 25),
(2498, 'Nokhu', 304, 25),
(2499, 'Panso', 304, 25),
(2500, 'Shamator', 304, 25),
(2501, 'Tsurungto', 304, 25),
(2502, 'Chessore', 304, 25),
(2503, 'Mangko', 304, 25),
(2504, 'Thonoknyu', 304, 25),
(2505, 'Tamlu', 299, 25),
(2506, 'Namsang', 299, 25),
(2507, 'Yongnyah', 299, 25),
(2508, 'Longleng', 299, 25),
(2509, 'Sakshi', 299, 25),
(2510, 'Seyochung', 297, 25),
(2511, 'Amahator', 297, 25),
(2512, 'Kiphire Sadar', 297, 25),
(2513, 'Kiusam', 297, 25),
(2514, 'Sitimi', 297, 25),
(2515, 'Longmatra', 297, 25),
(2516, 'Pungro', 297, 25),
(2517, 'Khongsa', 297, 25),
(2518, 'Tseminyu', 298, 25),
(2519, 'Tsogin', 298, 25),
(2520, 'Chiephobozou', 298, 25),
(2521, 'Botsa', 298, 25),
(2522, 'Kezocha', 298, 25),
(2523, 'Jakhama', 298, 25),
(2524, 'Kohima Sadar', 298, 25),
(2525, 'Sechu-Zubza', 298, 25),
(2526, 'Pedi (Ngwalwa)', 302, 25),
(2527, 'Jalukie', 302, 25),
(2528, 'Athibung', 302, 25),
(2529, 'Kebai Khelma', 302, 25),
(2530, 'Nsong', 302, 25),
(2531, 'Tening', 302, 25),
(2532, 'Peren', 302, 25),
(2533, 'Mao-Maram', 312, 22),
(2534, 'Paomata', 312, 22),
(2535, 'Purul', 312, 22),
(2536, 'Sadar Hills West', 312, 22),
(2537, 'Saitu-Gamphazol', 312, 22),
(2538, 'Sadar Hills East', 312, 22),
(2539, 'Tamenglong West', 313, 22),
(2540, 'Tamenglong North', 313, 22),
(2541, 'Tamenglong', 313, 22),
(2542, 'Nungba', 313, 22),
(2543, 'Tipaimukh', 309, 22),
(2544, 'Thanlon', 309, 22),
(2545, 'Churachandpur North', 309, 22),
(2546, 'Churachandpur', 309, 22),
(2547, 'Singngat', 309, 22),
(2548, 'Nambol', 307, 22),
(2549, 'Bishnupur', 307, 22),
(2550, 'Moirang', 307, 22),
(2551, 'Lilong', 314, 22),
(2552, 'Thoubal', 314, 22),
(2553, 'Kakching', 314, 22),
(2554, 'Lamshang', 311, 22),
(2555, 'Patsoi', 311, 22),
(2556, 'Lamphelpat', 311, 22),
(2557, 'Wangoi', 311, 22),
(2558, 'Jiribam', 310, 22),
(2559, 'Sawombung', 310, 22),
(2560, 'Porompat', 310, 22),
(2561, 'Keirao Bitra', 310, 22),
(2562, 'Ukhrul North', 315, 22),
(2563, 'Ukhurl Central', 315, 22),
(2564, 'Kamjong-Chassad', 315, 22),
(2565, 'Phungyar-Phaisat', 315, 22),
(2566, 'Ukhrul South', 315, 22),
(2567, 'Machi', 308, 22),
(2568, 'Tengnoupal', 308, 22),
(2569, 'Chandel', 308, 22),
(2570, 'Chakpikarong', 308, 22),
(2571, 'Zawlnuam', 321, 24),
(2572, 'West Phaileng', 321, 24),
(2573, 'Reiek', 321, 24),
(2574, 'N Thingdawl', 318, 24),
(2575, 'Bilkhawthlir', 318, 24),
(2576, 'Tlangnuam (Part)', 318, 24),
(2577, 'Darlawn', 316, 24),
(2578, 'Phullen', 316, 24),
(2579, 'Aibawk', 316, 24),
(2580, 'Thingsulthliah (Part)', 316, 24),
(2581, 'Ngopa', 317, 24),
(2582, 'Khawzawl', 317, 24),
(2583, 'Champhai', 317, 24),
(2584, 'Khawbung', 317, 24);
INSERT INTO `block` (`id`, `block`, `district_id`, `state_id`) VALUES
(2585, 'East Lungdar (Part)', 317, 24),
(2586, 'Serchhip', 323, 24),
(2587, 'West Bunghmun', 320, 24),
(2588, 'Lungsen', 320, 24),
(2589, 'Lunglei', 320, 24),
(2590, 'Hnahthial', 320, 24),
(2591, 'Chawngte', 319, 24),
(2592, 'Lawngtlai', 319, 24),
(2593, 'S Bungtlang', 319, 24),
(2594, 'Sangau', 319, 24),
(2595, 'Tuipang', 322, 24),
(2596, 'Saiha', 322, 24),
(2597, 'Mohanpur', 327, 32),
(2598, 'Hezamara', 327, 32),
(2599, 'Padmabil', 327, 32),
(2600, 'Khowai', 327, 32),
(2601, 'Tulashikhar', 327, 32),
(2602, 'Kalyanpur', 327, 32),
(2603, 'Teliamura', 327, 32),
(2604, 'Mungiakumi', 327, 32),
(2605, 'Mandai', 327, 32),
(2606, 'Jirania', 327, 32),
(2607, 'Dukli', 327, 32),
(2608, 'Jampuijala', 327, 32),
(2609, 'Bishalgarh', 327, 32),
(2610, 'Boxanagar', 327, 32),
(2611, 'Melaghar', 327, 32),
(2612, 'Kathalia', 327, 32),
(2613, 'Killa', 326, 32),
(2614, 'Amarpur', 326, 32),
(2615, 'Ompi', 326, 32),
(2616, 'Matarbari', 326, 32),
(2617, 'Kakraban', 326, 32),
(2618, 'Rajnagar', 326, 32),
(2619, 'Hrishyamukh', 326, 32),
(2620, 'Bokafa', 326, 32),
(2621, 'Karbuk', 326, 32),
(2622, 'Rupaichhari', 326, 32),
(2623, 'Satchand', 326, 32),
(2624, 'Salema', 324, 32),
(2625, 'Manu', 324, 32),
(2626, 'Ambassa', 324, 32),
(2627, 'Chhamanu', 324, 32),
(2628, 'Dumburnagar', 324, 32),
(2629, 'Gournagar', 325, 32),
(2630, 'Kadamtala', 325, 32),
(2631, 'Panisagar', 325, 32),
(2632, 'Damchhara', 325, 32),
(2633, 'Pencharthal', 325, 32),
(2634, 'Kumarghat', 325, 32),
(2635, 'Dasda', 325, 32),
(2636, 'Jampuii Hills', 325, 32),
(2637, 'Selsella', 333, 23),
(2638, 'Dadenggiri', 333, 23),
(2639, 'Tikrikilla', 333, 23),
(2640, 'Rongram', 333, 23),
(2641, 'Betasing', 333, 23),
(2642, 'Zikzak', 333, 23),
(2643, 'Gambegre', 333, 23),
(2644, 'Dalu', 333, 23),
(2645, 'Resubelpara', 328, 23),
(2646, 'Dambo Rongjeng', 328, 23),
(2647, 'Kharkutta', 328, 23),
(2648, 'Songsak', 328, 23),
(2649, 'Samanda', 328, 23),
(2650, 'Chokpot', 332, 23),
(2651, 'Gasuapara', 332, 23),
(2652, 'Baghmara', 332, 23),
(2653, 'Rongara', 332, 23),
(2654, 'Mawshynrut', 334, 23),
(2655, 'Nongstoin', 334, 23),
(2656, 'Mawthadraishan', 334, 23),
(2657, 'Mairang', 334, 23),
(2658, 'Ranikor', 334, 23),
(2659, 'Mawkyrwat', 334, 23),
(2660, 'Umling', 331, 23),
(2661, 'Jirang', 331, 23),
(2662, 'Umsning', 331, 23),
(2663, 'Mawphlang', 329, 23),
(2664, 'Mylliem', 329, 23),
(2665, 'Mawryngkneng', 329, 23),
(2666, 'Mawkynrew', 329, 23),
(2667, 'Khatarshnong Laitkroh', 329, 23),
(2668, 'Mawsynram', 329, 23),
(2669, 'Shella Bholaganj', 329, 23),
(2670, 'Pynursla', 329, 23),
(2671, 'Thadlaskein', 330, 23),
(2672, 'Laskein', 330, 23),
(2673, 'Amlarem', 330, 23),
(2674, 'Khliehriat', 330, 23),
(2675, 'Saipung', 330, 23),
(2676, 'Gossaigaon (Pt)', 353, 4),
(2677, 'Bhowraguri', 353, 4),
(2678, 'Dotoma', 353, 4),
(2679, 'Kokrajhar (Pt)', 353, 4),
(2680, 'Bagribari (Pt)', 353, 4),
(2681, 'Golokganj (Pt)', 353, 4),
(2682, 'Dhubri (Pt)', 353, 4),
(2683, 'Bilasipara (Pt)', 353, 4),
(2684, 'Chapar (Pt)', 353, 4),
(2685, 'Agamoni', 342, 4),
(2686, 'South Salmara', 342, 4),
(2687, 'Mankachar', 342, 4),
(2688, 'Lakhipur', 345, 4),
(2689, 'Balijana', 345, 4),
(2690, 'Matia', 345, 4),
(2691, 'Dudhnai', 345, 4),
(2692, 'Rangjuli', 345, 4),
(2693, 'Barnagar (Pt)', 336, 4),
(2694, 'Kalgachia', 336, 4),
(2695, 'Baghbor', 336, 4),
(2696, 'Chenga', 336, 4),
(2697, 'Barpeta', 336, 4),
(2698, 'Sarthebari', 336, 4),
(2699, 'Bajali (Pt)', 336, 4),
(2700, 'Sarupeta (Pt)', 336, 4),
(2701, 'Jalah (Pt)', 336, 4),
(2702, 'Mayong', 355, 4),
(2703, 'Bhuragaon', 355, 4),
(2704, 'Laharighat', 355, 4),
(2705, 'Marigaon', 355, 4),
(2706, 'Mikirbheta', 355, 4),
(2707, 'Kaliabor', 356, 4),
(2708, 'Samaguri', 356, 4),
(2709, 'Rupahi', 356, 4),
(2710, 'Dhing', 356, 4),
(2711, 'Nagaon', 356, 4),
(2712, 'Raha', 356, 4),
(2713, 'Kampur', 356, 4),
(2714, 'Hojai', 356, 4),
(2715, 'Doboka', 356, 4),
(2716, 'Lanka', 356, 4),
(2717, 'Dhekiajuli (Pt)', 359, 4),
(2718, 'Chariduar', 359, 4),
(2719, 'Tezpur', 359, 4),
(2720, 'Na-Duar', 359, 4),
(2721, 'Biswanath', 359, 4),
(2722, 'Helem', 359, 4),
(2723, 'Gohpur', 359, 4),
(2724, 'Narayanpur', 354, 4),
(2725, 'Bihpuria', 354, 4),
(2726, 'Naobaicha', 354, 4),
(2727, 'Kadam', 354, 4),
(2728, 'North Lakhimpur', 354, 4),
(2729, 'Dhakuakhana (Pt)', 354, 4),
(2730, 'Subansiri (Pt)', 354, 4),
(2731, 'Dhemaji', 341, 4),
(2732, 'Sissibargaon', 341, 4),
(2733, 'Jonai', 341, 4),
(2734, 'Gogamukh', 341, 4),
(2735, 'Sadiya', 360, 4),
(2736, 'Doom Dooma', 360, 4),
(2737, 'Tinsukia', 360, 4),
(2738, 'Margherita', 360, 4),
(2739, 'Dibrugarh West', 343, 4),
(2740, 'Dibrugarh East', 343, 4),
(2741, 'Chabua', 343, 4),
(2742, 'Tengakhat', 343, 4),
(2743, 'Moran', 343, 4),
(2744, 'Tingkhong', 343, 4),
(2745, 'Naharkatiya', 343, 4),
(2746, 'Dimow', 358, 4),
(2747, 'Sibsagar', 358, 4),
(2748, 'Amguri', 358, 4),
(2749, 'Nazira', 358, 4),
(2750, 'Sonari', 358, 4),
(2751, 'Mahmora', 358, 4),
(2752, 'Majuli', 348, 4),
(2753, 'Jorhat West', 348, 4),
(2754, 'Jorhat East', 348, 4),
(2755, 'Teok', 348, 4),
(2756, 'Titabor', 348, 4),
(2757, 'Mariani', 348, 4),
(2758, 'Bokakhat', 346, 4),
(2759, 'Khumtai', 346, 4),
(2760, 'Dergaon', 346, 4),
(2761, 'Golaghat', 346, 4),
(2762, 'Morangi', 346, 4),
(2763, 'Sarupathar', 346, 4),
(2764, 'Donka', 351, 4),
(2765, 'Diphu', 351, 4),
(2766, 'Phuloni', 351, 4),
(2767, 'Silonijan', 351, 4),
(2768, 'Umrangso', 344, 4),
(2769, 'Haflong', 344, 4),
(2770, 'Mahur', 344, 4),
(2771, 'Maibong', 344, 4),
(2772, 'Katigora', 338, 4),
(2773, 'Silchar', 338, 4),
(2774, 'Udarbond', 338, 4),
(2775, 'Sonai', 338, 4),
(2776, 'Lakhipur', 338, 4),
(2777, 'Karimganj', 352, 4),
(2778, 'Badarpur', 352, 4),
(2779, 'Nilambazar', 352, 4),
(2780, 'Patharkandi', 352, 4),
(2781, 'Ramkrishna Nagar', 352, 4),
(2782, 'Algapur', 347, 4),
(2783, 'Hailakandi', 347, 4),
(2784, 'Lala', 347, 4),
(2785, 'Katlichara', 347, 4),
(2786, 'Bongaigaon (Pt)', 337, 4),
(2787, 'Boitamari', 337, 4),
(2788, 'Srijangram', 337, 4),
(2789, 'Sidli (Pt)', 337, 4),
(2790, 'Bijni (Pt)', 337, 4),
(2791, 'Bengtol', 339, 4),
(2792, 'Rangia (Pt)', 349, 4),
(2793, 'Koya', 349, 4),
(2794, 'Kamalpur', 349, 4),
(2795, 'Hajo', 349, 4),
(2796, 'Chhaygaon', 349, 4),
(2797, 'Goroimari', 349, 4),
(2798, 'Chamaria', 349, 4),
(2799, 'Nagarbera', 349, 4),
(2800, 'Boko', 349, 4),
(2801, 'Palasbari', 349, 4),
(2802, 'North Guwahati (Pt)', 349, 4),
(2803, 'Goreswar (Pt)', 349, 4),
(2804, 'Azara', 350, 4),
(2805, 'Guwahati', 350, 4),
(2806, 'Dispur', 350, 4),
(2807, 'Sonapur', 350, 4),
(2808, 'Chandrapur', 350, 4),
(2809, 'Tihu (Pt)', 357, 4),
(2810, 'Pachim Nalbari', 357, 4),
(2811, 'Barkhetri', 357, 4),
(2812, 'Barbhag', 357, 4),
(2813, 'Nalbari', 357, 4),
(2814, 'Banekuchi', 357, 4),
(2815, 'Ghograpar (Pt)', 357, 4),
(2816, 'Baganpara (Pt)', 357, 4),
(2817, 'Barama (Pt)', 357, 4),
(2818, 'Baska', 335, 4),
(2819, 'Tamulpur', 335, 4),
(2820, 'Pathorighat (Pt)', 335, 4),
(2821, 'Khoirabari (Pt)', 340, 4),
(2822, 'Sipajhar', 340, 4),
(2823, 'Mangaldoi (Pt)', 340, 4),
(2824, 'Dalgaon (Pt)', 340, 4),
(2825, 'Kalaigaon (Pt)', 340, 4),
(2826, 'Harisinga', 361, 4),
(2827, 'Udalguri', 361, 4),
(2828, 'Mazbat', 361, 4),
(2829, 'Darjeeling Pulbazar', 367, 35),
(2830, 'Rangli Rangliot', 367, 35),
(2831, 'Kalimpong -I', 367, 35),
(2832, 'Kalimpong - Ii', 367, 35),
(2833, 'Gorubathan', 367, 35),
(2834, 'Jorebunglow Sukiapokhri', 367, 35),
(2835, 'Mirik', 367, 35),
(2836, 'Kurseong', 367, 35),
(2837, 'Matigara', 367, 35),
(2838, 'Naxalbari', 367, 35),
(2839, 'Phansidewa', 367, 35),
(2840, 'Kharibari', 367, 35),
(2841, 'Rajganj', 370, 35),
(2842, 'Mal', 370, 35),
(2843, 'Matiali', 370, 35),
(2844, 'Nagrakata', 370, 35),
(2845, 'Madarihat', 370, 35),
(2846, 'Kalchini', 370, 35),
(2847, 'Kumargram', 370, 35),
(2848, 'Alipurduar - I', 370, 35),
(2849, 'Alipurduar - Ii', 370, 35),
(2850, 'Falakata', 370, 35),
(2851, 'Dhupguri', 370, 35),
(2852, 'Maynaguri', 370, 35),
(2853, 'Jalpaiguri', 370, 35),
(2854, 'Haldibari', 365, 35),
(2855, 'Mekliganj', 365, 35),
(2856, 'Mathabhanga - I', 365, 35),
(2857, 'Mathabhanga - Ii', 365, 35),
(2858, 'Cooch Behar - I', 365, 35),
(2859, 'Cooch Behar - Ii', 365, 35),
(2860, 'Tufanganj - I', 365, 35),
(2861, 'Tufanganj - Ii', 365, 35),
(2862, 'Dinhata - I', 365, 35),
(2863, 'Dinhata - Ii', 365, 35),
(2864, 'Sitai', 365, 35),
(2865, 'Sitalkuchi', 365, 35),
(2866, 'Chopra', 380, 35),
(2867, 'Islampur', 380, 35),
(2868, 'Goalpokhar - I', 380, 35),
(2869, 'Goalpokhar - Ii', 380, 35),
(2870, 'Karandighi', 380, 35),
(2871, 'Raiganj', 380, 35),
(2872, 'Hemtabad', 380, 35),
(2873, 'Kaliaganj', 380, 35),
(2874, 'Itahar', 380, 35),
(2875, 'Kushmundi', 366, 35),
(2876, 'Gangarampur', 366, 35),
(2877, 'Kumarganj', 366, 35),
(2878, 'Hilli', 366, 35),
(2879, 'Balurghat', 366, 35),
(2880, 'Tapan', 366, 35),
(2881, 'Bansihari', 366, 35),
(2882, 'Harirampur', 366, 35),
(2883, 'Harischandrapur - I', 372, 35),
(2884, 'Harischandrapur - Ii', 372, 35),
(2885, 'Chanchal - I', 372, 35),
(2886, 'Chanchal - Ii', 372, 35),
(2887, 'Ratua - I', 372, 35),
(2888, 'Ratua - Ii', 372, 35),
(2889, 'Gazole', 372, 35),
(2890, 'Bamangola', 372, 35),
(2891, 'Habibpur', 372, 35),
(2892, 'Maldah (Old)', 372, 35),
(2893, 'English Bazar', 372, 35),
(2894, 'Manikchak', 372, 35),
(2895, 'Kaliachak - I', 372, 35),
(2896, 'Kaliachak - Ii', 372, 35),
(2897, 'Kaliachak - Iii', 372, 35),
(2898, 'Farakka', 373, 35),
(2899, 'Samserganj', 373, 35),
(2900, 'Suti - I', 373, 35),
(2901, 'Suti - Ii', 373, 35),
(2902, 'Raghunathganj - I', 373, 35),
(2903, 'Raghunathganj - Ii', 373, 35),
(2904, 'Lalgola', 373, 35),
(2905, 'Sagardighi', 373, 35),
(2906, 'Bhagawangola - I', 373, 35),
(2907, 'Bhagawangola - Ii', 373, 35),
(2908, 'Raninagar - Ii', 373, 35),
(2909, 'Jalangi', 373, 35),
(2910, 'Domkal', 373, 35),
(2911, 'Raninagar - I', 373, 35),
(2912, 'Murshidabad Jiaganj', 373, 35),
(2913, 'Nabagram', 373, 35),
(2914, 'Khargram', 373, 35),
(2915, 'Kandi', 373, 35),
(2916, 'Berhampore', 373, 35),
(2917, 'Hariharpara', 373, 35),
(2918, 'Nawda', 373, 35),
(2919, 'Beldanga - I', 373, 35),
(2920, 'Beldanga - Ii', 373, 35),
(2921, 'Bharatpur - Ii', 373, 35),
(2922, 'Bharatpur - I', 373, 35),
(2923, 'Burwan', 373, 35),
(2924, 'Murarai - I', 364, 35),
(2925, 'Murarai - Ii', 364, 35),
(2926, 'Nalhati - I', 364, 35),
(2927, 'Nalhati - Ii', 364, 35),
(2928, 'Rampurhat - I', 364, 35),
(2929, 'Rampurhat - Ii', 364, 35),
(2930, 'Mayureswar - I', 364, 35),
(2931, 'Mayureswar - Ii', 364, 35),
(2932, 'Mohammad Bazar', 364, 35),
(2933, 'Rajnagar', 364, 35),
(2934, 'Suri - I', 364, 35),
(2935, 'Suri - Ii', 364, 35),
(2936, 'Sainthia', 364, 35),
(2937, 'Labpur', 364, 35),
(2938, 'Nanoor', 364, 35),
(2939, 'Bolpur Sriniketan', 364, 35),
(2940, 'Illambazar', 364, 35),
(2941, 'Dubrajpur', 364, 35),
(2942, 'Khoyrasol', 364, 35),
(2943, 'Salanpur', 363, 35),
(2944, 'Barabani', 363, 35),
(2945, 'Jamuria', 363, 35),
(2946, 'Raniganj', 363, 35),
(2947, 'Ondal', 363, 35),
(2948, 'Pandabeswar', 363, 35),
(2949, 'Faridpur Durgapur', 363, 35),
(2950, 'Kanksa', 363, 35),
(2951, 'Ausgram - Ii', 363, 35),
(2952, 'Ausgram - I', 363, 35),
(2953, 'Mangolkote', 363, 35),
(2954, 'Ketugram - I', 363, 35),
(2955, 'Ketugram - Ii', 363, 35),
(2956, 'Katwa - I', 363, 35),
(2957, 'Katwa - Ii', 363, 35),
(2958, 'Purbasthali - I', 363, 35),
(2959, 'Purbasthali - Ii', 363, 35),
(2960, 'Manteswar', 363, 35),
(2961, 'Bhatar', 363, 35),
(2962, 'Galsi - I', 363, 35),
(2963, 'Galsi - Ii', 363, 35),
(2964, 'Burdwan - I', 363, 35),
(2965, 'Burdwan - Ii', 363, 35),
(2966, 'Memari - I', 363, 35),
(2967, 'Memari - Ii', 363, 35),
(2968, 'Kalna - I', 363, 35),
(2969, 'Kalna - Ii', 363, 35),
(2970, 'Jamalpur', 363, 35),
(2971, 'Raina - I', 363, 35),
(2972, 'Khandaghosh', 363, 35),
(2973, 'Raina - Ii', 363, 35),
(2974, 'Karimpur - I', 374, 35),
(2975, 'Karimpur - Ii', 374, 35),
(2976, 'Tehatta - I', 374, 35),
(2977, 'Tehatta - Ii', 374, 35),
(2978, 'Kaliganj', 374, 35),
(2979, 'Nakashipara', 374, 35),
(2980, 'Chapra', 374, 35),
(2981, 'Krishnagar - Ii', 374, 35),
(2982, 'Nabadwip', 374, 35),
(2983, 'Krishnagar - I', 374, 35),
(2984, 'Krishnaganj', 374, 35),
(2985, 'Hanskhali', 374, 35),
(2986, 'Santipur', 374, 35),
(2987, 'Ranaghat - I', 374, 35),
(2988, 'Ranaghat - Ii', 374, 35),
(2989, 'Chakdah', 374, 35),
(2990, 'Haringhata', 374, 35),
(2991, 'Bagda', 375, 35),
(2992, 'Bongaon', 375, 35),
(2993, 'Gaighata', 375, 35),
(2994, 'Swarupnagar', 375, 35),
(2995, 'Habra - I', 375, 35),
(2996, 'Habra - Ii', 375, 35),
(2997, 'Amdanga', 375, 35),
(2998, 'Barrackpur - I', 375, 35),
(2999, 'Barrackpur - Ii', 375, 35),
(3000, 'Barasat - I', 375, 35),
(3001, 'Barasat - Ii', 375, 35),
(3002, 'Deganga', 375, 35),
(3003, 'Baduria', 375, 35),
(3004, 'Basirhat - I', 375, 35),
(3005, 'Basirhat - Ii', 375, 35),
(3006, 'Haroa', 375, 35),
(3007, 'Rajarhat', 375, 35),
(3008, 'Minakhan', 375, 35),
(3009, 'Sandeshkhali - I', 375, 35),
(3010, 'Sandeshkhali - Ii', 375, 35),
(3011, 'Hasnabad', 375, 35),
(3012, 'Hingalganj', 375, 35),
(3013, 'Goghat - I', 368, 35),
(3014, 'Goghat - Ii', 368, 35),
(3015, 'Arambag', 368, 35),
(3016, 'Pursura', 368, 35),
(3017, 'Tarakeswar', 368, 35),
(3018, 'Dhaniakhali', 368, 35),
(3019, 'Pandua', 368, 35),
(3020, 'Balagarh', 368, 35),
(3021, 'Chinsurah - Magra', 368, 35),
(3022, 'Polba - Dadpur', 368, 35),
(3023, 'Haripal', 368, 35),
(3024, 'Singur', 368, 35),
(3025, 'Serampur Uttarpara', 368, 35),
(3026, 'Chanditala - I', 368, 35),
(3027, 'Chanditala - Ii', 368, 35),
(3028, 'Jangipara', 368, 35),
(3029, 'Khanakul - I', 368, 35),
(3030, 'Khanakul - Ii', 368, 35),
(3031, 'Saltora', 362, 35),
(3032, 'Mejhia', 362, 35),
(3033, 'Gangajalghati', 362, 35),
(3034, 'Chhatna', 362, 35),
(3035, 'Indpur', 362, 35),
(3036, 'Bankura - I', 362, 35),
(3037, 'Bankura - Ii', 362, 35),
(3038, 'Barjora', 362, 35),
(3039, 'Sonamukhi', 362, 35),
(3040, 'Patrasayer', 362, 35),
(3041, 'Indus', 362, 35),
(3042, 'Kotulpur', 362, 35),
(3043, 'Jaypur', 362, 35),
(3044, 'Vishnupur', 362, 35),
(3045, 'Onda', 362, 35),
(3046, 'Taldangra', 362, 35),
(3047, 'Simlapal', 362, 35),
(3048, 'Khatra', 362, 35),
(3049, 'Hirbandh', 362, 35),
(3050, 'Ranibundh', 362, 35),
(3051, 'Raipur', 362, 35),
(3052, 'Sarenga', 362, 35),
(3053, 'Jaipur', 378, 35),
(3054, 'Purulia - Ii', 378, 35),
(3055, 'Para', 378, 35),
(3056, 'Raghunathpur - Ii', 378, 35),
(3057, 'Raghunathpur - I', 378, 35),
(3058, 'Neturia', 378, 35),
(3059, 'Santuri', 378, 35),
(3060, 'Kashipur', 378, 35),
(3061, 'Hura', 378, 35),
(3062, 'Purulia - I', 378, 35),
(3063, 'Puncha', 378, 35),
(3064, 'Arsha', 378, 35),
(3065, 'Jhalda - I', 378, 35),
(3066, 'Jhalda - Ii', 378, 35),
(3067, 'Bagmundi', 378, 35),
(3068, 'Balarampur', 378, 35),
(3069, 'Barabazar', 378, 35),
(3070, 'Manbazar - I', 378, 35),
(3071, 'Manbazar - Ii', 378, 35),
(3072, 'Bundwan', 378, 35),
(3073, 'Udaynarayanpur', 369, 35),
(3074, 'Amta - Ii', 369, 35),
(3075, 'Amta - I', 369, 35),
(3076, 'Jagatballavpur', 369, 35),
(3077, 'Domjur', 369, 35),
(3078, 'Bally Jagachha', 369, 35),
(3079, 'Sankrail', 369, 35),
(3080, 'Panchla', 369, 35),
(3081, 'Uluberia - Ii', 369, 35),
(3082, 'Uluberia - I', 369, 35),
(3083, 'Bagnan - I', 369, 35),
(3084, 'Bagnan - Ii', 369, 35),
(3085, 'Shyampur - I', 369, 35),
(3086, 'Shyampur - Ii', 369, 35),
(3087, 'Thakurpukur Mahestola', 379, 35),
(3088, 'Budge Budge - I', 379, 35),
(3089, 'Budge Budge - Ii', 379, 35),
(3090, 'Bishnupur - I', 379, 35),
(3091, 'Bishnupur - Ii', 379, 35),
(3092, 'Sonarpur', 379, 35),
(3093, 'Bhangar - I', 379, 35),
(3094, 'Bhangar - Ii', 379, 35),
(3095, 'Canning - I', 379, 35),
(3096, 'Canning - Ii', 379, 35),
(3097, 'Baruipur', 379, 35),
(3098, 'Magrahat - Ii', 379, 35),
(3099, 'Magrahat - I', 379, 35),
(3100, 'Falta', 379, 35),
(3101, 'Diamond Harbour - I', 379, 35),
(3102, 'Diamond Harbour - Ii', 379, 35),
(3103, 'Kulpi', 379, 35),
(3104, 'Mandirbazar', 379, 35),
(3105, 'Mathurapur - I', 379, 35),
(3106, 'Jaynagar - I', 379, 35),
(3107, 'Jaynagar - Ii', 379, 35),
(3108, 'Kultali', 379, 35),
(3109, 'Basanti', 379, 35),
(3110, 'Gosaba', 379, 35),
(3111, 'Mathurapur - Ii', 379, 35),
(3112, 'Kakdwip', 379, 35),
(3113, 'Sagar', 379, 35),
(3114, 'Namkhana', 379, 35),
(3115, 'Patharpratima', 379, 35),
(3116, 'Binpur - Ii', 376, 35),
(3117, 'Binpur - I', 376, 35),
(3118, 'Garbeta - Ii', 376, 35),
(3119, 'Garbeta - I', 376, 35),
(3120, 'Garbeta - Iii', 376, 35),
(3121, 'Chandrakona - I', 376, 35),
(3122, 'Chandrakona - Ii', 376, 35),
(3123, 'Ghatal', 376, 35),
(3124, 'Daspur - I', 376, 35),
(3125, 'Daspur - Ii', 376, 35),
(3126, 'Keshpur', 376, 35),
(3127, 'Salbani', 376, 35),
(3128, 'Midnapore', 376, 35),
(3129, 'Jhargram', 376, 35),
(3130, 'Jamboni', 376, 35),
(3131, 'Gopiballavpur - Ii', 376, 35),
(3132, 'Gopiballavpur - I', 376, 35),
(3133, 'Nayagram', 376, 35),
(3134, 'Sankrail', 376, 35),
(3135, 'Kharagpur - I', 376, 35),
(3136, 'Kharagpur - Ii', 376, 35),
(3137, 'Debra', 376, 35),
(3138, 'Pingla', 376, 35),
(3139, 'Sabang', 376, 35),
(3140, 'Narayangarh', 376, 35),
(3141, 'Keshiary', 376, 35),
(3142, 'Dantan - I', 376, 35),
(3143, 'Dantan - Ii', 376, 35),
(3144, 'Mohanpur', 376, 35),
(3145, 'Panskura', 377, 35),
(3146, 'Kolaghat', 377, 35),
(3147, 'Tamluk', 377, 35),
(3148, 'Sahid Matangini', 377, 35),
(3149, 'Nanda Kumar', 377, 35),
(3150, 'Mahisadal', 377, 35),
(3151, 'Moyna', 377, 35),
(3152, 'Potashpur - I', 377, 35),
(3153, 'Potashpur - Ii', 377, 35),
(3154, 'Bhagawanpur - Ii', 377, 35),
(3155, 'Bhagawanpur - I', 377, 35),
(3156, 'Chandipur', 377, 35),
(3157, 'Sutahata', 377, 35),
(3158, 'Haldia', 377, 35),
(3159, 'Nandigram - I', 377, 35),
(3160, 'Nandigram - Ii', 377, 35),
(3161, 'Khejuri - I', 377, 35),
(3162, 'Khejuri - Ii', 377, 35),
(3163, 'Contai - I', 377, 35),
(3164, 'Deshopran', 377, 35),
(3165, 'Contai - Iii', 377, 35),
(3166, 'Egra - I', 377, 35),
(3167, 'Egra - Ii', 377, 35),
(3168, 'Ramnagar - I', 377, 35),
(3169, 'Ramnagar - Ii', 377, 35),
(3170, 'Kharaundhi', 387, 16),
(3171, 'Bhawnathpur', 387, 16),
(3172, 'Ketar*', 387, 16),
(3173, 'Kandi', 387, 16),
(3174, 'Majhiaon', 387, 16),
(3175, 'Bardiha', 387, 16),
(3176, 'Ramna', 387, 16),
(3177, 'Bishunpura', 387, 16),
(3178, 'Nagaruntari', 387, 16),
(3179, 'Dhurki', 387, 16),
(3180, 'Sagma', 387, 16),
(3181, 'Dandai', 387, 16),
(3182, 'Chinia', 387, 16),
(3183, 'Meral (Pipra Kalan)', 387, 16),
(3184, 'Garhwa', 387, 16),
(3185, 'Danda', 387, 16),
(3186, 'Ranka', 387, 16),
(3187, 'Ramkanda', 387, 16),
(3188, 'Bhandaria', 387, 16),
(3189, 'Shaligram Ram Narayanpur(Hunterganj)', 382, 16),
(3190, 'Pratappur', 382, 16),
(3191, 'Kunda', 382, 16),
(3192, 'Lawalaung', 382, 16),
(3193, 'Chatra', 382, 16),
(3194, 'Kanha Chatti', 382, 16),
(3195, 'Itkhori', 382, 16),
(3196, 'Mayur Hand', 382, 16),
(3197, 'Gidhaur', 382, 16),
(3198, 'Pathalgora', 382, 16),
(3199, 'Simaria', 382, 16),
(3200, 'Tandwa', 382, 16),
(3201, 'Satgawan', 394, 16),
(3202, 'Kodarma', 394, 16),
(3203, 'Domchanch', 394, 16),
(3204, 'Jainagar', 394, 16),
(3205, 'Chandwara', 394, 16),
(3206, 'Markacho', 394, 16),
(3207, 'Gawan', 388, 16),
(3208, 'Tisri', 388, 16),
(3209, 'Deori', 388, 16),
(3210, 'Dhanwar', 388, 16),
(3211, 'Jamua', 388, 16),
(3212, 'Bengabad', 388, 16),
(3213, 'Gande', 388, 16),
(3214, 'Giridih', 388, 16),
(3215, 'Birni', 388, 16),
(3216, 'Bagodar', 388, 16),
(3217, 'Sariya', 388, 16),
(3218, 'Dumri', 388, 16),
(3219, 'Pirtanr', 388, 16),
(3220, 'Deoghar', 383, 16),
(3221, 'Mohanpur', 383, 16),
(3222, 'Sarwan', 383, 16),
(3223, 'Sona Rai Tharhi', 383, 16),
(3224, 'Devipur', 383, 16),
(3225, 'Madhupur', 383, 16),
(3226, 'Margo Munda', 383, 16),
(3227, 'Karon', 383, 16),
(3228, 'Sarath', 383, 16),
(3229, 'Palojori', 383, 16),
(3230, 'Meherma', 389, 16),
(3231, 'Thakurgangti', 389, 16),
(3232, 'Boarijor', 389, 16),
(3233, 'Mahagama', 389, 16),
(3234, 'Pathargama', 389, 16),
(3235, 'Bashant Rai*', 389, 16),
(3236, 'Godda', 389, 16),
(3237, 'Poreyahat', 389, 16),
(3238, 'Sundarpahari', 389, 16),
(3239, 'Sahibganj', 401, 16),
(3240, 'Mandro', 401, 16),
(3241, 'Borio', 401, 16),
(3242, 'Barhait', 401, 16),
(3243, 'Taljhari', 401, 16),
(3244, 'Rajmahal', 401, 16),
(3245, 'Udhwa', 401, 16),
(3246, 'Pathna', 401, 16),
(3247, 'Barharwa', 401, 16),
(3248, 'Litipara', 397, 16),
(3249, 'Amrapara', 397, 16),
(3250, 'Hiranpur', 397, 16),
(3251, 'Pakaur', 397, 16),
(3252, 'Maheshpur', 397, 16),
(3253, 'Pakuria', 397, 16),
(3254, 'Tundi', 384, 16),
(3255, 'Purbi Tundi*', 384, 16),
(3256, 'Topchanchi', 384, 16),
(3257, 'Baghmara-Cum-Katras', 384, 16),
(3258, 'Gobindpur', 384, 16),
(3259, 'Dhanbad-Cum-Kenduadih-Cum-Jagata', 384, 16),
(3260, 'Jharia-Cum-Jorapokhar-Cum-Sindri', 384, 16),
(3261, 'Baliapur', 384, 16),
(3262, 'Nirsa-Cum-Chirkunda', 384, 16),
(3263, 'Nawadih', 381, 16),
(3264, 'Chandrapura', 381, 16),
(3265, 'Bermo', 381, 16),
(3266, 'Gumia', 381, 16),
(3267, 'Peterwar', 381, 16),
(3268, 'Kasmar', 381, 16),
(3269, 'Jaridih', 381, 16),
(3270, 'Chas', 381, 16),
(3271, 'Chandankiyari', 381, 16),
(3272, 'Kisko', 396, 16),
(3273, 'Peshrar', 396, 16),
(3274, 'Kuru', 396, 16),
(3275, 'Kairo', 396, 16),
(3276, 'Lohardaga', 396, 16),
(3277, 'Senha', 396, 16),
(3278, 'Bhandra', 396, 16),
(3279, 'Patamda', 386, 16),
(3280, 'Boram', 386, 16),
(3281, 'Golmuri-Cum-Jugsalai', 386, 16),
(3282, 'Ghatshila', 386, 16),
(3283, 'Potka', 386, 16),
(3284, 'Musabani', 386, 16),
(3285, 'Dumaria', 386, 16),
(3286, 'Dhalbhumgarh', 386, 16),
(3287, 'Gurbandha', 386, 16),
(3288, 'Chakulia', 386, 16),
(3289, 'Baharagora', 386, 16),
(3290, 'Hussainabad', 398, 16),
(3291, 'Haidernagar', 398, 16),
(3292, 'Mohammad Ganj', 398, 16),
(3293, 'Hariharganj', 398, 16),
(3294, 'Pipra', 398, 16),
(3295, 'Chhatarpur', 398, 16),
(3296, 'Nawadiha Bazar/Nawadiha*', 398, 16),
(3297, 'Pandu', 398, 16),
(3298, 'Untari Road', 398, 16),
(3299, 'Bishrampur', 398, 16),
(3300, 'Nawa Bazar', 398, 16),
(3301, 'Patan', 398, 16),
(3302, 'Padwa', 398, 16),
(3303, 'Manatu', 398, 16),
(3304, 'Tarhasi', 398, 16),
(3305, 'Panki', 398, 16),
(3306, 'Satbarwa', 398, 16),
(3307, 'Nilambar-Pitambarpur(Lesliganj)', 398, 16),
(3308, 'Medininagar(Daltonganj)', 398, 16),
(3309, 'Chainpur', 398, 16),
(3310, 'Manika', 395, 16),
(3311, 'Barwadih', 395, 16),
(3312, 'Mahuadanr', 395, 16),
(3313, 'Garu', 395, 16),
(3314, 'Latehar', 395, 16),
(3315, 'Balumath', 395, 16),
(3316, 'Bariyatu', 395, 16),
(3317, 'Herhanj', 395, 16),
(3318, 'Chandwa', 395, 16),
(3319, 'Chauparan', 391, 16),
(3320, 'Barhi', 391, 16),
(3321, 'Padma', 391, 16),
(3322, 'Ichak', 391, 16),
(3323, 'Tati Jhariya', 391, 16),
(3324, 'Daru', 391, 16),
(3325, 'Barkatha', 391, 16),
(3326, 'Chalkusa', 391, 16),
(3327, 'Bishungarh', 391, 16),
(3328, 'Hazaribag', 391, 16),
(3329, 'Katkamsandi', 391, 16),
(3330, 'Katamdag', 391, 16),
(3331, 'Keredari', 391, 16),
(3332, 'Barkagaon', 391, 16),
(3333, 'Churchu', 391, 16),
(3334, 'Dadi', 391, 16),
(3335, 'Patratu', 399, 16),
(3336, 'Mandu', 399, 16),
(3337, 'Ramgarh', 399, 16),
(3338, 'Dulmi', 399, 16),
(3339, 'Chitarpur', 399, 16),
(3340, 'Gola', 399, 16),
(3341, 'Saraiyahat', 385, 16),
(3342, 'Jarmundi', 385, 16),
(3343, 'Ramgarh', 385, 16),
(3344, 'Gopikandar', 385, 16),
(3345, 'Kathikund', 385, 16),
(3346, 'Shikaripara', 385, 16),
(3347, 'Ranishwar', 385, 16),
(3348, 'Dumka', 385, 16),
(3349, 'Jama', 385, 16),
(3350, 'Masalia', 385, 16),
(3351, 'Narayanpur', 392, 16),
(3352, 'Karma Tanr Vidyasagar*', 392, 16),
(3353, 'Jamtara', 392, 16),
(3354, 'Nala', 392, 16),
(3355, 'Fatehpur', 392, 16),
(3356, 'Kundhit', 392, 16),
(3357, 'Burmu', 400, 16),
(3358, 'Khelari', 400, 16),
(3359, 'Kanke', 400, 16),
(3360, 'Ormanjhi', 400, 16),
(3361, 'Angara', 400, 16),
(3362, 'Rahe', 400, 16),
(3363, 'Silli', 400, 16),
(3364, 'Sonahatu', 400, 16),
(3365, 'Namkum', 400, 16),
(3366, 'Ratu', 400, 16),
(3367, 'Nagri', 400, 16),
(3368, 'Mandar', 400, 16),
(3369, 'Chanho', 400, 16),
(3370, 'Bero', 400, 16),
(3371, 'Itki', 400, 16),
(3372, 'Lapung', 400, 16),
(3373, 'Bundu', 400, 16),
(3374, 'Tamar I', 400, 16),
(3375, 'Karra', 393, 16),
(3376, 'Torpa', 393, 16),
(3377, 'Rania', 393, 16),
(3378, 'Murhu', 393, 16),
(3379, 'Khunti', 393, 16),
(3380, 'Erki(Tamar Ii)', 393, 16),
(3381, 'Bishunpur', 390, 16),
(3382, 'Ghaghra', 390, 16),
(3383, 'Sisai', 390, 16),
(3384, 'Verno', 390, 16),
(3385, 'Kamdara', 390, 16),
(3386, 'Basia', 390, 16),
(3387, 'Gumla', 390, 16),
(3388, 'Chainpur', 390, 16),
(3389, 'Dumri', 390, 16),
(3390, 'Albert Ekka(Jari)', 390, 16),
(3391, 'Raidih', 390, 16),
(3392, 'Palkot', 390, 16),
(3393, 'Simdega', 403, 16),
(3394, 'Pakar Tanr', 403, 16),
(3395, 'Kurdeg', 403, 16),
(3396, 'Kersai', 403, 16),
(3397, 'Bolba', 403, 16),
(3398, 'Thethaitangar', 403, 16),
(3399, 'Kolebira', 403, 16),
(3400, 'Jaldega', 403, 16),
(3401, 'Bansjor', 403, 16),
(3402, 'Bano', 403, 16),
(3403, 'Sonua', 404, 16),
(3404, 'Gudri', 404, 16),
(3405, 'Bandgaon', 404, 16),
(3406, 'Chakradharpur', 404, 16),
(3407, 'Khuntpani', 404, 16),
(3408, 'Goilkera', 404, 16),
(3409, 'Anandpur', 404, 16),
(3410, 'Manoharpur', 404, 16),
(3411, 'Noamundi', 404, 16),
(3412, 'Tonto', 404, 16),
(3413, 'Hat Gamharia', 404, 16),
(3414, 'Chaibasa', 404, 16),
(3415, 'Tantnagar', 404, 16),
(3416, 'Manjhari', 404, 16),
(3417, 'Jhinkpani', 404, 16),
(3418, 'Jagannathpur', 404, 16),
(3419, 'Kumardungi', 404, 16),
(3420, 'Majhgaon', 404, 16),
(3421, 'Kuchai', 402, 16),
(3422, 'Kharsawan', 402, 16),
(3423, 'Chandil', 402, 16),
(3424, 'Ichagarh', 402, 16),
(3425, 'Kukru', 402, 16),
(3426, 'Nimdih', 402, 16),
(3427, 'Adityapur(Gamharia)', 402, 16),
(3428, 'Saraikela', 402, 16),
(3429, 'Gobindpur(Rajnagar)', 402, 16),
(3430, 'Paikamal', 408, 26),
(3431, 'Jharbandha', 408, 26),
(3432, 'Padmapur', 408, 26),
(3433, 'Burdenp.S.', 408, 26),
(3434, 'Gaisilet', 408, 26),
(3435, 'Melchhamunda', 408, 26),
(3436, 'Sohela', 408, 26),
(3437, 'Bijepur', 408, 26),
(3438, 'Barapali', 408, 26),
(3439, 'Bheden', 408, 26),
(3440, 'Bargarh', 408, 26),
(3441, 'Bargarh Sadar', 408, 26),
(3442, 'Bhatli', 408, 26),
(3443, 'Ambabhona', 408, 26),
(3444, 'Attabira', 408, 26),
(3445, 'Rengali', 418, 26),
(3446, 'Lakhanpur', 418, 26),
(3447, 'Belpahar', 418, 26),
(3448, 'Banaharapali', 418, 26),
(3449, 'Orient', 418, 26),
(3450, 'Brajarajnagar', 418, 26),
(3451, 'Jharsuguda', 418, 26),
(3452, 'Badmal', 418, 26),
(3453, 'Laikera', 418, 26),
(3454, 'Kolabira', 418, 26),
(3455, 'Govindpur', 432, 26),
(3456, 'Mahulpalli', 432, 26),
(3457, 'Kochinda', 432, 26),
(3458, 'Katarbaga', 432, 26),
(3459, 'Thelkoloi', 432, 26),
(3460, 'Rengali', 432, 26),
(3461, 'Sasan', 432, 26),
(3462, 'Hirakud', 432, 26),
(3463, 'Burla', 432, 26),
(3464, 'Dhanupali', 432, 26),
(3465, 'Ainthapali', 432, 26),
(3466, 'Sadar', 432, 26),
(3467, 'Jamankira', 432, 26),
(3468, 'Kisinda', 432, 26),
(3469, 'Jujomura', 432, 26),
(3470, 'Dhama', 432, 26),
(3471, 'Charamal', 432, 26),
(3472, 'Rairakhol', 432, 26),
(3473, 'Naktideul', 432, 26),
(3474, 'Sambalpur (M)', 432, 26),
(3475, 'Debagarh', 412, 26),
(3476, 'Barkot', 412, 26),
(3477, 'Kundheigola', 412, 26),
(3478, 'Reamal', 412, 26),
(3479, 'Hemgir', 434, 26),
(3480, 'Lephripara', 434, 26),
(3481, 'Bhasma', 434, 26),
(3482, 'Dharuadihi', 434, 26),
(3483, 'Sundargarh Town', 434, 26),
(3484, 'Sundargarh', 434, 26),
(3485, 'Kinjirkela', 434, 26),
(3486, 'Talasara', 434, 26),
(3487, 'Baragaon', 434, 26),
(3488, 'Kutra', 434, 26),
(3489, 'Rajagangapur', 434, 26),
(3490, 'Raiboga', 434, 26),
(3491, 'Biramitrapur', 434, 26),
(3492, 'Hatibari', 434, 26),
(3493, 'Bisra', 434, 26),
(3494, 'Bondamunda', 434, 26),
(3495, 'Brahmani Tarang', 434, 26),
(3496, 'Raghunathapali', 434, 26),
(3497, 'Tangarapali', 434, 26),
(3498, 'Lathikata', 434, 26),
(3499, 'Chandiposh', 434, 26),
(3500, 'Kamarposh Balang', 434, 26),
(3501, 'Koida', 434, 26),
(3502, 'Lahunipara', 434, 26),
(3503, 'Gurundia', 434, 26),
(3504, 'Tikaetpali', 434, 26),
(3505, 'Banei', 434, 26),
(3506, 'Mahulapada', 434, 26),
(3507, 'Raurkela (M)', 434, 26),
(3508, 'Raurkela (Its)P.S.', 434, 26),
(3509, 'Barbil', 422, 26),
(3510, 'Bolani', 422, 26),
(3511, 'Rugudi', 422, 26),
(3512, 'Joda', 422, 26),
(3513, 'Bamebari', 422, 26),
(3514, 'Champua', 422, 26),
(3515, 'Jhumpura', 422, 26),
(3516, 'Baria', 422, 26),
(3517, 'Turumunga', 422, 26),
(3518, 'Patana', 422, 26),
(3519, 'Kendujhar Sadar', 422, 26),
(3520, 'Kendujhar Town', 422, 26),
(3521, 'Nayakote', 422, 26),
(3522, 'Kanjipani', 422, 26),
(3523, 'Telkoi', 422, 26),
(3524, 'Pandapara', 422, 26),
(3525, 'Ghatgaon', 422, 26),
(3526, 'Harichandanpur', 422, 26),
(3527, 'Daitari', 422, 26),
(3528, 'Ghasipura', 422, 26),
(3529, 'Anandapur', 422, 26),
(3530, 'Soso', 422, 26),
(3531, 'Nandipada', 422, 26),
(3532, 'Sainkul', 422, 26),
(3533, 'Tiring', 426, 26),
(3534, 'Bahalda', 426, 26),
(3535, 'Jamda', 426, 26),
(3536, 'Rairangpur Town', 426, 26),
(3537, 'Gorumahisani', 426, 26),
(3538, 'Jharpokharia', 426, 26),
(3539, 'Bisoi', 426, 26),
(3540, 'Rairangpur', 426, 26),
(3541, 'Badampahar', 426, 26),
(3542, 'Jashipur', 426, 26),
(3543, 'Raruan', 426, 26),
(3544, 'Ghagarbeda', 426, 26),
(3545, 'Karanjia', 426, 26),
(3546, 'Thakurmunda', 426, 26),
(3547, 'Baripada Sadar', 426, 26),
(3548, 'Baripada Town', 426, 26),
(3549, 'Koliana', 426, 26),
(3550, 'Bangiriposi', 426, 26),
(3551, 'Chandua', 426, 26),
(3552, 'Suliapada', 426, 26),
(3553, 'Muruda', 426, 26),
(3554, 'Rasagobindapur', 426, 26),
(3555, 'Baisinga', 426, 26),
(3556, 'Betanati', 426, 26),
(3557, 'Barsahi', 426, 26),
(3558, 'Khunta', 426, 26),
(3559, 'Udala', 426, 26),
(3560, 'Kaptipada', 426, 26),
(3561, 'Sharata', 426, 26),
(3562, 'Mahuldiha', 426, 26),
(3563, 'Baripada (M)', 426, 26),
(3564, 'Raibania', 407, 26),
(3565, 'Jaleswar', 407, 26),
(3566, 'Bhograi', 407, 26),
(3567, 'Kamarda', 407, 26),
(3568, 'Baliapal', 407, 26),
(3569, 'Singla', 407, 26),
(3570, 'Basta', 407, 26),
(3571, 'Rupsa', 407, 26),
(3572, 'Baleshwar Sadar', 407, 26),
(3573, 'Sahadevkhunta', 407, 26),
(3574, 'Chandipur', 407, 26),
(3575, 'Balaramgadi Marine', 407, 26),
(3576, 'Bampada', 407, 26),
(3577, 'Remuna', 407, 26),
(3578, 'Nilagiri', 407, 26),
(3579, 'Berhampur', 407, 26),
(3580, 'Oupada', 407, 26),
(3581, 'Khaira', 407, 26),
(3582, 'Soro', 407, 26),
(3583, 'Similia', 407, 26),
(3584, 'Baleshwar (M)', 407, 26),
(3585, 'Agarpada', 409, 26),
(3586, 'Bant', 409, 26),
(3587, 'Bhandari Pokhari', 409, 26),
(3588, 'Dhamanagar', 409, 26),
(3589, 'Bhadrak Rural', 409, 26),
(3590, 'Basudebpur', 409, 26),
(3591, 'Naikanidihi', 409, 26),
(3592, 'Tihidi', 409, 26),
(3593, 'Dhusuri', 409, 26),
(3594, 'Chandabali', 409, 26),
(3595, 'Bansada', 409, 26),
(3596, 'Dhamara Marine', 409, 26),
(3597, 'Rajkanika', 421, 26),
(3598, 'Rajnagar', 421, 26),
(3599, 'Jamboo Marine', 421, 26),
(3600, 'Aali', 421, 26),
(3601, 'Pattamundai', 421, 26),
(3602, 'Kendrapara', 421, 26),
(3603, 'Kendrapara Sadar', 421, 26),
(3604, 'Nikirai', 421, 26),
(3605, 'Derabish', 421, 26),
(3606, 'Patkura', 421, 26),
(3607, 'Marsaghai', 421, 26),
(3608, 'Mahakalapada', 421, 26),
(3609, 'Paradip', 416, 26),
(3610, 'Paradeep Lock', 416, 26),
(3611, 'Kujang', 416, 26),
(3612, 'Abhyachandpur', 416, 26),
(3613, 'Ersama', 416, 26),
(3614, 'Tirtol', 416, 26),
(3615, 'Jagatsinghapur', 416, 26),
(3616, 'Biridi', 416, 26),
(3617, 'Naugaon', 416, 26),
(3618, 'Balikuda', 416, 26),
(3619, 'Narasinghpur', 411, 26),
(3620, 'Kanpur', 411, 26),
(3621, 'Badamba', 411, 26),
(3622, 'Baidyeswar', 411, 26),
(3623, 'Banki', 411, 26),
(3624, 'Tigiria', 411, 26),
(3625, 'Athagad', 411, 26),
(3626, 'Barang', 411, 26),
(3627, 'Gurudijhatia', 411, 26),
(3628, 'Khuntuni', 411, 26),
(3629, 'Choudwar', 411, 26),
(3630, 'Tangi', 411, 26),
(3631, 'Mahanga', 411, 26),
(3632, 'Salepur', 411, 26),
(3633, 'Nischintakoili', 411, 26),
(3634, 'Nemalo', 411, 26),
(3635, 'Kishannagar', 411, 26),
(3636, 'Jagatpur', 411, 26),
(3637, 'Cuttack Sadar', 411, 26),
(3638, 'Kandarpur', 411, 26),
(3639, 'C.R.R.I.', 411, 26),
(3640, 'Gobindpur', 411, 26),
(3641, 'Olatapur', 411, 26),
(3642, 'Niali', 411, 26),
(3643, 'Cuttack (M.Corp.) P.S', 411, 26),
(3644, 'Sukinda', 417, 26),
(3645, 'Tomka', 417, 26),
(3646, 'Kaliapani', 417, 26),
(3647, 'Kalinganagar', 417, 26),
(3648, 'Jakhapura', 417, 26),
(3649, 'Jajapur Road', 417, 26),
(3650, 'Korai', 417, 26),
(3651, 'Panikoili', 417, 26),
(3652, 'Jajapur', 417, 26),
(3653, 'Jajpur Sadar', 417, 26),
(3654, 'Dharmasala', 417, 26),
(3655, 'Jenapur', 417, 26),
(3656, 'Kuakhia', 417, 26),
(3657, 'Badachana', 417, 26),
(3658, 'Balichandrapur', 417, 26),
(3659, 'Binjharpur', 417, 26),
(3660, 'Bari - Ramachandrapur', 417, 26),
(3661, 'Mangalpur', 417, 26),
(3662, 'Parajang', 413, 26),
(3663, 'Kamakshyanagar', 413, 26),
(3664, 'Kankadahad', 413, 26),
(3665, 'Bhuban', 413, 26),
(3666, 'Gandia', 413, 26),
(3667, 'Nihalprasad', 413, 26),
(3668, 'Tumusingha', 413, 26),
(3669, 'Motunga', 413, 26),
(3670, 'Bhusan Steel Limited', 413, 26),
(3671, 'Balimi', 413, 26),
(3672, 'Hindol', 413, 26),
(3673, 'Rasol', 413, 26),
(3674, 'Dhenkanal Sadar', 413, 26),
(3675, 'Palalahada', 405, 26),
(3676, 'Khamar', 405, 26),
(3677, 'Rengali Damsite', 405, 26),
(3678, 'Kaniha', 405, 26),
(3679, 'N.T.P.C.', 405, 26),
(3680, 'Samal Barrage', 405, 26),
(3681, 'Talcher Sadar', 405, 26),
(3682, 'Colliery', 405, 26),
(3683, 'Bikrampur', 405, 26),
(3684, 'Nalco', 405, 26),
(3685, 'Banarpal', 405, 26),
(3686, 'Anugul', 405, 26),
(3687, 'Jarapada', 405, 26),
(3688, 'Industrial', 405, 26),
(3689, 'Chhendipada', 405, 26),
(3690, 'Handapa', 405, 26),
(3691, 'Kishorenagar', 405, 26),
(3692, 'Athmallik', 405, 26),
(3693, 'Kiakata', 405, 26),
(3694, 'Thakurgarh', 405, 26),
(3695, 'Purunakot', 405, 26),
(3696, 'Bantala', 405, 26),
(3697, 'Gania', 428, 26),
(3698, 'Dasapalla', 428, 26),
(3699, 'Banigochha', 428, 26),
(3700, 'Nuagaon', 428, 26),
(3701, 'Khandapada', 428, 26),
(3702, 'Fategarh', 428, 26),
(3703, 'Nayagarh', 428, 26),
(3704, 'Itamati', 428, 26),
(3705, 'Nayagarh Sadar', 428, 26),
(3706, 'Odagaon', 428, 26),
(3707, 'Sarankul', 428, 26),
(3708, 'Ranapur', 428, 26),
(3709, 'Bolagad', 423, 26),
(3710, 'Begunia', 423, 26),
(3711, 'Khordha', 423, 26),
(3712, 'Khordha Sadar', 423, 26),
(3713, 'Chandaka', 423, 26),
(3714, 'Nandankanan', 423, 26),
(3715, 'Saheednagar', 423, 26),
(3716, 'Mancheswar', 423, 26),
(3717, 'Balianta', 423, 26),
(3718, 'Balipatna', 423, 26),
(3719, 'Lingaraj', 423, 26),
(3720, 'Airfield (Kapila Prasad)', 423, 26),
(3721, 'Uttara P.S', 423, 26),
(3722, 'Khandagiri', 423, 26),
(3723, 'Tamando', 423, 26),
(3724, 'Jatani', 423, 26),
(3725, 'Jankia', 423, 26),
(3726, 'Nirakarpur', 423, 26),
(3727, 'Tangi', 423, 26),
(3728, 'Balugaon', 423, 26),
(3729, 'Banapur', 423, 26),
(3730, 'Bhubaneswar (M.Corp.)', 423, 26),
(3731, 'Delanga', 430, 26),
(3732, 'Pipili', 430, 26),
(3733, 'Nimapada', 430, 26),
(3734, 'Kakatpur', 430, 26),
(3735, 'Astaranga', 430, 26),
(3736, 'Konark', 430, 26),
(3737, 'Gop', 430, 26),
(3738, 'Ramachandi', 430, 26),
(3739, 'Satyabadi', 430, 26),
(3740, 'Chandanpur', 430, 26),
(3741, 'Sadar', 430, 26),
(3742, 'Brahmagiri', 430, 26),
(3743, 'Gadisagada', 430, 26),
(3744, 'Krushna Prasad', 430, 26),
(3745, 'Puri (M)', 430, 26),
(3746, 'Tarasingi', 415, 26),
(3747, 'Buguda', 415, 26),
(3748, 'Jagannath Prasad', 415, 26),
(3749, 'Bhanjanagar', 415, 26),
(3750, 'Gangapur', 415, 26),
(3751, 'Surada', 415, 26),
(3752, 'Badagada', 415, 26),
(3753, 'Asika', 415, 26),
(3754, 'Dharakote', 415, 26),
(3755, 'Kabisuryanagar', 415, 26),
(3756, 'Polasara', 415, 26),
(3757, 'Kodala', 415, 26),
(3758, 'Khalikote', 415, 26),
(3759, 'Rambha', 415, 26),
(3760, 'Chhatrapur', 415, 26),
(3761, 'Ganjam', 415, 26),
(3762, 'Chamakhandi', 415, 26),
(3763, 'Arjyapalli Marine', 415, 26),
(3764, 'Purusottampur', 415, 26),
(3765, 'Hinjili', 415, 26),
(3766, 'Patapur', 415, 26),
(3767, 'Seragad', 415, 26),
(3768, 'Brahmapur Sadar', 415, 26),
(3769, 'Gopalpur', 415, 26),
(3770, 'Golanthara', 415, 26),
(3771, 'Digapahandi', 415, 26),
(3772, 'Nuagaon', 415, 26),
(3773, 'Jarada', 415, 26),
(3774, 'Brahmapur (M.Corp.)', 415, 26),
(3775, 'Ramagiri', 415, 26),
(3776, 'Adva', 414, 26),
(3777, 'Mohana', 414, 26),
(3778, 'R.Udaygiri', 414, 26),
(3779, 'Serango', 414, 26),
(3780, 'Kashinagara', 414, 26),
(3781, 'Parlakhemundi', 414, 26),
(3782, 'Gurandi', 414, 26),
(3783, 'Rayagada', 414, 26),
(3784, 'Garabandha', 414, 26),
(3785, 'Gochhapada', 420, 26),
(3786, 'Phulabani', 420, 26),
(3787, 'Phulabani Town', 420, 26),
(3788, 'Khajuripada', 420, 26),
(3789, 'G.Udayagiri', 420, 26),
(3790, 'Tikabali', 420, 26),
(3791, 'Chakapada', 420, 26),
(3792, 'Sarangagarh', 420, 26),
(3793, 'Phiringia', 420, 26),
(3794, 'Baliguda', 420, 26),
(3795, 'Nuagaon', 420, 26),
(3796, 'Tumudibandha', 420, 26),
(3797, 'Belaghar', 420, 26),
(3798, 'Kotagarh', 420, 26),
(3799, 'Brahmanigaon', 420, 26),
(3800, 'Daringbadi', 420, 26),
(3801, 'Raikia', 420, 26),
(3802, 'Kantamal', 410, 26),
(3803, 'Manamunda', 410, 26),
(3804, 'Baunsuni', 410, 26),
(3805, 'Baudh Sadar', 410, 26),
(3806, 'Puruna Katak', 410, 26),
(3807, 'Harbhanga', 410, 26),
(3808, 'Dunguripali', 433, 26),
(3809, 'Rampur', 433, 26),
(3810, 'Binika', 433, 26),
(3811, 'Ulunda', 433, 26),
(3812, 'Biramaharajpur', 433, 26),
(3813, 'Subalaya', 433, 26),
(3814, 'Sonapur', 433, 26),
(3815, 'Tarbha', 433, 26),
(3816, 'Loisinga', 406, 26),
(3817, 'Balangir', 406, 26),
(3818, 'Tushura', 406, 26),
(3819, 'Patnagarh', 406, 26),
(3820, 'Khaprakhol', 406, 26),
(3821, 'Turekela', 406, 26),
(3822, 'Belpara', 406, 26),
(3823, 'Saintala', 406, 26),
(3824, 'Kantabanji', 406, 26),
(3825, 'Bangomunda', 406, 26),
(3826, 'Sindhekela', 406, 26),
(3827, 'Titlagarh', 406, 26),
(3828, 'Jonk', 429, 26),
(3829, 'Nuapada', 429, 26),
(3830, 'Komna', 429, 26),
(3831, 'Khariar', 429, 26),
(3832, 'Boden', 429, 26),
(3833, 'Sinapali', 429, 26),
(3834, 'Kesinga', 419, 26),
(3835, 'Madanpur Rampur', 419, 26),
(3836, 'Narala', 419, 26),
(3837, 'Lanjigarh', 419, 26),
(3838, 'Biswanathpur', 419, 26),
(3839, 'Sadar', 419, 26),
(3840, 'Kegaon', 419, 26),
(3841, 'Junagarh', 419, 26),
(3842, 'Golamunda', 419, 26),
(3843, 'Dharamgarh', 419, 26),
(3844, 'Kokasara', 419, 26),
(3845, 'Jayapatna', 419, 26),
(3846, 'Thuamul Rampur', 419, 26),
(3847, 'Ambadala', 431, 26),
(3848, 'Muniguda', 431, 26),
(3849, 'Chandrapur', 431, 26),
(3850, 'Bishamakatak', 431, 26),
(3851, 'Kalyanasingpur', 431, 26),
(3852, 'Kashipur', 431, 26),
(3853, 'Andirakanch', 431, 26),
(3854, 'Tikiri', 431, 26),
(3855, 'Doraguda', 431, 26),
(3856, 'Rayagada', 431, 26),
(3857, 'Seskhal', 431, 26),
(3858, 'Gunupur', 431, 26),
(3859, 'Gudari', 431, 26),
(3860, 'Padmapur', 431, 26),
(3861, 'Puttasing', 431, 26),
(3862, 'Raighar', 427, 26),
(3863, 'Kundei', 427, 26),
(3864, 'Umarkote', 427, 26),
(3865, 'Chandahandi', 427, 26),
(3866, 'Jharigan', 427, 26),
(3867, 'Dabugan', 427, 26),
(3868, 'Paparahandi', 427, 26),
(3869, 'Kodinga', 427, 26),
(3870, 'Kosagumuda', 427, 26),
(3871, 'Nabarangapur P.S', 427, 26),
(3872, 'Tentulikhunti', 427, 26),
(3873, 'Khatiguda', 427, 26),
(3874, 'Kotpad', 424, 26),
(3875, 'Boriguma', 424, 26),
(3876, 'Bhairabsingipur', 424, 26),
(3877, 'Dasamantapur', 424, 26),
(3878, 'Lakshmipur', 424, 26),
(3879, 'Narayanpatana', 424, 26),
(3880, 'Bandhugaon', 424, 26),
(3881, 'Kakiriguma', 424, 26),
(3882, 'Koraput', 424, 26),
(3883, 'Koraput Town', 424, 26),
(3884, 'Jeypore', 424, 26),
(3885, 'Kundura', 424, 26),
(3886, 'Boipariguda', 424, 26),
(3887, 'Machh Kund', 424, 26),
(3888, 'Padua', 424, 26),
(3889, 'Nandapur', 424, 26),
(3890, 'Similiguda', 424, 26),
(3891, 'Sunabeda', 424, 26),
(3892, 'Damonjodi', 424, 26),
(3893, 'Pottangi', 424, 26),
(3894, 'Kotiya', 424, 26),
(3895, 'Malkangiri', 425, 26),
(3896, 'Mathili', 425, 26),
(3897, 'Mudulipada', 425, 26),
(3898, 'Chitrakonda', 425, 26),
(3899, 'Paparmetla', 425, 26),
(3900, 'Jodamba', 425, 26),
(3901, 'Orkel', 425, 26),
(3902, 'Kalimela', 425, 26),
(3903, 'Podia', 425, 26),
(3904, 'M.V. 79', 425, 26),
(3905, 'Motu', 425, 26),
(3906, 'Bharatpur', 445, 7),
(3907, 'Baikunthpur', 445, 7),
(3908, 'Sonhat', 445, 7),
(3909, 'Manendragarh', 445, 7),
(3910, 'Khadganva', 445, 7),
(3911, 'Ramanujganj', 451, 7),
(3912, 'Balrampur', 451, 7),
(3913, 'Wadrafnagar', 451, 7),
(3914, 'Pratappur', 451, 7),
(3915, 'Samri(Kusmi)', 451, 7),
(3916, 'Shankargarh', 451, 7),
(3917, 'Surajpur', 451, 7),
(3918, 'Oudgi', 451, 7),
(3919, 'Bhaiyathan', 451, 7),
(3920, 'Ramanujnagar', 451, 7),
(3921, 'Premnagar', 451, 7),
(3922, 'Ambikapur', 451, 7),
(3923, 'Lakhanpur', 451, 7),
(3924, 'Udaypur', 451, 7),
(3925, 'Rajpur', 451, 7),
(3926, 'Lundra', 451, 7),
(3927, 'Sitapur', 451, 7),
(3928, 'Batouli', 451, 7),
(3929, 'Mainpat', 451, 7),
(3930, 'Bagicha', 442, 7),
(3931, 'Kansabel', 442, 7),
(3932, 'Jashpur', 442, 7),
(3933, 'Manora', 442, 7),
(3934, 'Kunkuri', 442, 7),
(3935, 'Duldula', 442, 7),
(3936, 'Farsabahar', 442, 7),
(3937, 'Pathalgaon', 442, 7),
(3938, 'Udaipur (Dharamjaigarh)', 448, 7),
(3939, 'Lailunga', 448, 7),
(3940, 'Gharghoda', 448, 7),
(3941, 'Tamnar', 448, 7),
(3942, 'Raigarh', 448, 7),
(3943, 'Pusour', 448, 7),
(3944, 'Kharsia', 448, 7),
(3945, 'Sarangarh', 448, 7),
(3946, 'Baramkela', 448, 7),
(3947, 'Katghora', 444, 7),
(3948, 'Poundi-Uproda', 444, 7),
(3949, 'Pali', 444, 7),
(3950, 'Korba', 444, 7),
(3951, 'Kartala', 444, 7),
(3952, 'Janjgir', 441, 7),
(3953, 'Akaltara', 441, 7),
(3954, 'Baloda', 441, 7),
(3955, 'Nawagarh', 441, 7),
(3956, 'Champa', 441, 7),
(3957, 'Sakti', 441, 7),
(3958, 'Pamgarh', 441, 7),
(3959, 'Dabhra', 441, 7),
(3960, 'Malkharoda', 441, 7),
(3961, 'Jaijaipur', 441, 7),
(3962, 'Pendra Road Gorella', 437, 7),
(3963, 'Marwahi', 437, 7),
(3964, 'Pendra', 437, 7),
(3965, 'Lormi', 437, 7),
(3966, 'Kota', 437, 7),
(3967, 'Mungeli', 437, 7),
(3968, 'Pathariya', 437, 7),
(3969, 'Takhatpur', 437, 7),
(3970, 'Bilaspur', 437, 7),
(3971, 'Masturi', 437, 7),
(3972, 'Bilha', 437, 7),
(3973, 'Kawardha', 443, 7),
(3974, 'Bodla', 443, 7),
(3975, 'Sahaspur Lohara', 443, 7),
(3976, 'Pandariya', 443, 7),
(3977, 'Chhuikhadan', 450, 7),
(3978, 'Khairagarh', 450, 7),
(3979, 'Dongargarh', 450, 7),
(3980, 'Rajnandgaon', 450, 7),
(3981, 'Chhuriya', 450, 7),
(3982, 'Dongargaon', 450, 7),
(3983, 'Mohla', 450, 7),
(3984, 'Manpur', 450, 7),
(3985, 'Ambagarh', 450, 7),
(3986, 'Nawagarh', 440, 7),
(3987, 'Bemetara', 440, 7),
(3988, 'Saja', 440, 7),
(3989, 'Thanakhamria', 440, 7),
(3990, 'Berla', 440, 7),
(3991, 'Dhamdha', 440, 7),
(3992, 'Durg', 440, 7),
(3993, 'Patan', 440, 7),
(3994, 'Gunderdehi', 440, 7),
(3995, 'Dondi Luhara', 440, 7),
(3996, 'Balod', 440, 7),
(3997, 'Dondi', 440, 7),
(3998, 'Gurur', 440, 7),
(3999, 'Simga', 449, 7),
(4000, 'Bhatapara', 449, 7),
(4001, 'Baloda Bazar', 449, 7),
(4002, 'Palari', 449, 7),
(4003, 'Kasdol', 449, 7),
(4004, 'Bilaigarh', 449, 7),
(4005, 'Arang', 449, 7),
(4006, 'Abhanpur', 449, 7),
(4007, 'Raipur', 449, 7),
(4008, 'Rajim', 449, 7),
(4009, 'Tilda', 449, 7),
(4010, 'Bindranavagarh(Gariyaband)', 449, 7),
(4011, 'Chhura', 449, 7),
(4012, 'Mainpur', 449, 7),
(4013, 'Deobhog', 449, 7),
(4014, 'Basna', 446, 7),
(4015, 'Saraipali', 446, 7),
(4016, 'Mahasamund', 446, 7),
(4017, 'Pithora', 446, 7),
(4018, 'Bagbahra', 446, 7),
(4019, 'Kurud', 439, 7),
(4020, 'Magarlod', 439, 7),
(4021, 'Dhamtari', 439, 7),
(4022, 'Nagri', 439, 7),
(4023, 'Charama', 452, 7),
(4024, 'Bhanupratappur', 452, 7),
(4025, 'Durgkondal', 452, 7),
(4026, 'Kanker', 452, 7),
(4027, 'Narharpur', 452, 7),
(4028, 'Antagarh', 452, 7),
(4029, 'Pakhanjur', 452, 7),
(4030, 'Keskal', 435, 7),
(4031, 'Bade Rajpur', 435, 7),
(4032, 'Kondagaon', 435, 7),
(4033, 'Makdi', 435, 7),
(4034, 'Farasgaon', 435, 7),
(4035, 'Jagdalpur', 435, 7),
(4036, 'Lohandiguda', 435, 7),
(4037, 'Bastanar', 435, 7),
(4038, 'Bastar', 435, 7),
(4039, 'Bakavand', 435, 7),
(4040, 'Tokapal', 435, 7),
(4041, 'Darbha', 435, 7),
(4042, 'Narayanpur', 447, 7),
(4043, 'Orchha', 447, 7),
(4044, 'Dantewada', 438, 7),
(4045, 'Gidam', 438, 7),
(4046, 'Katekalyan', 438, 7),
(4047, 'Kuakonda', 438, 7),
(4048, 'Konta', 438, 7),
(4049, 'Chhindgarh', 438, 7),
(4050, 'Sukma', 438, 7),
(4051, 'Bhopalpattnam', 436, 7),
(4052, 'Usur', 436, 7),
(4053, 'Bijapur', 436, 7),
(4054, 'Bhairamgarh', 436, 7),
(4055, 'Vijaypur', 495, 20),
(4056, 'Beerpur', 495, 20),
(4057, 'Sheopur', 495, 20),
(4058, 'Badoda', 495, 20),
(4059, 'Karahal', 495, 20),
(4060, 'Ambah', 481, 20),
(4061, 'Porsa', 481, 20),
(4062, 'Morena', 481, 20),
(4063, 'Joura', 481, 20),
(4064, 'Kailaras', 481, 20),
(4065, 'Sabalgarh', 481, 20),
(4066, 'Ater', 459, 20),
(4067, 'Bhind', 459, 20),
(4068, 'Mehgaon', 459, 20),
(4069, 'Gormi', 459, 20),
(4070, 'Gohad', 459, 20),
(4071, 'Ron', 459, 20),
(4072, 'Mihona', 459, 20),
(4073, 'Lahar', 459, 20),
(4074, 'Gwalior (Gird)', 470, 20),
(4075, 'Dabra (Pichhore)', 470, 20),
(4076, 'Bhitarwar', 470, 20),
(4077, 'Chinour', 470, 20),
(4078, 'Seondha', 465, 20),
(4079, 'Indergarh', 465, 20),
(4080, 'Datia', 465, 20),
(4081, 'Bhander', 465, 20),
(4082, 'Pohri', 496, 20),
(4083, 'Shivpuri', 496, 20),
(4084, 'Narwar', 496, 20),
(4085, 'Karera', 496, 20),
(4086, 'Kolaras', 496, 20),
(4087, 'Badarwas', 496, 20),
(4088, 'Pichhore', 496, 20),
(4089, 'Khaniyadhana', 496, 20),
(4090, 'Niwari', 499, 20),
(4091, 'Orchha', 499, 20),
(4092, 'Prithvipur', 499, 20),
(4093, 'Jatara', 499, 20),
(4094, 'Mohangarh', 499, 20),
(4095, 'Palera', 499, 20),
(4096, 'Baldeogarh', 499, 20),
(4097, 'Khargapur', 499, 20),
(4098, 'Tikamgarh', 499, 20),
(4099, 'Gaurihar', 462, 20),
(4100, 'Laundi', 462, 20),
(4101, 'Chandla', 462, 20),
(4102, 'Nowgong', 462, 20),
(4103, 'Maharajpur', 462, 20),
(4104, 'Chhatarpur', 462, 20),
(4105, 'Rajnagar', 462, 20),
(4106, 'Bada Malhera', 462, 20),
(4107, 'Ghuwara', 462, 20),
(4108, 'Bijawar', 462, 20),
(4109, 'Buxwaha', 462, 20),
(4110, 'Ajaigarh', 484, 20),
(4111, 'Panna', 484, 20),
(4112, 'Devendranagar', 484, 20),
(4113, 'Gunnor', 484, 20),
(4114, 'Amanganj', 484, 20),
(4115, 'Pawai', 484, 20),
(4116, 'Shahnagar', 484, 20),
(4117, 'Raipura', 484, 20),
(4118, 'Bina', 489, 20),
(4119, 'Khurai', 489, 20),
(4120, 'Malthon', 489, 20),
(4121, 'Banda', 489, 20),
(4122, 'Shahgarh', 489, 20),
(4123, 'Rahatgarh', 489, 20),
(4124, 'Sagar', 489, 20),
(4125, 'Garhakota', 489, 20),
(4126, 'Rehli', 489, 20),
(4127, 'Kesli', 489, 20),
(4128, 'Deori', 489, 20),
(4129, 'Hatta', 464, 20),
(4130, 'Patera', 464, 20),
(4131, 'Batiyagarh', 464, 20),
(4132, 'Patharia', 464, 20),
(4133, 'Damoh', 464, 20),
(4134, 'Jabera', 464, 20),
(4135, 'Tendukheda', 464, 20),
(4136, 'Raghurajnagar', 490, 20),
(4137, 'Majhgawan', 490, 20),
(4138, 'Birsinghpur', 490, 20),
(4139, 'Nagod', 490, 20),
(4140, 'Unchahara', 490, 20),
(4141, 'Rampur Baghelan', 490, 20),
(4142, 'Kotar', 490, 20),
(4143, 'Amarpatan', 490, 20),
(4144, 'Ramnagar', 490, 20),
(4145, 'Maihar', 490, 20),
(4146, 'Teonthar', 488, 20),
(4147, 'Jawa', 488, 20),
(4148, 'Sirmour', 488, 20),
(4149, 'Mangawan', 488, 20),
(4150, 'Semaria', 488, 20),
(4151, 'Hanumana', 488, 20),
(4152, 'Mauganj', 488, 20),
(4153, 'Naigarhi', 488, 20),
(4154, 'Huzur', 488, 20),
(4155, 'Raipur - Karchuliyan', 488, 20),
(4156, 'Gurh', 488, 20),
(4157, 'Bandhogarh', 501, 20),
(4158, 'Chandia', 501, 20),
(4159, 'Manpur', 501, 20),
(4160, 'Pali', 501, 20),
(4161, 'Nowrozabad', 501, 20),
(4162, 'Jawad', 483, 20),
(4163, 'Singoli', 483, 20),
(4164, 'Neemuch', 483, 20),
(4165, 'Jiran', 483, 20),
(4166, 'Manasa', 483, 20),
(4167, 'Bhanpura', 480, 20),
(4168, 'Malhargarh', 480, 20),
(4169, 'Garoth', 480, 20),
(4170, 'Shamgarh', 480, 20),
(4171, 'Mandsaur', 480, 20),
(4172, 'Daloda', 480, 20),
(4173, 'Sitamau', 480, 20),
(4174, 'Suwasara', 480, 20),
(4175, 'Piploda', 487, 20),
(4176, 'Jaora', 487, 20),
(4177, 'Alot', 487, 20),
(4178, 'Tal', 487, 20),
(4179, 'Sailana', 487, 20),
(4180, 'Bajna', 487, 20),
(4181, 'Rawti', 487, 20),
(4182, 'Ratlam', 487, 20),
(4183, 'Khacharod', 500, 20),
(4184, 'Nagda', 500, 20),
(4185, 'Mahidpur', 500, 20),
(4186, 'Ghatiya', 500, 20),
(4187, 'Tarana', 500, 20),
(4188, 'Ujjain', 500, 20),
(4189, 'Badnagar', 500, 20),
(4190, 'Susner', 494, 20),
(4191, 'Nalkheda', 494, 20),
(4192, 'Badod', 494, 20),
(4193, 'Agar', 494, 20),
(4194, 'Shajapur', 494, 20),
(4195, 'Gulana', 494, 20),
(4196, 'Moman Badodiya', 494, 20),
(4197, 'Shujalpur', 494, 20),
(4198, 'Kalapipal', 494, 20),
(4199, 'Tonk Khurd', 466, 20),
(4200, 'Sonkatch', 466, 20),
(4201, 'Dewas', 466, 20),
(4202, 'Kannod', 466, 20),
(4203, 'Satwas', 466, 20),
(4204, 'Bagli', 466, 20),
(4205, 'Hatpiplya', 466, 20),
(4206, 'Khategaon', 466, 20),
(4207, 'Badnawar', 467, 20),
(4208, 'Sardarpur', 467, 20),
(4209, 'Dhar', 467, 20),
(4210, 'Gandhwani', 467, 20),
(4211, 'Kukshi', 467, 20),
(4212, 'Dahi', 467, 20),
(4213, 'Manawar', 467, 20),
(4214, 'Dharampuri', 467, 20),
(4215, 'Depalpur', 473, 20),
(4216, 'Hatod', 473, 20),
(4217, 'Sawer', 473, 20),
(4218, 'Indore', 473, 20),
(4219, 'Mhow', 473, 20),
(4220, 'Barwaha', 478, 20),
(4221, 'Maheshwar', 478, 20),
(4222, 'Kasrawad', 478, 20),
(4223, 'Segaon', 478, 20),
(4224, 'Bhikangaon', 478, 20),
(4225, 'Khargone', 478, 20),
(4226, 'Gogaon', 478, 20),
(4227, 'Bhagwanpura', 478, 20),
(4228, 'Jhiranya', 478, 20),
(4229, 'Barwani', 457, 20),
(4230, 'Pati', 457, 20),
(4231, 'Thikri', 457, 20),
(4232, 'Anjad', 457, 20),
(4233, 'Rajpur', 457, 20),
(4234, 'Pansemal', 457, 20),
(4235, 'Niwali', 457, 20),
(4236, 'Sendhwa', 457, 20),
(4237, 'Varla', 457, 20),
(4238, 'Jirapur', 486, 20),
(4239, 'Khilchipur', 486, 20),
(4240, 'Rajgarh', 486, 20),
(4241, 'Biaora', 486, 20),
(4242, 'Sarangpur', 486, 20),
(4243, 'Narsinghgarh', 486, 20),
(4244, 'Pachore', 486, 20),
(4245, 'Lateri', 502, 20),
(4246, 'Sironj', 502, 20),
(4247, 'Kurwai', 502, 20),
(4248, 'Basoda', 502, 20),
(4249, 'Tyonda', 502, 20),
(4250, 'Nateran', 502, 20),
(4251, 'Shamshabad', 502, 20),
(4252, 'Gyaraspur', 502, 20),
(4253, 'Gulabganj', 502, 20),
(4254, 'Vidisha', 502, 20),
(4255, 'Berasia', 460, 20),
(4256, 'Huzur', 460, 20),
(4257, 'Sehore', 491, 20),
(4258, 'Shyampur', 491, 20),
(4259, 'Ashta', 491, 20),
(4260, 'Jawar', 491, 20),
(4261, 'Ichhawar', 491, 20),
(4262, 'Nasrullaganj', 491, 20),
(4263, 'Budni', 491, 20),
(4264, 'Rehti', 491, 20),
(4265, 'Raisen', 485, 20),
(4266, 'Gairatganj', 485, 20),
(4267, 'Begamganj', 485, 20),
(4268, 'Goharganj', 485, 20),
(4269, 'Baraily', 485, 20),
(4270, 'Badi', 485, 20),
(4271, 'Silwani', 485, 20),
(4272, 'Udaipura', 485, 20),
(4273, 'Bhainsdehi', 458, 20),
(4274, 'Athner', 458, 20),
(4275, 'Betul', 458, 20),
(4276, 'Chicholi', 458, 20),
(4277, 'Ghoda Dongri', 458, 20),
(4278, 'Shahpur', 458, 20),
(4279, 'Multai', 458, 20),
(4280, 'Amla', 458, 20),
(4281, 'Khirkiya', 471, 20),
(4282, 'Sirali', 471, 20),
(4283, 'Harda', 471, 20),
(4284, 'Handiya', 471, 20),
(4285, 'Timarni', 471, 20),
(4286, 'Rehatgaon', 471, 20),
(4287, 'Seoni-Malwa', 472, 20),
(4288, 'Itarsi', 472, 20),
(4289, 'Hoshangabad', 472, 20),
(4290, 'Dolariya', 472, 20),
(4291, 'Babai', 472, 20),
(4292, 'Sohagpur', 472, 20),
(4293, 'Pipariya', 472, 20),
(4294, 'Bankhedi', 472, 20),
(4295, 'Murwara', 476, 20),
(4296, 'Rithi', 476, 20),
(4297, 'Barhi', 476, 20),
(4298, 'Badwara', 476, 20),
(4299, 'Vijayraghavgarh', 476, 20),
(4300, 'Bahoriband', 476, 20),
(4301, 'Dhimarkheda', 476, 20),
(4302, 'Sihora', 474, 20),
(4303, 'Majholi', 474, 20),
(4304, 'Patan', 474, 20),
(4305, 'Shahpura', 474, 20),
(4306, 'Jabalpur', 474, 20),
(4307, 'Panagar', 474, 20),
(4308, 'Kundam', 474, 20),
(4309, 'Gotegaon', 482, 20),
(4310, 'Gadarwara', 482, 20),
(4311, 'Narsimhapur', 482, 20),
(4312, 'Kareli', 482, 20),
(4313, 'Tendukheda', 482, 20),
(4314, 'Shahpura', 468, 20),
(4315, 'Dindori', 468, 20),
(4316, 'Niwas', 479, 20),
(4317, 'Narayanganj', 479, 20),
(4318, 'Mandla', 479, 20),
(4319, 'Ghughari', 479, 20),
(4320, 'Bichhiya', 479, 20),
(4321, 'Nainpur', 479, 20),
(4322, 'Tamia', 463, 20),
(4323, 'Amarwara', 463, 20),
(4324, 'Harrai', 463, 20),
(4325, 'Chaurai', 463, 20),
(4326, 'Jamai', 463, 20),
(4327, 'Parasia', 463, 20),
(4328, 'Umreth', 463, 20),
(4329, 'Chhindwara', 463, 20),
(4330, 'Mohkhed', 463, 20),
(4331, 'Sausar', 463, 20),
(4332, 'Bichhua', 463, 20),
(4333, 'Pandhurna', 463, 20),
(4334, 'Lakhnadon', 492, 20),
(4335, 'Chhapara', 492, 20),
(4336, 'Ghansaur', 492, 20),
(4337, 'Dhanora', 492, 20),
(4338, 'Keolari', 492, 20),
(4339, 'Seoni', 492, 20),
(4340, 'Barghat', 492, 20),
(4341, 'Kurai', 492, 20),
(4342, 'Katangi', 456, 20),
(4343, 'Tirodi', 456, 20),
(4344, 'Waraseoni', 456, 20),
(4345, 'Khairlanji', 456, 20),
(4346, 'Lalbarra', 456, 20),
(4347, 'Balaghat', 456, 20),
(4348, 'Kirnapur', 456, 20),
(4349, 'Baihar', 456, 20),
(4350, 'Paraswada', 456, 20),
(4351, 'Lanji', 456, 20),
(4352, 'Guna', 469, 20),
(4353, 'Bamori', 469, 20),
(4354, 'Raghogarh', 469, 20),
(4355, 'Maksoodangarh', 469, 20),
(4356, 'Kumbhraj', 469, 20),
(4357, 'Aron', 469, 20),
(4358, 'Chachaura', 469, 20),
(4359, 'Isagarh', 455, 20),
(4360, 'Chanderi', 455, 20),
(4361, 'Ashoknagar', 455, 20),
(4362, 'Shadhora', 455, 20),
(4363, 'Mungaoli', 455, 20),
(4364, 'Beohari', 493, 20),
(4365, 'Jaisinghnagar', 493, 20),
(4366, 'Sohagpur', 493, 20),
(4367, 'Jaitpur', 493, 20),
(4368, 'Kotma', 454, 20),
(4369, 'Anuppur', 454, 20),
(4370, 'Jaithari', 454, 20),
(4371, 'Pushparajgarh', 454, 20),
(4372, 'Rampur Naikin', 497, 20),
(4373, 'Churhat', 497, 20),
(4374, 'Gopadbanas', 497, 20),
(4375, 'Sihawal', 497, 20),
(4376, 'Majhauli', 497, 20),
(4377, 'Kusmi', 497, 20),
(4378, 'Chitrangi', 498, 20),
(4379, 'Deosar', 498, 20),
(4380, 'Singrauli', 498, 20),
(4381, 'Thandla', 475, 20),
(4382, 'Petlawad', 475, 20),
(4383, 'Meghnagar', 475, 20),
(4384, 'Jhabua', 475, 20),
(4385, 'Ranapur', 475, 20),
(4386, 'Bhavra', 453, 20),
(4387, 'Jobat', 453, 20),
(4388, 'Alirajpur', 453, 20),
(4389, 'Harsud', 477, 20),
(4390, 'Khalwa', 477, 20),
(4391, 'Khandwa', 477, 20),
(4392, 'Punasa', 477, 20),
(4393, 'Pandhana', 477, 20),
(4394, 'Burhanpur', 461, 20),
(4395, 'Khaknar', 461, 20),
(4396, 'Nepanagar', 461, 20),
(4397, 'Lakhpat', 513, 12);
INSERT INTO `block` (`id`, `block`, `district_id`, `state_id`) VALUES
(4398, 'Rapar', 513, 12),
(4399, 'Bhachau', 513, 12),
(4400, 'Anjar', 513, 12),
(4401, 'Bhuj', 513, 12),
(4402, 'Nakhatrana', 513, 12),
(4403, 'Abdasa', 513, 12),
(4404, 'Mandvi', 513, 12),
(4405, 'Mundra', 513, 12),
(4406, 'Gandhidham', 513, 12),
(4407, 'Vav', 506, 12),
(4408, 'Tharad', 506, 12),
(4409, 'Dhanera', 506, 12),
(4410, 'Dantiwada', 506, 12),
(4411, 'Amirgadh', 506, 12),
(4412, 'Danta', 506, 12),
(4413, 'Vadgam', 506, 12),
(4414, 'Palanpur', 506, 12),
(4415, 'Deesa', 506, 12),
(4416, 'Deodar', 506, 12),
(4417, 'Bhabhar', 506, 12),
(4418, 'Kankrej', 506, 12),
(4419, 'Santalpur', 519, 12),
(4420, 'Radhanpur', 519, 12),
(4421, 'Sidhpur', 519, 12),
(4422, 'Patan', 519, 12),
(4423, 'Harij', 519, 12),
(4424, 'Sami', 519, 12),
(4425, 'Chanasma', 519, 12),
(4426, 'Satlasana', 515, 12),
(4427, 'Kheralu', 515, 12),
(4428, 'Unjha', 515, 12),
(4429, 'Visnagar', 515, 12),
(4430, 'Vadnagar', 515, 12),
(4431, 'Vijapur', 515, 12),
(4432, 'Mahesana', 515, 12),
(4433, 'Becharaji', 515, 12),
(4434, 'Kadi', 515, 12),
(4435, 'Khedbrahma', 522, 12),
(4436, 'Vijaynagar', 522, 12),
(4437, 'Vadali', 522, 12),
(4438, 'Idar', 522, 12),
(4439, 'Bhiloda', 522, 12),
(4440, 'Meghraj', 522, 12),
(4441, 'Himatnagar', 522, 12),
(4442, 'Prantij', 522, 12),
(4443, 'Talod', 522, 12),
(4444, 'Modasa', 522, 12),
(4445, 'Dhansura', 522, 12),
(4446, 'Malpur', 522, 12),
(4447, 'Bayad', 522, 12),
(4448, 'Kalol', 510, 12),
(4449, 'Mansa', 510, 12),
(4450, 'Gandhinagar', 510, 12),
(4451, 'Dehgam', 510, 12),
(4452, 'Mandal', 503, 12),
(4453, 'Detroj-Rampura', 503, 12),
(4454, 'Viramgam', 503, 12),
(4455, 'Sanand', 503, 12),
(4456, 'Ahmadabad City', 503, 12),
(4457, 'Daskroi', 503, 12),
(4458, 'Dholka', 503, 12),
(4459, 'Bavla', 503, 12),
(4460, 'Ranpur', 503, 12),
(4461, 'Barwala', 503, 12),
(4462, 'Dhandhuka', 503, 12),
(4463, 'Halvad', 524, 12),
(4464, 'Dhrangadhra', 524, 12),
(4465, 'Dasada', 524, 12),
(4466, 'Lakhtar', 524, 12),
(4467, 'Wadhwan', 524, 12),
(4468, 'Muli', 524, 12),
(4469, 'Chotila', 524, 12),
(4470, 'Sayla', 524, 12),
(4471, 'Chuda', 524, 12),
(4472, 'Limbdi', 524, 12),
(4473, 'Maliya', 521, 12),
(4474, 'Morvi', 521, 12),
(4475, 'Tankara', 521, 12),
(4476, 'Wankaner', 521, 12),
(4477, 'Paddhari', 521, 12),
(4478, 'Rajkot', 521, 12),
(4479, 'Lodhika', 521, 12),
(4480, 'Kotda Sangani', 521, 12),
(4481, 'Jasdan', 521, 12),
(4482, 'Gondal', 521, 12),
(4483, 'Jamkandorna', 521, 12),
(4484, 'Upleta', 521, 12),
(4485, 'Dhoraji', 521, 12),
(4486, 'Jetpur', 521, 12),
(4487, 'Okhamandal', 511, 12),
(4488, 'Khambhalia', 511, 12),
(4489, 'Jamnagar', 511, 12),
(4490, 'Jodiya', 511, 12),
(4491, 'Dhrol', 511, 12),
(4492, 'Kalavad', 511, 12),
(4493, 'Lalpur', 511, 12),
(4494, 'Kalyanpur', 511, 12),
(4495, 'Bhanvad', 511, 12),
(4496, 'Jamjodhpur', 511, 12),
(4497, 'Porbandar', 520, 12),
(4498, 'Ranavav', 520, 12),
(4499, 'Kutiyana', 520, 12),
(4500, 'Manavadar', 512, 12),
(4501, 'Vanthali', 512, 12),
(4502, 'Junagadh', 512, 12),
(4503, 'Bhesan', 512, 12),
(4504, 'Visavadar', 512, 12),
(4505, 'Mendarda', 512, 12),
(4506, 'Keshod', 512, 12),
(4507, 'Mangrol', 512, 12),
(4508, 'Malia', 512, 12),
(4509, 'Talala', 512, 12),
(4510, 'Patan-Veraval', 512, 12),
(4511, 'Sutrapada', 512, 12),
(4512, 'Kodinar', 512, 12),
(4513, 'Una', 512, 12),
(4514, 'Kunkavav Vadia', 504, 12),
(4515, 'Babra', 504, 12),
(4516, 'Lathi', 504, 12),
(4517, 'Lilia', 504, 12),
(4518, 'Amreli', 504, 12),
(4519, 'Bagasara', 504, 12),
(4520, 'Dhari', 504, 12),
(4521, 'Savar Kundla', 504, 12),
(4522, 'Khambha', 504, 12),
(4523, 'Jafrabad', 504, 12),
(4524, 'Rajula', 504, 12),
(4525, 'Botad', 508, 12),
(4526, 'Vallabhipur', 508, 12),
(4527, 'Gadhada', 508, 12),
(4528, 'Umrala', 508, 12),
(4529, 'Bhavnagar', 508, 12),
(4530, 'Ghogha', 508, 12),
(4531, 'Sihor', 508, 12),
(4532, 'Gariadhar', 508, 12),
(4533, 'Palitana', 508, 12),
(4534, 'Talaja', 508, 12),
(4535, 'Mahuva', 508, 12),
(4536, 'Tarapur', 505, 12),
(4537, 'Sojitra', 505, 12),
(4538, 'Umreth', 505, 12),
(4539, 'Anand', 505, 12),
(4540, 'Petlad', 505, 12),
(4541, 'Khambhat', 505, 12),
(4542, 'Borsad', 505, 12),
(4543, 'Anklav', 505, 12),
(4544, 'Kapadvanj', 514, 12),
(4545, 'Virpur', 514, 12),
(4546, 'Balasinor', 514, 12),
(4547, 'Kathlal', 514, 12),
(4548, 'Mehmedabad', 514, 12),
(4549, 'Kheda', 514, 12),
(4550, 'Matar', 514, 12),
(4551, 'Nadiad', 514, 12),
(4552, 'Mahudha', 514, 12),
(4553, 'Thasra', 514, 12),
(4554, 'Khanpur', 518, 12),
(4555, 'Kadana', 518, 12),
(4556, 'Santrampur', 518, 12),
(4557, 'Lunawada', 518, 12),
(4558, 'Shehera', 518, 12),
(4559, 'Morwa (Hadaf)', 518, 12),
(4560, 'Godhra', 518, 12),
(4561, 'Kalol', 518, 12),
(4562, 'Ghoghamba', 518, 12),
(4563, 'Halol', 518, 12),
(4564, 'Jambughoda', 518, 12),
(4565, 'Fatepura', 509, 12),
(4566, 'Jhalod', 509, 12),
(4567, 'Limkheda', 509, 12),
(4568, 'Dohad', 509, 12),
(4569, 'Garbada', 509, 12),
(4570, 'Devgadbaria', 509, 12),
(4571, 'Dhanpur', 509, 12),
(4572, 'Savli', 527, 12),
(4573, 'Vadodara', 527, 12),
(4574, 'Vaghodia', 527, 12),
(4575, 'Jetpur Pavi', 527, 12),
(4576, 'Chhota Udaipur', 527, 12),
(4577, 'Kavant', 527, 12),
(4578, 'Nasvadi', 527, 12),
(4579, 'Sankheda', 527, 12),
(4580, 'Dabhoi', 527, 12),
(4581, 'Padra', 527, 12),
(4582, 'Karjan', 527, 12),
(4583, 'Sinor', 527, 12),
(4584, 'Tilakwada', 516, 12),
(4585, 'Nandod', 516, 12),
(4586, 'Dediapada', 516, 12),
(4587, 'Sagbara', 516, 12),
(4588, 'Jambusar', 507, 12),
(4589, 'Amod', 507, 12),
(4590, 'Vagra', 507, 12),
(4591, 'Bharuch', 507, 12),
(4592, 'Jhagadia', 507, 12),
(4593, 'Anklesvar', 507, 12),
(4594, 'Hansot', 507, 12),
(4595, 'Valia', 507, 12),
(4596, 'The Dangs', 526, 12),
(4597, 'Navsari', 517, 12),
(4598, 'Jalalpore', 517, 12),
(4599, 'Gandevi', 517, 12),
(4600, 'Chikhli', 517, 12),
(4601, 'Bansda', 517, 12),
(4602, 'Valsad', 528, 12),
(4603, 'Dharampur', 528, 12),
(4604, 'Pardi', 528, 12),
(4605, 'Kaprada', 528, 12),
(4606, 'Umbergaon', 528, 12),
(4607, 'Olpad', 523, 12),
(4608, 'Mangrol', 523, 12),
(4609, 'Umarpada', 523, 12),
(4610, 'Mandvi', 523, 12),
(4611, 'Kamrej', 523, 12),
(4612, 'Surat City', 523, 12),
(4613, 'Chorasi', 523, 12),
(4614, 'Palsana', 523, 12),
(4615, 'Bardoli', 523, 12),
(4616, 'Mahuva', 523, 12),
(4617, 'Nizar', 525, 12),
(4618, 'Uchchhal', 525, 12),
(4619, 'Songadh', 525, 12),
(4620, 'Vyara', 525, 12),
(4621, 'Valod', 525, 12),
(4622, 'Diu', 530, 9),
(4623, 'Daman', 529, 9),
(4624, 'Dadra & Nagar Haveli', 531, 8),
(4625, 'Akkalkuwa', 552, 21),
(4626, 'Akrani', 552, 21),
(4627, 'Talode', 552, 21),
(4628, 'Shahade', 552, 21),
(4629, 'Nandurbar', 552, 21),
(4630, 'Nawapur', 552, 21),
(4631, 'Shirpur', 540, 21),
(4632, 'Sindkhede', 540, 21),
(4633, 'Sakri', 540, 21),
(4634, 'Dhule', 540, 21),
(4635, 'Chopda', 544, 21),
(4636, 'Yawal', 544, 21),
(4637, 'Raver', 544, 21),
(4638, 'Muktainagar', 544, 21),
(4639, 'Bodvad', 544, 21),
(4640, 'Bhusawal', 544, 21),
(4641, 'Jalgaon', 544, 21),
(4642, 'Erandol', 544, 21),
(4643, 'Dharangaon', 544, 21),
(4644, 'Amalner', 544, 21),
(4645, 'Parola', 544, 21),
(4646, 'Bhadgaon', 544, 21),
(4647, 'Chalisgaon', 544, 21),
(4648, 'Pachora', 544, 21),
(4649, 'Jamner', 544, 21),
(4650, 'Jalgaon (Jamod)', 538, 21),
(4651, 'Sangrampur', 538, 21),
(4652, 'Shegaon', 538, 21),
(4653, 'Nandura', 538, 21),
(4654, 'Malkapur', 538, 21),
(4655, 'Motala', 538, 21),
(4656, 'Khamgaon', 538, 21),
(4657, 'Mehkar', 538, 21),
(4658, 'Chikhli', 538, 21),
(4659, 'Buldana', 538, 21),
(4660, 'Deolgaon Raja', 538, 21),
(4661, 'Sindkhed Raja', 538, 21),
(4662, 'Lonar', 538, 21),
(4663, 'Telhara', 533, 21),
(4664, 'Akot', 533, 21),
(4665, 'Balapur', 533, 21),
(4666, 'Akola', 533, 21),
(4667, 'Murtijapur', 533, 21),
(4668, 'Patur', 533, 21),
(4669, 'Barshitakli', 533, 21),
(4670, 'Malegaon', 565, 21),
(4671, 'Mangrulpir', 565, 21),
(4672, 'Karanja', 565, 21),
(4673, 'Manora', 565, 21),
(4674, 'Washim', 565, 21),
(4675, 'Risod', 565, 21),
(4676, 'Dharni', 534, 21),
(4677, 'Chikhaldara', 534, 21),
(4678, 'Anjangaon Surji', 534, 21),
(4679, 'Achalpur', 534, 21),
(4680, 'Chandurbazar', 534, 21),
(4681, 'Morshi', 534, 21),
(4682, 'Warud', 534, 21),
(4683, 'Teosa', 534, 21),
(4684, 'Amravati', 534, 21),
(4685, 'Bhatkuli', 534, 21),
(4686, 'Daryapur', 534, 21),
(4687, 'Nandgaon-Khandeshwar', 534, 21),
(4688, 'Chandur Railway', 534, 21),
(4689, 'Dhamangaon Railway', 534, 21),
(4690, 'Ashti', 564, 21),
(4691, 'Karanja', 564, 21),
(4692, 'Arvi', 564, 21),
(4693, 'Seloo', 564, 21),
(4694, 'Wardha', 564, 21),
(4695, 'Deoli', 564, 21),
(4696, 'Hinganghat', 564, 21),
(4697, 'Samudrapur', 564, 21),
(4698, 'Narkhed', 550, 21),
(4699, 'Katol', 550, 21),
(4700, 'Kalameshwar', 550, 21),
(4701, 'Savner', 550, 21),
(4702, 'Parseoni', 550, 21),
(4703, 'Ramtek', 550, 21),
(4704, 'Mauda', 550, 21),
(4705, 'Kamptee', 550, 21),
(4706, 'Nagpur (Rural)', 550, 21),
(4707, 'Nagpur (Urban)', 550, 21),
(4708, 'Hingna', 550, 21),
(4709, 'Umred', 550, 21),
(4710, 'Kuhi', 550, 21),
(4711, 'Bhiwapur', 550, 21),
(4712, 'Tumsar', 537, 21),
(4713, 'Mohadi', 537, 21),
(4714, 'Bhandara', 537, 21),
(4715, 'Sakoli', 537, 21),
(4716, 'Lakhani', 537, 21),
(4717, 'Pauni', 537, 21),
(4718, 'Lakhandur', 537, 21),
(4719, 'Tirora', 542, 21),
(4720, 'Goregaon', 542, 21),
(4721, 'Gondiya', 542, 21),
(4722, 'Amgaon', 542, 21),
(4723, 'Salekasa', 542, 21),
(4724, 'Sadak-Arjuni', 542, 21),
(4725, 'Arjuni Morgaon', 542, 21),
(4726, 'Deori', 542, 21),
(4727, 'Desaiganj (Vadasa)', 541, 21),
(4728, 'Armori', 541, 21),
(4729, 'Kurkheda', 541, 21),
(4730, 'Korchi', 541, 21),
(4731, 'Dhanora', 541, 21),
(4732, 'Gadchiroli', 541, 21),
(4733, 'Chamorshi', 541, 21),
(4734, 'Mulchera', 541, 21),
(4735, 'Etapalli', 541, 21),
(4736, 'Bhamragad', 541, 21),
(4737, 'Aheri', 541, 21),
(4738, 'Sironcha', 541, 21),
(4739, 'Warora', 539, 21),
(4740, 'Chimur', 539, 21),
(4741, 'Nagbhir', 539, 21),
(4742, 'Brahmapuri', 539, 21),
(4743, 'Sawali', 539, 21),
(4744, 'Sindewahi', 539, 21),
(4745, 'Bhadravati', 539, 21),
(4746, 'Chandrapur', 539, 21),
(4747, 'Mul', 539, 21),
(4748, 'Pombhurna', 539, 21),
(4749, 'Ballarpur', 539, 21),
(4750, 'Korpana', 539, 21),
(4751, 'Jiwati', 539, 21),
(4752, 'Rajura', 539, 21),
(4753, 'Gondpipri', 539, 21),
(4754, 'Ner', 566, 21),
(4755, 'Babulgaon', 566, 21),
(4756, 'Kalamb', 566, 21),
(4757, 'Yavatmal', 566, 21),
(4758, 'Darwha', 566, 21),
(4759, 'Digras', 566, 21),
(4760, 'Pusad', 566, 21),
(4761, 'Umarkhed', 566, 21),
(4762, 'Mahagaon', 566, 21),
(4763, 'Arni', 566, 21),
(4764, 'Ghatanji', 566, 21),
(4765, 'Kelapur', 566, 21),
(4766, 'Ralegaon', 566, 21),
(4767, 'Maregaon', 566, 21),
(4768, 'Zari-Jamani', 566, 21),
(4769, 'Wani', 566, 21),
(4770, 'Mahoor', 551, 21),
(4771, 'Kinwat', 551, 21),
(4772, 'Himayatnagar', 551, 21),
(4773, 'Hadgaon', 551, 21),
(4774, 'Ardhapur', 551, 21),
(4775, 'Nanded', 551, 21),
(4776, 'Mudkhed', 551, 21),
(4777, 'Bhokar', 551, 21),
(4778, 'Umri', 551, 21),
(4779, 'Dharmabad', 551, 21),
(4780, 'Biloli', 551, 21),
(4781, 'Naigaon (Khairgaon)', 551, 21),
(4782, 'Loha', 551, 21),
(4783, 'Kandhar', 551, 21),
(4784, 'Mukhed', 551, 21),
(4785, 'Deglur', 551, 21),
(4786, 'Sengaon', 543, 21),
(4787, 'Hingoli', 543, 21),
(4788, 'Aundha (Nagnath)', 543, 21),
(4789, 'Kalamnuri', 543, 21),
(4790, 'Basmath', 543, 21),
(4791, 'Sailu', 555, 21),
(4792, 'Jintur', 555, 21),
(4793, 'Parbhani', 555, 21),
(4794, 'Manwath', 555, 21),
(4795, 'Pathri', 555, 21),
(4796, 'Sonpeth', 555, 21),
(4797, 'Gangakhed', 555, 21),
(4798, 'Palam', 555, 21),
(4799, 'Purna', 555, 21),
(4800, 'Bhokardan', 545, 21),
(4801, 'Jafferabad', 545, 21),
(4802, 'Jalna', 545, 21),
(4803, 'Badnapur', 545, 21),
(4804, 'Ambad', 545, 21),
(4805, 'Ghansawangi', 545, 21),
(4806, 'Partur', 545, 21),
(4807, 'Mantha', 545, 21),
(4808, 'Kannad', 535, 21),
(4809, 'Soegaon', 535, 21),
(4810, 'Sillod', 535, 21),
(4811, 'Phulambri', 535, 21),
(4812, 'Aurangabad', 535, 21),
(4813, 'Khuldabad', 535, 21),
(4814, 'Vaijapur', 535, 21),
(4815, 'Gangapur', 535, 21),
(4816, 'Paithan', 535, 21),
(4817, 'Surgana', 553, 21),
(4818, 'Kalwan', 553, 21),
(4819, 'Deola', 553, 21),
(4820, 'Baglan', 553, 21),
(4821, 'Malegaon', 553, 21),
(4822, 'Nandgaon', 553, 21),
(4823, 'Chandvad', 553, 21),
(4824, 'Dindori', 553, 21),
(4825, 'Peint', 553, 21),
(4826, 'Trimbakeshwar', 553, 21),
(4827, 'Nashik', 553, 21),
(4828, 'Igatpuri', 553, 21),
(4829, 'Sinnar', 553, 21),
(4830, 'Niphad', 553, 21),
(4831, 'Yevla', 553, 21),
(4832, 'Talasari', 563, 21),
(4833, 'Dahanu', 563, 21),
(4834, 'Vikramgad', 563, 21),
(4835, 'Jawhar', 563, 21),
(4836, 'Mokhada', 563, 21),
(4837, 'Vada', 563, 21),
(4838, 'Palghar', 563, 21),
(4839, 'Vasai', 563, 21),
(4840, 'Thane', 563, 21),
(4841, 'Bhiwandi', 563, 21),
(4842, 'Shahapur', 563, 21),
(4843, 'Kalyan', 563, 21),
(4844, 'Ulhasnagar', 563, 21),
(4845, 'Ambarnath', 563, 21),
(4846, 'Murbad', 563, 21),
(4847, 'Uran', 557, 21),
(4848, 'Panvel', 557, 21),
(4849, 'Karjat', 557, 21),
(4850, 'Khalapur', 557, 21),
(4851, 'Pen', 557, 21),
(4852, 'Alibag', 557, 21),
(4853, 'Murud', 557, 21),
(4854, 'Roha', 557, 21),
(4855, 'Sudhagad', 557, 21),
(4856, 'Mangaon', 557, 21),
(4857, 'Tala', 557, 21),
(4858, 'Shrivardhan', 557, 21),
(4859, 'Mhasla', 557, 21),
(4860, 'Mahad', 557, 21),
(4861, 'Poladpur', 557, 21),
(4862, 'Junnar', 556, 21),
(4863, 'Ambegaon', 556, 21),
(4864, 'Shirur', 556, 21),
(4865, 'Khed', 556, 21),
(4866, 'Mawal', 556, 21),
(4867, 'Mulshi', 556, 21),
(4868, 'Haveli', 556, 21),
(4869, 'Pune City', 556, 21),
(4870, 'Daund', 556, 21),
(4871, 'Purandhar', 556, 21),
(4872, 'Velhe', 556, 21),
(4873, 'Bhor', 556, 21),
(4874, 'Baramati', 556, 21),
(4875, 'Indapur', 556, 21),
(4876, 'Akola', 532, 21),
(4877, 'Sangamner', 532, 21),
(4878, 'Kopargaon', 532, 21),
(4879, 'Rahta', 532, 21),
(4880, 'Shrirampur', 532, 21),
(4881, 'Nevasa', 532, 21),
(4882, 'Shevgaon', 532, 21),
(4883, 'Pathardi', 532, 21),
(4884, 'Nagar', 532, 21),
(4885, 'Rahuri', 532, 21),
(4886, 'Parner', 532, 21),
(4887, 'Shrigonda', 532, 21),
(4888, 'Karjat', 532, 21),
(4889, 'Jamkhed', 532, 21),
(4890, 'Ashti', 536, 21),
(4891, 'Patoda', 536, 21),
(4892, 'Shirur (Kasar)', 536, 21),
(4893, 'Georai', 536, 21),
(4894, 'Manjlegaon', 536, 21),
(4895, 'Wadwani', 536, 21),
(4896, 'Bid', 536, 21),
(4897, 'Kaij', 536, 21),
(4898, 'Dharur', 536, 21),
(4899, 'Parli', 536, 21),
(4900, 'Ambejogai', 536, 21),
(4901, 'Latur', 547, 21),
(4902, 'Renapur', 547, 21),
(4903, 'Ahmadpur', 547, 21),
(4904, 'Jalkot', 547, 21),
(4905, 'Chakur', 547, 21),
(4906, 'Shirur-Anantpal', 547, 21),
(4907, 'Ausa', 547, 21),
(4908, 'Nilanga', 547, 21),
(4909, 'Deoni', 547, 21),
(4910, 'Udgir', 547, 21),
(4911, 'Paranda', 554, 21),
(4912, 'Bhum', 554, 21),
(4913, 'Washi', 554, 21),
(4914, 'Kalamb', 554, 21),
(4915, 'Osmanabad', 554, 21),
(4916, 'Tuljapur', 554, 21),
(4917, 'Lohara', 554, 21),
(4918, 'Umarga', 554, 21),
(4919, 'Karmala', 562, 21),
(4920, 'Madha', 562, 21),
(4921, 'Barshi', 562, 21),
(4922, 'Solapur North', 562, 21),
(4923, 'Mohol', 562, 21),
(4924, 'Pandharpur', 562, 21),
(4925, 'Malshiras', 562, 21),
(4926, 'Sangole', 562, 21),
(4927, 'Mangalvedhe', 562, 21),
(4928, 'Solapur South', 562, 21),
(4929, 'Akkalkot', 562, 21),
(4930, 'Mahabaleshwar', 560, 21),
(4931, 'Wai', 560, 21),
(4932, 'Khandala', 560, 21),
(4933, 'Phaltan', 560, 21),
(4934, 'Man', 560, 21),
(4935, 'Khatav', 560, 21),
(4936, 'Koregaon', 560, 21),
(4937, 'Satara', 560, 21),
(4938, 'Jaoli', 560, 21),
(4939, 'Patan', 560, 21),
(4940, 'Karad', 560, 21),
(4941, 'Mandangad', 558, 21),
(4942, 'Dapoli', 558, 21),
(4943, 'Khed', 558, 21),
(4944, 'Chiplun', 558, 21),
(4945, 'Guhagar', 558, 21),
(4946, 'Ratnagiri', 558, 21),
(4947, 'Sangameshwar', 558, 21),
(4948, 'Lanja', 558, 21),
(4949, 'Rajapur', 558, 21),
(4950, 'Devgad', 561, 21),
(4951, 'Vaibhavvadi', 561, 21),
(4952, 'Kankavli', 561, 21),
(4953, 'Malwan', 561, 21),
(4954, 'Vengurla', 561, 21),
(4955, 'Kudal', 561, 21),
(4956, 'Sawantwadi', 561, 21),
(4957, 'Dodamarg', 561, 21),
(4958, 'Shahuwadi', 546, 21),
(4959, 'Panhala', 546, 21),
(4960, 'Hatkanangle', 546, 21),
(4961, 'Shirol', 546, 21),
(4962, 'Karvir', 546, 21),
(4963, 'Bavda', 546, 21),
(4964, 'Radhanagari', 546, 21),
(4965, 'Kagal', 546, 21),
(4966, 'Bhudargad', 546, 21),
(4967, 'Ajra', 546, 21),
(4968, 'Gadhinglaj', 546, 21),
(4969, 'Chandgad', 546, 21),
(4970, 'Shirala', 559, 21),
(4971, 'Walwa', 559, 21),
(4972, 'Palus', 559, 21),
(4973, 'Kadegaon', 559, 21),
(4974, 'Khanapur (Vita)', 559, 21),
(4975, 'Atpadi', 559, 21),
(4976, 'Tasgaon', 559, 21),
(4977, 'Miraj', 559, 21),
(4978, 'Kavathemahankal', 559, 21),
(4979, 'Jat', 559, 21),
(4980, 'Tamsi', 567, 2),
(4981, 'Adilabad', 567, 2),
(4982, 'Jainad', 567, 2),
(4983, 'Bela', 567, 2),
(4984, 'Talamadugu', 567, 2),
(4985, 'Gudihathnoor', 567, 2),
(4986, 'Inderavelly', 567, 2),
(4987, 'Narnoor', 567, 2),
(4988, 'Kerameri', 567, 2),
(4989, 'Wankdi', 567, 2),
(4990, 'Sirpur (T)', 567, 2),
(4991, 'Kouthala', 567, 2),
(4992, 'Bejjur', 567, 2),
(4993, 'Kagaznagar', 567, 2),
(4994, 'Asifabad', 567, 2),
(4995, 'Jainoor', 567, 2),
(4996, 'Utnoor', 567, 2),
(4997, 'Ichoda', 567, 2),
(4998, 'Bazarhathnoor', 567, 2),
(4999, 'Boath', 567, 2),
(5000, 'Neradigonda', 567, 2),
(5001, 'Sirpur', 567, 2),
(5002, 'Rebbana', 567, 2),
(5003, 'Bhimini', 567, 2),
(5004, 'Dahegaon', 567, 2),
(5005, 'Vemanpalle', 567, 2),
(5006, 'Nennal', 567, 2),
(5007, 'Tandur', 567, 2),
(5008, 'Tiryani', 567, 2),
(5009, 'Jannaram', 567, 2),
(5010, 'Kaddam (Peddur)', 567, 2),
(5011, 'Sarangapur', 567, 2),
(5012, 'Kuntala', 567, 2),
(5013, 'Kubeer', 567, 2),
(5014, 'Bhainsa', 567, 2),
(5015, 'Tanoor', 567, 2),
(5016, 'Mudhole', 567, 2),
(5017, 'Lokeswaram', 567, 2),
(5018, 'Dilawarpur', 567, 2),
(5019, 'Nirmal', 567, 2),
(5020, 'Laxmanchanda', 567, 2),
(5021, 'Mamda', 567, 2),
(5022, 'Khanapur', 567, 2),
(5023, 'Dandepalle', 567, 2),
(5024, 'Kasipet', 567, 2),
(5025, 'Bellampalle', 567, 2),
(5026, 'Kotapalle', 567, 2),
(5027, 'Mandamarri', 567, 2),
(5028, 'Luxettipet', 567, 2),
(5029, 'Mancherial', 567, 2),
(5030, 'Jaipur', 567, 2),
(5031, 'Chennur', 567, 2),
(5032, 'Ranjal', 582, 2),
(5033, 'Navipet', 582, 2),
(5034, 'Nandipet', 582, 2),
(5035, 'Armur', 582, 2),
(5036, 'Balkonda', 582, 2),
(5037, 'Mortad', 582, 2),
(5038, 'Kammarpalle', 582, 2),
(5039, 'Bheemgal', 582, 2),
(5040, 'Velpur', 582, 2),
(5041, 'Jakranpalle', 582, 2),
(5042, 'Makloor', 582, 2),
(5043, 'Nizamabad', 582, 2),
(5044, 'Yedpalle', 582, 2),
(5045, 'Bodhan', 582, 2),
(5046, 'Kotgiri', 582, 2),
(5047, 'Madnoor', 582, 2),
(5048, 'Jukkal', 582, 2),
(5049, 'Bichkunda', 582, 2),
(5050, 'Birkoor', 582, 2),
(5051, 'Varni', 582, 2),
(5052, 'Dichpalle', 582, 2),
(5053, 'Dharpalle', 582, 2),
(5054, 'Sirkonda', 582, 2),
(5055, 'Machareddy', 582, 2),
(5056, 'Sadasivanagar', 582, 2),
(5057, 'Gandhari', 582, 2),
(5058, 'Banswada', 582, 2),
(5059, 'Pitlam', 582, 2),
(5060, 'Nizamsagar', 582, 2),
(5061, 'Yellareddy', 582, 2),
(5062, 'Nagareddipet', 582, 2),
(5063, 'Lingampet', 582, 2),
(5064, 'Tadwai', 582, 2),
(5065, 'Kamareddy', 582, 2),
(5066, 'Bhiknoor', 582, 2),
(5067, 'Domakonda', 582, 2),
(5068, 'Ibrahimpatnam', 574, 2),
(5069, 'Mallapur', 574, 2),
(5070, 'Raikal', 574, 2),
(5071, 'Sarangapur', 574, 2),
(5072, 'Dharmapuri', 574, 2),
(5073, 'Velgatoor', 574, 2),
(5074, 'Ramagundam', 574, 2),
(5075, 'Kamanpur', 574, 2),
(5076, 'Manthani', 574, 2),
(5077, 'Kataram', 574, 2),
(5078, 'Mahadevpur', 574, 2),
(5079, 'Mutharam (Mahadevpur)', 574, 2),
(5080, 'Malharrao', 574, 2),
(5081, 'Mutharam (Manthani)', 574, 2),
(5082, 'Srirampur', 574, 2),
(5083, 'Peddapalle', 574, 2),
(5084, 'Julapalle', 574, 2),
(5085, 'Elgaid', 574, 2),
(5086, 'Dharmaram', 574, 2),
(5087, 'Gollapalle', 574, 2),
(5088, 'Mallial', 574, 2),
(5089, 'Jagtial', 574, 2),
(5090, 'Medipalle', 574, 2),
(5091, 'Koratla', 574, 2),
(5092, 'Metpalle', 574, 2),
(5093, 'Kathlapur', 574, 2),
(5094, 'Chandurthi', 574, 2),
(5095, 'Kodimial', 574, 2),
(5096, 'Pegadapalle', 574, 2),
(5097, 'Gangadhara', 574, 2),
(5098, 'Ramadugu', 574, 2),
(5099, 'Choppadandi', 574, 2),
(5100, 'Sultanabad', 574, 2),
(5101, 'Odela', 574, 2),
(5102, 'Manakondur', 574, 2),
(5103, 'Karimnagar', 574, 2),
(5104, 'Boinpalle', 574, 2),
(5105, 'Vemulawada', 574, 2),
(5106, 'Konaraopeta', 574, 2),
(5107, 'Yellareddipet', 574, 2),
(5108, 'Gambhiraopet', 574, 2),
(5109, 'Mustabad', 574, 2),
(5110, 'Sircilla', 574, 2),
(5111, 'Ellanthakunta', 574, 2),
(5112, 'Bejjanki', 574, 2),
(5113, 'Timmapur (Lmd Colony)', 574, 2),
(5114, 'Veenavanka', 574, 2),
(5115, 'Jammikunta', 574, 2),
(5116, 'Shankarapatnam', 574, 2),
(5117, 'Chigurumamidi', 574, 2),
(5118, 'Koheda', 574, 2),
(5119, 'Husnabad', 574, 2),
(5120, 'Saidapur', 574, 2),
(5121, 'Huzurabad', 574, 2),
(5122, 'Kamalapur', 574, 2),
(5123, 'Bheemadevarpalle', 574, 2),
(5124, 'Elkathurthi', 574, 2),
(5125, 'Kangti', 579, 2),
(5126, 'Manoor', 579, 2),
(5127, 'Narayankhed', 579, 2),
(5128, 'Kalher', 579, 2),
(5129, 'Shankarampet (A)', 579, 2),
(5130, 'Papannapet', 579, 2),
(5131, 'Medak', 579, 2),
(5132, 'Ramayampet', 579, 2),
(5133, 'Dubbak', 579, 2),
(5134, 'Siddipet', 579, 2),
(5135, 'Chinnakodur', 579, 2),
(5136, 'Nangnoor', 579, 2),
(5137, 'Kondapak', 579, 2),
(5138, 'Thoguta', 579, 2),
(5139, 'Mirdoddi', 579, 2),
(5140, 'Doultabad', 579, 2),
(5141, 'Chegunta', 579, 2),
(5142, 'Shankarampet (R)', 579, 2),
(5143, 'Kulcharam', 579, 2),
(5144, 'Tekmal', 579, 2),
(5145, 'Alladurg', 579, 2),
(5146, 'Regode', 579, 2),
(5147, 'Raikode', 579, 2),
(5148, 'Nyalkal', 579, 2),
(5149, 'Zahirabad', 579, 2),
(5150, 'Kohir', 579, 2),
(5151, 'Jharasangam', 579, 2),
(5152, 'Munpalle', 579, 2),
(5153, 'Pulkal', 579, 2),
(5154, 'Andole', 579, 2),
(5155, 'Kowdipalle', 579, 2),
(5156, 'Yeldurthy', 579, 2),
(5157, 'Tupran', 579, 2),
(5158, 'Gajwel', 579, 2),
(5159, 'Jagdevpur', 579, 2),
(5160, 'Wargal', 579, 2),
(5161, 'Mulug', 579, 2),
(5162, 'Shivampet', 579, 2),
(5163, 'Narsapur', 579, 2),
(5164, 'Hathnoora', 579, 2),
(5165, 'Sadasivpet', 579, 2),
(5166, 'Kondapur', 579, 2),
(5167, 'Sangareddy', 579, 2),
(5168, 'Jinnaram', 579, 2),
(5169, 'Patancheru', 579, 2),
(5170, 'Ramachandrapuram', 579, 2),
(5171, 'Shaikpet', 572, 2),
(5172, 'Ameerpet', 572, 2),
(5173, 'Secunderabad', 572, 2),
(5174, 'Tirumalagiri', 572, 2),
(5175, 'Maredpalle', 572, 2),
(5176, 'Musheerabad', 572, 2),
(5177, 'Amberpet', 572, 2),
(5178, 'Himayathnagar', 572, 2),
(5179, 'Nampally', 572, 2),
(5180, 'Khairatabad', 572, 2),
(5181, 'Asifnagar', 572, 2),
(5182, 'Golconda', 572, 2),
(5183, 'Bahadurpura', 572, 2),
(5184, 'Bandlaguda', 572, 2),
(5185, 'Charminar', 572, 2),
(5186, 'Saidabad', 572, 2),
(5187, 'Marpalle', 584, 2),
(5188, 'Mominpet', 584, 2),
(5189, 'Nawabpet', 584, 2),
(5190, 'Shankarpalle', 584, 2),
(5191, 'Serilingampally', 584, 2),
(5192, 'Balanagar', 584, 2),
(5193, 'Qutubullapur', 584, 2),
(5194, 'Medchal', 584, 2),
(5195, 'Shamirpet', 584, 2),
(5196, 'Malkajgiri', 584, 2),
(5197, 'Keesara', 584, 2),
(5198, 'Ghatkesar', 584, 2),
(5199, 'Uppal', 584, 2),
(5200, 'Hayathnagar', 584, 2),
(5201, 'Saroornagar', 584, 2),
(5202, 'Rajendranagar', 584, 2),
(5203, 'Moinabad', 584, 2),
(5204, 'Chevella', 584, 2),
(5205, 'Vicarabad', 584, 2),
(5206, 'Dharur', 584, 2),
(5207, 'Bantwaram', 584, 2),
(5208, 'Peddemul', 584, 2),
(5209, 'Tandur', 584, 2),
(5210, 'Basheerabad', 584, 2),
(5211, 'Yelal', 584, 2),
(5212, 'Doma', 584, 2),
(5213, 'Gandeed', 584, 2),
(5214, 'Kulkacharla', 584, 2),
(5215, 'Pargi', 584, 2),
(5216, 'Pudur', 584, 2),
(5217, 'Shabad', 584, 2),
(5218, 'Shamshabad', 584, 2),
(5219, 'Maheswaram', 584, 2),
(5220, 'Kandukur', 584, 2),
(5221, 'Ibrahimpatnam', 584, 2),
(5222, 'Manchal', 584, 2),
(5223, 'Yacharam', 584, 2),
(5224, 'Kodangal', 578, 2),
(5225, 'Bomraspet', 578, 2),
(5226, 'Kosgi', 578, 2),
(5227, 'Doulathabad', 578, 2),
(5228, 'Damaragidda', 578, 2),
(5229, 'Maddur', 578, 2),
(5230, 'Hanwada', 578, 2),
(5231, 'Nawabpet', 578, 2),
(5232, 'Balanagar', 578, 2),
(5233, 'Kondurg', 578, 2),
(5234, 'Farooqnagar', 578, 2),
(5235, 'Kothur', 578, 2),
(5236, 'Keshampet', 578, 2),
(5237, 'Talakondapalle', 578, 2),
(5238, 'Amangal', 578, 2),
(5239, 'Madgul', 578, 2),
(5240, 'Veldanda', 578, 2),
(5241, 'Midjil', 578, 2),
(5242, 'Jadcherla', 578, 2),
(5243, 'Mahbubnagar', 578, 2),
(5244, 'Koilkonda', 578, 2),
(5245, 'Narayanpet', 578, 2),
(5246, 'Utkoor', 578, 2),
(5247, 'Dhanwada', 578, 2),
(5248, 'Devarkadra', 578, 2),
(5249, 'Bhoothpur', 578, 2),
(5250, 'Thimmajipet', 578, 2),
(5251, 'Kalwakurthy', 578, 2),
(5252, 'Vangoor', 578, 2),
(5253, 'Amrabad', 578, 2),
(5254, 'Achampet', 578, 2),
(5255, 'Uppununthala', 578, 2),
(5256, 'Telkapalle', 578, 2),
(5257, 'Tadoor', 578, 2),
(5258, 'Nagarkurnool', 578, 2),
(5259, 'Bijinapalle', 578, 2),
(5260, 'Ghanpur', 578, 2),
(5261, 'Addakal', 578, 2),
(5262, 'Chinnachintakunta', 578, 2),
(5263, 'Narva', 578, 2),
(5264, 'Makthal', 578, 2),
(5265, 'Maganoor', 578, 2),
(5266, 'Dharur', 578, 2),
(5267, 'Atmakur', 578, 2),
(5268, 'Kothakota', 578, 2),
(5269, 'Peddamandadi', 578, 2),
(5270, 'Wanaparthy', 578, 2),
(5271, 'Gopalpeta', 578, 2),
(5272, 'Balmoor', 578, 2),
(5273, 'Lingal', 578, 2),
(5274, 'Peddakothapalle', 578, 2),
(5275, 'Kodair', 578, 2),
(5276, 'Pangal', 578, 2),
(5277, 'Pebbair', 578, 2),
(5278, 'Gadwal', 578, 2),
(5279, 'Maldakal', 578, 2),
(5280, 'Ghattu', 578, 2),
(5281, 'Ieej', 578, 2),
(5282, 'Itikyal', 578, 2),
(5283, 'Veepangandla', 578, 2),
(5284, 'Kollapur', 578, 2),
(5285, 'Waddepalle', 578, 2),
(5286, 'Manopad', 578, 2),
(5287, 'Alampur', 578, 2),
(5288, 'Bommalaramaram', 580, 2),
(5289, 'M.Turkapalle', 580, 2),
(5290, 'Rajapet', 580, 2),
(5291, 'Yadagirigutta', 580, 2),
(5292, 'Alair', 580, 2),
(5293, 'Gundala', 580, 2),
(5294, 'Thirumalgiri', 580, 2),
(5295, 'Thungathurthi', 580, 2),
(5296, 'Nuthankal', 580, 2),
(5297, 'Atmakur (S)', 580, 2),
(5298, 'Jaji Reddi Gudem', 580, 2),
(5299, 'Sali Gouraram', 580, 2),
(5300, 'Mothkur', 580, 2),
(5301, 'Atmakur (M)', 580, 2),
(5302, 'Valigonda', 580, 2),
(5303, 'Bhongir', 580, 2),
(5304, 'Bibinagar', 580, 2),
(5305, 'Pochampalle', 580, 2),
(5306, 'Choutuppal', 580, 2),
(5307, 'Ramannapeta', 580, 2),
(5308, 'Chityala', 580, 2),
(5309, 'Narketpalle', 580, 2),
(5310, 'Kattangoor', 580, 2),
(5311, 'Nakrekal', 580, 2),
(5312, 'Kethe Palle', 580, 2),
(5313, 'Suryapet', 580, 2),
(5314, 'Chivvemla', 580, 2),
(5315, 'Mothey', 580, 2),
(5316, 'Nadigudem', 580, 2),
(5317, 'Munagala', 580, 2),
(5318, 'Penpahad', 580, 2),
(5319, 'Vemulapalle', 580, 2),
(5320, 'Thipparthi', 580, 2),
(5321, 'Nalgonda', 580, 2),
(5322, 'Munugode', 580, 2),
(5323, 'Narayanapur', 580, 2),
(5324, 'Marriguda', 580, 2),
(5325, 'Chintha Palle', 580, 2),
(5326, 'Gundla Palle', 580, 2),
(5327, 'Chandam Pet', 580, 2),
(5328, 'Devarakonda', 580, 2),
(5329, 'Nampalle', 580, 2),
(5330, 'Chandur', 580, 2),
(5331, 'Kangal', 580, 2),
(5332, 'Gurrampode', 580, 2),
(5333, 'Pedda Adiserla Palle', 580, 2),
(5334, 'Peddavoora', 580, 2),
(5335, 'Anumula', 580, 2),
(5336, 'Nidamanur', 580, 2),
(5337, 'Thripuraram', 580, 2),
(5338, 'Dameracherla', 580, 2),
(5339, 'Miryalaguda', 580, 2),
(5340, 'Neredcherla', 580, 2),
(5341, 'Garide Palle', 580, 2),
(5342, 'Chilkur', 580, 2),
(5343, 'Kodad', 580, 2),
(5344, 'Huzurnagar', 580, 2),
(5345, 'Mattam Palle', 580, 2),
(5346, 'Mella Cheruvu', 580, 2),
(5347, 'Cherial', 588, 2),
(5348, 'Maddur', 588, 2),
(5349, 'Bachannapet', 588, 2),
(5350, 'Narmetta', 588, 2),
(5351, 'Ghanpur (Station)', 588, 2),
(5352, 'Dharmasagar', 588, 2),
(5353, 'Hasanparthy', 588, 2),
(5354, 'Parkal', 588, 2),
(5355, 'Mogullapalle', 588, 2),
(5356, 'Chityal', 588, 2),
(5357, 'Bhupalpalle', 588, 2),
(5358, 'Ghanpur (Mulug)', 588, 2),
(5359, 'Venkatapur', 588, 2),
(5360, 'Eturnagaram', 588, 2),
(5361, 'Mangapet', 588, 2),
(5362, 'Tadvai', 588, 2),
(5363, 'Govindaraopet', 588, 2),
(5364, 'Mulug', 588, 2),
(5365, 'Regonda', 588, 2),
(5366, 'Shayampet', 588, 2),
(5367, 'Nallabelly', 588, 2),
(5368, 'Duggondi', 588, 2),
(5369, 'Atmakur', 588, 2),
(5370, 'Hanamkonda', 588, 2),
(5371, 'Zaffergadh', 588, 2),
(5372, 'Palakurthi', 588, 2),
(5373, 'Raghunathpalle', 588, 2),
(5374, 'Jangaon', 588, 2),
(5375, 'Lingalaghanpur', 588, 2),
(5376, 'Devaruppula', 588, 2),
(5377, 'Kodakandla', 588, 2),
(5378, 'Raiparthy', 588, 2),
(5379, 'Wardhannapet', 588, 2),
(5380, 'Sangam', 588, 2),
(5381, 'Warangal', 588, 2),
(5382, 'Geesugonda', 588, 2),
(5383, 'Narsampet', 588, 2),
(5384, 'Khanapur', 588, 2),
(5385, 'Kothagudem', 588, 2),
(5386, 'Gudur', 588, 2),
(5387, 'Chennaraopet', 588, 2),
(5388, 'Nekkonda', 588, 2),
(5389, 'Parvathagiri', 588, 2),
(5390, 'Thorrur', 588, 2),
(5391, 'Nellikudur', 588, 2),
(5392, 'Kesamudram', 588, 2),
(5393, 'Mahabubabad', 588, 2),
(5394, 'Narsimhulapet', 588, 2),
(5395, 'Maripeda', 588, 2),
(5396, 'Kuravi', 588, 2),
(5397, 'Dornakal', 588, 2),
(5398, 'Wazeed', 575, 2),
(5399, 'Venkatapuram', 575, 2),
(5400, 'Pinapaka', 575, 2),
(5401, 'Cherla', 575, 2),
(5402, 'Manuguru', 575, 2),
(5403, 'Aswapuram', 575, 2),
(5404, 'Dummugudem', 575, 2),
(5405, 'Bhadrachalam', 575, 2),
(5406, 'Kunavaram', 575, 2),
(5407, 'Chintur', 575, 2),
(5408, 'Vararamachandrapuram', 575, 2),
(5409, 'Velairpadu', 575, 2),
(5410, 'Kukunoor', 575, 2),
(5411, 'Burgampahad', 575, 2),
(5412, 'Palwancha', 575, 2),
(5413, 'Kothagudem', 575, 2),
(5414, 'Tekulapalle', 575, 2),
(5415, 'Yellandu', 575, 2),
(5416, 'Gundala', 575, 2),
(5417, 'Bayyaram', 575, 2),
(5418, 'Garla', 575, 2),
(5419, 'Singareni', 575, 2),
(5420, 'Kamepalle', 575, 2),
(5421, 'Julurpad', 575, 2),
(5422, 'Chandrugonda', 575, 2),
(5423, 'Mulkalapalle', 575, 2),
(5424, 'Aswaraopeta', 575, 2),
(5425, 'Dammapeta', 575, 2),
(5426, 'Sathupalle', 575, 2),
(5427, 'Penuballi', 575, 2),
(5428, 'Enkuru', 575, 2),
(5429, 'Thirumalayapalem', 575, 2),
(5430, 'Kusumanchi', 575, 2),
(5431, 'Khammam (Rural)', 575, 2),
(5432, 'Khammam (Urban)', 575, 2),
(5433, 'Mudigonda', 575, 2),
(5434, 'Nelakondapalle', 575, 2),
(5435, 'Chinthakani', 575, 2),
(5436, 'Konijerla', 575, 2),
(5437, 'Tallada', 575, 2),
(5438, 'Kallur', 575, 2),
(5439, 'Wyra', 575, 2),
(5440, 'Bonakal', 575, 2),
(5441, 'Madhira', 575, 2),
(5442, 'Yerrupalem', 575, 2),
(5443, 'Vemsoor', 575, 2),
(5444, 'Veeraghattam', 585, 2),
(5445, 'Seethampeta', 585, 2),
(5446, 'Bhamini', 585, 2),
(5447, 'Kothuru', 585, 2),
(5448, 'Pathapatnam', 585, 2),
(5449, 'Meliaputti', 585, 2),
(5450, 'Palasa', 585, 2),
(5451, 'Mandasa', 585, 2),
(5452, 'Kanchili', 585, 2),
(5453, 'Ichchapuram', 585, 2),
(5454, 'Kaviti', 585, 2),
(5455, 'Sompeta', 585, 2),
(5456, 'Vajrapukothuru', 585, 2),
(5457, 'Nandigam', 585, 2),
(5458, 'Hiramandalam', 585, 2),
(5459, 'Palakonda', 585, 2),
(5460, 'Vangara', 585, 2),
(5461, 'Regidi Amadalavalasa', 585, 2),
(5462, 'Lakshminarsupeta', 585, 2),
(5463, 'Saravakota', 585, 2),
(5464, 'Tekkali', 585, 2),
(5465, 'Santhabommali', 585, 2),
(5466, 'Kotabommali', 585, 2),
(5467, 'Jalumuru', 585, 2),
(5468, 'Sarubujjili', 585, 2),
(5469, 'Burja', 585, 2),
(5470, 'Santhakaviti', 585, 2),
(5471, 'Rajam', 585, 2),
(5472, 'Ganguvarisigadam', 585, 2),
(5473, 'Amadalavalasa', 585, 2),
(5474, 'Narasannapeta', 585, 2),
(5475, 'Polaki', 585, 2),
(5476, 'Gara', 585, 2),
(5477, 'Srikakulam', 585, 2),
(5478, 'Ponduru', 585, 2),
(5479, 'Laveru', 585, 2),
(5480, 'Ranastalam', 585, 2),
(5481, 'Etcherla', 585, 2),
(5482, 'Komarada', 587, 2),
(5483, 'Gummalakshmipuram', 587, 2),
(5484, 'Kurupam', 587, 2),
(5485, 'Jiyyammavalasa', 587, 2),
(5486, 'Garugubilli', 587, 2),
(5487, 'Parvathipuram', 587, 2),
(5488, 'Makkuva', 587, 2),
(5489, 'Seethanagaram', 587, 2),
(5490, 'Balijipeta', 587, 2),
(5491, 'Bobbili', 587, 2),
(5492, 'Salur', 587, 2),
(5493, 'Pachipenta', 587, 2),
(5494, 'Ramabhadrapuram', 587, 2),
(5495, 'Badangi', 587, 2),
(5496, 'Therlam', 587, 2),
(5497, 'Merakamudidam', 587, 2),
(5498, 'Dattirajeru', 587, 2),
(5499, 'Mentada', 587, 2),
(5500, 'Gajapathinagaram', 587, 2),
(5501, 'Garividi', 587, 2),
(5502, 'Cheepurupalle', 587, 2),
(5503, 'Gurla', 587, 2),
(5504, 'Bondapalle', 587, 2),
(5505, 'Gantyada', 587, 2),
(5506, 'Srungavarapukota', 587, 2),
(5507, 'Vepada', 587, 2),
(5508, 'Lakkavarapukota', 587, 2),
(5509, 'Kothavalasa', 587, 2),
(5510, 'Jami', 587, 2),
(5511, 'Vizianagaram', 587, 2),
(5512, 'Nellimarla', 587, 2),
(5513, 'Pusapatirega', 587, 2),
(5514, 'Denkada', 587, 2),
(5515, 'Bhogapuram', 587, 2),
(5516, 'Munchingi Puttu', 586, 2),
(5517, 'Peda Bayalu', 586, 2),
(5518, 'Dumbriguda', 586, 2),
(5519, 'Araku Valley', 586, 2),
(5520, 'Ananthagiri', 586, 2),
(5521, 'Hukumpeta', 586, 2),
(5522, 'Paderu', 586, 2),
(5523, 'G.Madugula', 586, 2),
(5524, 'Chintapalle', 586, 2),
(5525, 'Gudem Kotha Veedhi', 586, 2),
(5526, 'Koyyuru', 586, 2),
(5527, 'Nathavaram', 586, 2),
(5528, 'Golugonda', 586, 2),
(5529, 'Narsipatnam', 586, 2),
(5530, 'Rolugunta', 586, 2),
(5531, 'Ravikamatham', 586, 2),
(5532, 'Madugula', 586, 2),
(5533, 'Cheedikada', 586, 2),
(5534, 'Devarapalle', 586, 2),
(5535, 'K.Kotapadu', 586, 2),
(5536, 'Sabbavaram', 586, 2),
(5537, 'Pendurthi', 586, 2),
(5538, 'Anandapuram', 586, 2),
(5539, 'Padmanabham', 586, 2),
(5540, 'Bheemunipatnam', 586, 2),
(5541, 'Visakhapatnam (Rural)', 586, 2),
(5542, 'Visakhapatnam (Urban)', 586, 2),
(5543, 'Pedagantyada', 586, 2),
(5544, 'Gajuwaka', 586, 2),
(5545, 'Paravada', 586, 2),
(5546, 'Anakapalle', 586, 2),
(5547, 'Chodavaram', 586, 2),
(5548, 'Butchayyapeta', 586, 2),
(5549, 'Kotauratla', 586, 2),
(5550, 'Makavarapalem', 586, 2),
(5551, 'Kasimkota', 586, 2),
(5552, 'Munagapaka', 586, 2),
(5553, 'Atchutapuram', 586, 2),
(5554, 'Yelamanchili', 586, 2),
(5555, 'Nakkapalle', 586, 2),
(5556, 'Payakaraopeta', 586, 2),
(5557, 'S.Rayavaram', 586, 2),
(5558, 'Rambilli', 586, 2),
(5559, 'Maredumilli', 570, 2),
(5560, 'Devipatnam', 570, 2),
(5561, 'Y. Ramavaram', 570, 2),
(5562, 'Addateegala', 570, 2),
(5563, 'Rajavommangi', 570, 2),
(5564, 'Kotananduru', 570, 2),
(5565, 'Tuni', 570, 2),
(5566, 'Rowthulapudi', 570, 2),
(5567, 'Sankhavaram', 570, 2),
(5568, 'Yeleswaram', 570, 2),
(5569, 'Gangavaram', 570, 2),
(5570, 'Rampachodavaram', 570, 2),
(5571, 'Seethanagaram', 570, 2),
(5572, 'Gokavaram', 570, 2),
(5573, 'Jaggampeta', 570, 2),
(5574, 'Kirlampudi', 570, 2),
(5575, 'Prathipadu', 570, 2),
(5576, 'Thondangi', 570, 2),
(5577, 'Gollaprolu', 570, 2),
(5578, 'Peddapuram', 570, 2),
(5579, 'Gandepalle', 570, 2),
(5580, 'Korukonda', 570, 2),
(5581, 'Rajahmundry (Urban)', 570, 2),
(5582, 'Rajahmundry Rural', 570, 2),
(5583, 'Rajanagaram', 570, 2),
(5584, 'Rangampeta', 570, 2),
(5585, 'Samalkota', 570, 2),
(5586, 'Pithapuram', 570, 2),
(5587, 'Kothapalle', 570, 2),
(5588, 'Kakinada (Rural)', 570, 2),
(5589, 'Kakinada (Urban)', 570, 2),
(5590, 'Pedapudi', 570, 2),
(5591, 'Biccavolu', 570, 2),
(5592, 'Anaparthy', 570, 2),
(5593, 'Kadiam', 570, 2),
(5594, 'Atreyapuram', 570, 2),
(5595, 'Mandapeta', 570, 2),
(5596, 'Rayavaram', 570, 2),
(5597, 'Karapa', 570, 2),
(5598, 'Kajuluru', 570, 2),
(5599, 'Ramachandrapuram', 570, 2),
(5600, 'Alamuru', 570, 2),
(5601, 'Ravulapalem', 570, 2),
(5602, 'Kothapeta', 570, 2),
(5603, 'Kapileswarapuram', 570, 2),
(5604, 'Pamarru', 570, 2),
(5605, 'Thallarevu', 570, 2),
(5606, 'I. Polavaram', 570, 2),
(5607, 'Mummidivaram', 570, 2),
(5608, 'Ainavilli', 570, 2),
(5609, 'P.Gannavaram', 570, 2),
(5610, 'Ambajipeta', 570, 2),
(5611, 'Mamidikuduru', 570, 2),
(5612, 'Razole', 570, 2),
(5613, 'Malikipuram', 570, 2),
(5614, 'Sakhinetipalle', 570, 2),
(5615, 'Allavaram', 570, 2),
(5616, 'Amalapuram', 570, 2),
(5617, 'Uppalaguptam', 570, 2),
(5618, 'Katrenikona', 570, 2),
(5619, 'Chintalapudi', 589, 2),
(5620, 'Lingapalem', 589, 2),
(5621, 'T.Narasapuram', 589, 2),
(5622, 'Jeelugu Milli', 589, 2),
(5623, 'Buttayagudem', 589, 2),
(5624, 'Polavaram', 589, 2),
(5625, 'Tallapudi', 589, 2),
(5626, 'Gopalapuram', 589, 2),
(5627, 'Koyyalagudem', 589, 2),
(5628, 'Jangareddigudem', 589, 2),
(5629, 'Kamavarapukota', 589, 2),
(5630, 'Dwarakatirumala', 589, 2),
(5631, 'Nallajerla', 589, 2),
(5632, 'Devarapalle', 589, 2),
(5633, 'Kovvur', 589, 2),
(5634, 'Chagallu', 589, 2),
(5635, 'Nidadavole', 589, 2),
(5636, 'Tadepalligudem', 589, 2),
(5637, 'Unguturu', 589, 2),
(5638, 'Bhimadole', 589, 2),
(5639, 'Pedavegi', 589, 2),
(5640, 'Pedapadu', 589, 2),
(5641, 'Eluru', 589, 2),
(5642, 'Denduluru', 589, 2),
(5643, 'Nidamarru', 589, 2),
(5644, 'Pentapadu', 589, 2),
(5645, 'Undrajavaram', 589, 2),
(5646, 'Peravali', 589, 2),
(5647, 'Tanuku', 589, 2),
(5648, 'Attili', 589, 2),
(5649, 'Ganapavaram', 589, 2),
(5650, 'Akividu', 589, 2),
(5651, 'Undi', 589, 2),
(5652, 'Palacoderu', 589, 2),
(5653, 'Penumantra', 589, 2),
(5654, 'Iragavaram', 589, 2),
(5655, 'Penugonda', 589, 2),
(5656, 'Achanta', 589, 2),
(5657, 'Poduru', 589, 2),
(5658, 'Veeravasaram', 589, 2),
(5659, 'Bhimavaram', 589, 2),
(5660, 'Kalla', 589, 2),
(5661, 'Mogalthur', 589, 2),
(5662, 'Narasapuram', 589, 2),
(5663, 'Palacole', 589, 2),
(5664, 'Yelamanchili', 589, 2),
(5665, 'Vatsavai', 576, 2),
(5666, 'Jaggayyapeta', 576, 2),
(5667, 'Penuganchiprolu', 576, 2),
(5668, 'Nandigama', 576, 2),
(5669, 'Veerullapadu', 576, 2),
(5670, 'Mylavaram', 576, 2),
(5671, 'Gampalagudem', 576, 2),
(5672, 'Tiruvuru', 576, 2),
(5673, 'A.Konduru', 576, 2),
(5674, 'Reddigudem', 576, 2),
(5675, 'Vissannapet', 576, 2),
(5676, 'Chatrai', 576, 2),
(5677, 'Musunuru', 576, 2),
(5678, 'Nuzvid', 576, 2),
(5679, 'Bapulapadu', 576, 2),
(5680, 'Agiripalle', 576, 2),
(5681, 'G.Konduru', 576, 2),
(5682, 'Kanchikacherla', 576, 2),
(5683, 'Chandarlapadu', 576, 2),
(5684, 'Ibrahimpatnam', 576, 2),
(5685, 'Vijayawada (Urban)', 576, 2),
(5686, 'Vijayawada (Rural)', 576, 2),
(5687, 'Gannavaram', 576, 2),
(5688, 'Unguturu', 576, 2),
(5689, 'Nandivada', 576, 2),
(5690, 'Mandavalli', 576, 2),
(5691, 'Kaikalur', 576, 2),
(5692, 'Kalidindi', 576, 2),
(5693, 'Kruthivennu', 576, 2),
(5694, 'Bantumilli', 576, 2),
(5695, 'Mudinepalle', 576, 2),
(5696, 'Gudivada', 576, 2),
(5697, 'Pedaparupudi', 576, 2),
(5698, 'Kankipadu', 576, 2),
(5699, 'Penamaluru', 576, 2),
(5700, 'Thotlavalluru', 576, 2),
(5701, 'Pamidimukkala', 576, 2),
(5702, 'Vuyyuru', 576, 2),
(5703, 'Pamarru', 576, 2),
(5704, 'Gudlavalleru', 576, 2),
(5705, 'Pedana', 576, 2),
(5706, 'Guduru', 576, 2),
(5707, 'Movva', 576, 2),
(5708, 'Ghantasala', 576, 2),
(5709, 'Machilipatnam', 576, 2),
(5710, 'Challapalle', 576, 2),
(5711, 'Mopidevi', 576, 2),
(5712, 'Avanigadda', 576, 2),
(5713, 'Nagayalanka', 576, 2),
(5714, 'Koduru', 576, 2),
(5715, 'Macherla', 571, 2),
(5716, 'Veldurthi', 571, 2),
(5717, 'Durgi', 571, 2),
(5718, 'Rentachintala', 571, 2),
(5719, 'Gurazala', 571, 2),
(5720, 'Dachepalle', 571, 2),
(5721, 'Karempudi', 571, 2),
(5722, 'Piduguralla', 571, 2),
(5723, 'Machavaram', 571, 2),
(5724, 'Bellamkonda', 571, 2),
(5725, 'Atchampet', 571, 2),
(5726, 'Krosuru', 571, 2),
(5727, 'Amaravathi', 571, 2),
(5728, 'Thullur', 571, 2),
(5729, 'Tadepalle', 571, 2),
(5730, 'Mangalagiri', 571, 2),
(5731, 'Tadikonda', 571, 2),
(5732, 'Pedakurapadu', 571, 2),
(5733, 'Sattenapalle', 571, 2),
(5734, 'Rajupalem', 571, 2),
(5735, 'Nekarikallu', 571, 2),
(5736, 'Bollapalle', 571, 2),
(5737, 'Vinukonda', 571, 2),
(5738, 'Nuzendla', 571, 2),
(5739, 'Savalyapuram H/O Kanamarlapudi', 571, 2),
(5740, 'Ipur', 571, 2),
(5741, 'Rompicherla', 571, 2),
(5742, 'Narasaraopet', 571, 2),
(5743, 'Muppalla', 571, 2),
(5744, 'Nadendla', 571, 2),
(5745, 'Chilakaluripet', 571, 2),
(5746, 'Edlapadu', 571, 2),
(5747, 'Phirangipuram', 571, 2),
(5748, 'Medikonduru', 571, 2),
(5749, 'Guntur', 571, 2),
(5750, 'Pedakakani', 571, 2),
(5751, 'Duggirala', 571, 2),
(5752, 'Kollipara', 571, 2),
(5753, 'Tenali', 571, 2),
(5754, 'Chebrolu', 571, 2),
(5755, 'Vatticherukuru', 571, 2),
(5756, 'Prathipadu', 571, 2),
(5757, 'Pedanandipadu', 571, 2),
(5758, 'Kakumanu', 571, 2),
(5759, 'Ponnur', 571, 2),
(5760, 'Tsundur', 571, 2),
(5761, 'Amruthalur', 571, 2),
(5762, 'Vemuru', 571, 2),
(5763, 'Kollur', 571, 2),
(5764, 'Bhattiprolu', 571, 2),
(5765, 'Cherukupalle H/O Arumbaka', 571, 2),
(5766, 'Pittalavanipalem', 571, 2),
(5767, 'Karlapalem', 571, 2),
(5768, 'Bapatla', 571, 2),
(5769, 'Nizampatnam', 571, 2),
(5770, 'Nagaram', 571, 2),
(5771, 'Repalle', 571, 2),
(5772, 'Yerragondapalem', 583, 2),
(5773, 'Pullalacheruvu', 583, 2),
(5774, 'Tripuranthakam', 583, 2),
(5775, 'Dornala', 583, 2),
(5776, 'Peda  Araveedu', 583, 2),
(5777, 'Donakonda', 583, 2),
(5778, 'Kurichedu', 583, 2),
(5779, 'Santhamaguluru', 583, 2),
(5780, 'Ballikurava', 583, 2),
(5781, 'Martur', 583, 2),
(5782, 'Yeddana Pudi', 583, 2),
(5783, 'Parchur', 583, 2),
(5784, 'Karamchedu', 583, 2),
(5785, 'Inkollu', 583, 2),
(5786, 'Janakavarampanguluru', 583, 2),
(5787, 'Addanki', 583, 2),
(5788, 'Mundlamuru', 583, 2),
(5789, 'Darsi', 583, 2),
(5790, 'Markapur', 583, 2),
(5791, 'Ardhaveedu', 583, 2),
(5792, 'Cumbum', 583, 2),
(5793, 'Tarlupadu', 583, 2),
(5794, 'Konakanamitla', 583, 2),
(5795, 'Podili', 583, 2),
(5796, 'Thallur', 583, 2),
(5797, 'Korisapadu', 583, 2),
(5798, 'Chirala', 583, 2),
(5799, 'Vetapalem', 583, 2),
(5800, 'Chinaganjam', 583, 2),
(5801, 'Naguluppala Padu', 583, 2),
(5802, 'Maddipadu', 583, 2),
(5803, 'Chimakurthi', 583, 2),
(5804, 'Marripudi', 583, 2),
(5805, 'Hanumanthuni Padu', 583, 2),
(5806, 'Bestawaripeta', 583, 2),
(5807, 'Racherla', 583, 2),
(5808, 'Giddalur', 583, 2),
(5809, 'Komarolu', 583, 2),
(5810, 'Veligandla', 583, 2),
(5811, 'Kanigiri', 583, 2),
(5812, 'Kondapi', 583, 2),
(5813, 'Santhanuthala Padu', 583, 2),
(5814, 'Ongole', 583, 2),
(5815, 'Kotha Patnam', 583, 2),
(5816, 'Tangutur', 583, 2),
(5817, 'Zarugumilli', 583, 2),
(5818, 'Ponnaluru', 583, 2),
(5819, 'Pedacherlo Palle', 583, 2),
(5820, 'Chandra Sekhara Puram', 583, 2),
(5821, 'Pamur', 583, 2),
(5822, 'Voletivaripalem', 583, 2),
(5823, 'Kandukur', 583, 2),
(5824, 'Singarayakonda', 583, 2),
(5825, 'Lingasamudram', 583, 2),
(5826, 'Gudluru', 583, 2),
(5827, 'Ulavapadu', 583, 2),
(5828, 'Seetharamapuram', 581, 2),
(5829, 'Udayagiri', 581, 2),
(5830, 'Varikuntapadu', 581, 2),
(5831, 'Kondapuram', 581, 2),
(5832, 'Jaladanki', 581, 2),
(5833, 'Kavali', 581, 2),
(5834, 'Bogole', 581, 2),
(5835, 'Kaligiri', 581, 2),
(5836, 'Vinjamur', 581, 2),
(5837, 'Duttalur', 581, 2),
(5838, 'Marripadu', 581, 2),
(5839, 'Atmakur', 581, 2),
(5840, 'Anumasamudrampeta', 581, 2),
(5841, 'Dagadarthi', 581, 2),
(5842, 'Allur', 581, 2),
(5843, 'Vidavalur', 581, 2),
(5844, 'Kodavalur', 581, 2),
(5845, 'Buchireddipalem', 581, 2),
(5846, 'Sangam', 581, 2),
(5847, 'Chejerla', 581, 2),
(5848, 'Ananthasagaram', 581, 2),
(5849, 'Kaluvoya', 581, 2),
(5850, 'Rapur', 581, 2),
(5851, 'Podalakur', 581, 2),
(5852, 'Nellore', 581, 2),
(5853, 'Kovur', 581, 2),
(5854, 'Indukurpet', 581, 2),
(5855, 'Thotapalligudur', 581, 2),
(5856, 'Muthukur', 581, 2),
(5857, 'Venkatachalam', 581, 2),
(5858, 'Manubolu', 581, 2),
(5859, 'Gudur', 581, 2),
(5860, 'Sydapuram', 581, 2),
(5861, 'Dakkili', 581, 2),
(5862, 'Venkatagiri', 581, 2),
(5863, 'Balayapalle', 581, 2),
(5864, 'Ojili', 581, 2),
(5865, 'Chillakur', 581, 2),
(5866, 'Kota', 581, 2),
(5867, 'Vakadu', 581, 2),
(5868, 'Chittamur', 581, 2),
(5869, 'Naidupet', 581, 2),
(5870, 'Pellakur', 581, 2),
(5871, 'Doravarisatram', 581, 2),
(5872, 'Sullurpeta', 581, 2),
(5873, 'Tada', 581, 2),
(5874, 'Kondapuram', 573, 2),
(5875, 'Mylavaram', 573, 2),
(5876, 'Peddamudium', 573, 2),
(5877, 'Rajupalem', 573, 2),
(5878, 'Duvvur', 573, 2),
(5879, 'S.Mydukur', 573, 2),
(5880, 'Brahmamgarimattam', 573, 2),
(5881, 'Sri Avadhutha Kasinayana', 573, 2),
(5882, 'Kalasapadu', 573, 2),
(5883, 'Porumamilla', 573, 2),
(5884, 'B.Kodur', 573, 2),
(5885, 'Badvel', 573, 2),
(5886, 'Gopavaram', 573, 2),
(5887, 'Khajipet', 573, 2),
(5888, 'Chapad', 573, 2),
(5889, 'Proddatur', 573, 2),
(5890, 'Jammalamadugu', 573, 2),
(5891, 'Muddanur', 573, 2),
(5892, 'Simhadripuram', 573, 2),
(5893, 'Lingala', 573, 2),
(5894, 'Pulivendla', 573, 2),
(5895, 'Vemula', 573, 2),
(5896, 'Thondur', 573, 2),
(5897, 'Veerapunayunipalle', 573, 2),
(5898, 'Yerraguntla', 573, 2),
(5899, 'Kamalapuram', 573, 2),
(5900, 'Vallur', 573, 2),
(5901, 'Chennur', 573, 2),
(5902, 'Atlur', 573, 2),
(5903, 'Vontimitta', 573, 2),
(5904, 'Sidhout', 573, 2),
(5905, 'Kadapa', 573, 2),
(5906, 'Chinthakommadinne', 573, 2),
(5907, 'Pendlimarri', 573, 2),
(5908, 'Vempalle', 573, 2),
(5909, 'Chakrayapet', 573, 2),
(5910, 'Galiveedu', 573, 2),
(5911, 'Chinnamandem', 573, 2),
(5912, 'Sambepalle', 573, 2),
(5913, 'T Sundupalle', 573, 2),
(5914, 'Rayachoti', 573, 2),
(5915, 'Lakkireddipalle', 573, 2),
(5916, 'Ramapuram', 573, 2),
(5917, 'Veeraballe', 573, 2),
(5918, 'Nandalur', 573, 2),
(5919, 'Penagalur', 573, 2),
(5920, 'Chitvel', 573, 2),
(5921, 'Rajampet', 573, 2),
(5922, 'Pullampeta', 573, 2),
(5923, 'Obulavaripalle', 573, 2),
(5924, 'Kodur', 573, 2),
(5925, 'Mantralayam', 577, 2),
(5926, 'Kosigi', 577, 2),
(5927, 'Kowthalam', 577, 2),
(5928, 'Pedda Kadubur', 577, 2),
(5929, 'Yemmiganur', 577, 2),
(5930, 'Nandavaram', 577, 2),
(5931, 'C.Belagal', 577, 2),
(5932, 'Gudur', 577, 2),
(5933, 'Kallur', 577, 2),
(5934, 'Kurnool', 577, 2),
(5935, 'Nandikotkur', 577, 2),
(5936, 'Pagidyala', 577, 2),
(5937, 'Jupadu Bungalow', 577, 2),
(5938, 'Kothapalle', 577, 2),
(5939, 'Srisailam', 577, 2),
(5940, 'Atmakur', 577, 2),
(5941, 'Pamulapadu', 577, 2),
(5942, 'Midthur', 577, 2),
(5943, 'Orvakal', 577, 2),
(5944, 'Kodumur', 577, 2),
(5945, 'Gonegandla', 577, 2),
(5946, 'Adoni', 577, 2),
(5947, 'Holagunda', 577, 2),
(5948, 'Halaharvi', 577, 2),
(5949, 'Alur', 577, 2),
(5950, 'Aspari', 577, 2),
(5951, 'Devanakonda', 577, 2),
(5952, 'Krishnagiri', 577, 2),
(5953, 'Veldurthi', 577, 2),
(5954, 'Bethamcherla', 577, 2),
(5955, 'Panyam', 577, 2),
(5956, 'Gadivemula', 577, 2),
(5957, 'Velgode', 577, 2),
(5958, 'Bandi Atmakur', 577, 2),
(5959, 'Nandyal', 577, 2),
(5960, 'Mahanandi', 577, 2),
(5961, 'Sirvel', 577, 2),
(5962, 'Gospadu', 577, 2),
(5963, 'Banaganapalle', 577, 2),
(5964, 'Dhone', 577, 2),
(5965, 'Pattikonda', 577, 2),
(5966, 'Chippagiri', 577, 2),
(5967, 'Maddikera (East)', 577, 2),
(5968, 'Tuggali', 577, 2),
(5969, 'Peapally', 577, 2),
(5970, 'Owk', 577, 2),
(5971, 'Koilkuntla', 577, 2),
(5972, 'Rudravaram', 577, 2),
(5973, 'Allagadda', 577, 2),
(5974, 'Dornipadu', 577, 2),
(5975, 'Sanjamala', 577, 2),
(5976, 'Kolimigundla', 577, 2),
(5977, 'Uyyalawada', 577, 2),
(5978, 'Chagalamarri', 577, 2),
(5979, 'D.Hirehal', 568, 2),
(5980, 'Rayadurg', 568, 2),
(5981, 'Kanekal', 568, 2),
(5982, 'Bommanahal', 568, 2),
(5983, 'Vidapanakal', 568, 2),
(5984, 'Guntakal', 568, 2),
(5985, 'Gooty', 568, 2),
(5986, 'Peddavadugur', 568, 2),
(5987, 'Yadiki', 568, 2),
(5988, 'Tadpatri', 568, 2),
(5989, 'Peddapappur', 568, 2),
(5990, 'Pamidi', 568, 2),
(5991, 'Vajrakarur', 568, 2),
(5992, 'Uravakonda', 568, 2),
(5993, 'Beluguppa', 568, 2),
(5994, 'Gummagatta', 568, 2),
(5995, 'Brahmasamudram', 568, 2),
(5996, 'Kalyandurg', 568, 2),
(5997, 'Atmakur', 568, 2),
(5998, 'Kudair', 568, 2),
(5999, 'Garladinne', 568, 2),
(6000, 'Singanamala', 568, 2),
(6001, 'Putlur', 568, 2),
(6002, 'Yellanur', 568, 2),
(6003, 'Narpala', 568, 2),
(6004, 'Bukkaraya Samudram', 568, 2),
(6005, 'Anantapur', 568, 2),
(6006, 'Raptadu', 568, 2),
(6007, 'Settur', 568, 2),
(6008, 'Kundurpi', 568, 2),
(6009, 'Kambadur', 568, 2),
(6010, 'Kanaganapalle', 568, 2),
(6011, 'Dharmavaram', 568, 2),
(6012, 'Bathalapalle', 568, 2),
(6013, 'Tadimarri', 568, 2),
(6014, 'Mudigubba', 568, 2),
(6015, 'Talupula', 568, 2),
(6016, 'Nambulipulikunta', 568, 2),
(6017, 'Gandlapenta', 568, 2),
(6018, 'Kadiri', 568, 2),
(6019, 'Nallamada', 568, 2),
(6020, 'Bukkapatnam', 568, 2),
(6021, 'Kothacheruvu', 568, 2),
(6022, 'Chennekothapalle', 568, 2),
(6023, 'Ramagiri', 568, 2),
(6024, 'Roddam', 568, 2),
(6025, 'Madakasira', 568, 2),
(6026, 'Amarapuram', 568, 2),
(6027, 'Gudibanda', 568, 2),
(6028, 'Rolla', 568, 2),
(6029, 'Agali', 568, 2),
(6030, 'Parigi', 568, 2),
(6031, 'Penukonda', 568, 2),
(6032, 'Puttaparthi', 568, 2),
(6033, 'Obuladevaracheruvu', 568, 2),
(6034, 'Nallacheruvu', 568, 2),
(6035, 'Tanakal', 568, 2),
(6036, 'Amadagur', 568, 2),
(6037, 'Gorantla', 568, 2),
(6038, 'Somandepalle', 568, 2),
(6039, 'Hindupur', 568, 2),
(6040, 'Lepakshi', 568, 2),
(6041, 'Chilamathur', 568, 2),
(6042, 'Mulakalacheruvu', 569, 2),
(6043, 'Thamballapalle', 569, 2),
(6044, 'Peddamandyam', 569, 2),
(6045, 'Gurramkonda', 569, 2),
(6046, 'Kalakada', 569, 2),
(6047, 'Kambhamvaripalle', 569, 2),
(6048, 'Rompicherla', 569, 2),
(6049, 'Yerravaripalem', 569, 2),
(6050, 'Tirupati (Rural)', 569, 2),
(6051, 'Renigunta', 569, 2),
(6052, 'Yerpedu', 569, 2),
(6053, 'Srikalahasti', 569, 2),
(6054, 'Thottambedu', 569, 2),
(6055, 'Buchinaidu Kandriga', 569, 2),
(6056, 'Varadaiahpalem', 569, 2),
(6057, 'K.V.B.Puram', 569, 2),
(6058, 'Tirupati (Urban)', 569, 2),
(6059, 'Chandragiri', 569, 2),
(6060, 'Chinnagottigallu', 569, 2),
(6061, 'Pileru', 569, 2),
(6062, 'Kalikiri', 569, 2),
(6063, 'Valmikipuram', 569, 2),
(6064, 'Kurabalakota', 569, 2),
(6065, 'Pedda Thippasamudram', 569, 2),
(6066, 'B.Kothakota', 569, 2),
(6067, 'Madanapalle', 569, 2),
(6068, 'Nimmanapalle', 569, 2),
(6069, 'Sodam', 569, 2),
(6070, 'Pulicherla', 569, 2),
(6071, 'Pakala', 569, 2),
(6072, 'Vedurukuppam', 569, 2),
(6073, 'Ramachandrapuram', 569, 2),
(6074, 'Vadamalapeta', 569, 2),
(6075, 'Narayanavanam', 569, 2),
(6076, 'Pichatur', 569, 2),
(6077, 'Satyavedu', 569, 2),
(6078, 'Nagalapuram', 569, 2),
(6079, 'Nindra', 569, 2),
(6080, 'Vijayapuram', 569, 2),
(6081, 'Nagari', 569, 2),
(6082, 'Puttur', 569, 2),
(6083, 'Karvetinagar', 569, 2),
(6084, 'Penumuru', 569, 2),
(6085, 'Puthalapattu', 569, 2),
(6086, 'Irala', 569, 2),
(6087, 'Somala', 569, 2),
(6088, 'Chowdepalle', 569, 2),
(6089, 'Ramasamudram', 569, 2),
(6090, 'Punganur', 569, 2),
(6091, 'Peddapanjani', 569, 2),
(6092, 'Gangavaram', 569, 2),
(6093, 'Thavanampalle', 569, 2),
(6094, 'Srirangarajapuram', 569, 2),
(6095, 'Gangadhara Nellore', 569, 2),
(6096, 'Chittoor', 569, 2),
(6097, 'Palamaner', 569, 2),
(6098, 'Baireddipalle', 569, 2),
(6099, 'Venkatagirikota', 569, 2),
(6100, 'Santhipuram', 569, 2),
(6101, 'Gudupalle', 569, 2),
(6102, 'Kuppam', 569, 2),
(6103, 'Ramakuppam', 569, 2),
(6104, 'Bangarupalem', 569, 2),
(6105, 'Yadamarri', 569, 2),
(6106, 'Gudipala', 569, 2),
(6107, 'Palasamudram', 569, 2),
(6108, 'Chikodi', 593, 17),
(6109, 'Athni', 593, 17),
(6110, 'Raybag', 593, 17),
(6111, 'Gokak', 593, 17),
(6112, 'Hukeri', 593, 17),
(6113, 'Belgaum', 593, 17),
(6114, 'Khanapur', 593, 17),
(6115, 'Sampgaon', 593, 17),
(6116, 'Parasgad', 593, 17),
(6117, 'Ramdurg', 593, 17),
(6118, 'Jamkhandi', 590, 17),
(6119, 'Bilgi', 590, 17),
(6120, 'Mudhol', 590, 17),
(6121, 'Badami', 590, 17),
(6122, 'Bagalkot', 590, 17),
(6123, 'Hungund', 590, 17),
(6124, 'Bijapur', 596, 17),
(6125, 'Indi', 596, 17),
(6126, 'Sindgi', 596, 17),
(6127, 'Basavana Bagevadi', 596, 17),
(6128, 'Muddebihal', 596, 17),
(6129, 'Basavakalyan', 595, 17),
(6130, 'Bhalki', 595, 17),
(6131, 'Aurad', 595, 17),
(6132, 'Bidar', 595, 17),
(6133, 'Homnabad', 595, 17),
(6134, 'Lingsugur', 613, 17),
(6135, 'Devadurga', 613, 17),
(6136, 'Raichur', 613, 17),
(6137, 'Manvi', 613, 17),
(6138, 'Sindhnur', 613, 17),
(6139, 'Yelbarga', 610, 17),
(6140, 'Kushtagi', 610, 17),
(6141, 'Gangawati', 610, 17),
(6142, 'Koppal', 610, 17),
(6143, 'Nargund', 604, 17),
(6144, 'Ron', 604, 17),
(6145, 'Gadag', 604, 17),
(6146, 'Shirhatti', 604, 17),
(6147, 'Mundargi', 604, 17),
(6148, 'Dharwad', 603, 17),
(6149, 'Navalgund', 603, 17),
(6150, 'Hubli', 603, 17),
(6151, 'Kalghatgi', 603, 17),
(6152, 'Kundgol', 603, 17),
(6153, 'Karwar', 618, 17),
(6154, 'Supa', 618, 17),
(6155, 'Haliyal', 618, 17),
(6156, 'Yellapur', 618, 17),
(6157, 'Mundgod', 618, 17),
(6158, 'Sirsi', 618, 17),
(6159, 'Ankola', 618, 17),
(6160, 'Kumta', 618, 17),
(6161, 'Siddapur', 618, 17),
(6162, 'Honavar', 618, 17),
(6163, 'Bhatkal', 618, 17),
(6164, 'Shiggaon', 607, 17),
(6165, 'Savanur', 607, 17),
(6166, 'Hangal', 607, 17),
(6167, 'Haveri', 607, 17),
(6168, 'Byadgi', 607, 17),
(6169, 'Hirekerur', 607, 17),
(6170, 'Ranibennur', 607, 17),
(6171, 'Hadagalli', 594, 17),
(6172, 'Hagaribommanahalli', 594, 17),
(6173, 'Hospet', 594, 17),
(6174, 'Siruguppa', 594, 17),
(6175, 'Bellary', 594, 17),
(6176, 'Sandur', 594, 17),
(6177, 'Kudligi', 594, 17),
(6178, 'Molakalmuru', 600, 17),
(6179, 'Challakere', 600, 17),
(6180, 'Chitradurga', 600, 17),
(6181, 'Holalkere', 600, 17),
(6182, 'Hosdurga', 600, 17),
(6183, 'Hiriyur', 600, 17),
(6184, 'Harihar', 602, 17),
(6185, 'Harapanahalli', 602, 17),
(6186, 'Jagalur', 602, 17),
(6187, 'Davanagere', 602, 17),
(6188, 'Honnali', 602, 17),
(6189, 'Channagiri', 602, 17),
(6190, 'Sagar', 615, 17),
(6191, 'Sorab', 615, 17),
(6192, 'Shikarpur', 615, 17),
(6193, 'Hosanagara', 615, 17),
(6194, 'Tirthahalli', 615, 17),
(6195, 'Shimoga', 615, 17),
(6196, 'Bhadravati', 615, 17),
(6197, 'Kundapura', 617, 17),
(6198, 'Udupi', 617, 17),
(6199, 'Karkal', 617, 17),
(6200, 'Sringeri', 598, 17),
(6201, 'Koppa', 598, 17),
(6202, 'Narasimharajapura', 598, 17),
(6203, 'Tarikere', 598, 17),
(6204, 'Kadur', 598, 17),
(6205, 'Chikmagalur', 598, 17),
(6206, 'Mudigere', 598, 17),
(6207, 'Chiknayakanhalli', 616, 17),
(6208, 'Sira', 616, 17),
(6209, 'Pavagada', 616, 17),
(6210, 'Madhugiri', 616, 17),
(6211, 'Koratagere', 616, 17),
(6212, 'Tumkur', 616, 17),
(6213, 'Gubbi', 616, 17),
(6214, 'Tiptur', 616, 17),
(6215, 'Turuvekere', 616, 17),
(6216, 'Kunigal', 616, 17),
(6217, 'Bangalore North', 591, 17),
(6218, 'Bangalore South', 591, 17),
(6219, 'Bangalore East', 591, 17),
(6220, 'Anekal', 591, 17),
(6221, 'Krishnarajpet', 611, 17),
(6222, 'Nagamangala', 611, 17),
(6223, 'Pandavapura', 611, 17),
(6224, 'Shrirangapattana', 611, 17),
(6225, 'Mandya', 611, 17),
(6226, 'Maddur', 611, 17),
(6227, 'Malavalli', 611, 17),
(6228, 'Sakleshpur', 606, 17),
(6229, 'Belur', 606, 17),
(6230, 'Arsikere', 606, 17),
(6231, 'Hassan', 606, 17),
(6232, 'Alur', 606, 17),
(6233, 'Arkalgud', 606, 17),
(6234, 'Hole Narsipur', 606, 17),
(6235, 'Channarayapatna', 606, 17),
(6236, 'Mangalore', 601, 17);
INSERT INTO `block` (`id`, `block`, `district_id`, `state_id`) VALUES
(6237, 'Bantval', 601, 17),
(6238, 'Beltangadi', 601, 17),
(6239, 'Puttur', 601, 17),
(6240, 'Sulya', 601, 17),
(6241, 'Madikeri', 608, 17),
(6242, 'Somvarpet', 608, 17),
(6243, 'Virajpet', 608, 17),
(6244, 'Piriyapatna', 612, 17),
(6245, 'Hunsur', 612, 17),
(6246, 'Krishnarajanagara', 612, 17),
(6247, 'Mysore', 612, 17),
(6248, 'Heggadadevankote', 612, 17),
(6249, 'Nanjangud', 612, 17),
(6250, 'Tirumakudal - Narsipur', 612, 17),
(6251, 'Gundlupet', 597, 17),
(6252, 'Chamarajanagar', 597, 17),
(6253, 'Yelandur', 597, 17),
(6254, 'Kollegal', 597, 17),
(6255, 'Aland', 605, 17),
(6256, 'Afzalpur', 605, 17),
(6257, 'Gulbarga', 605, 17),
(6258, 'Chincholi', 605, 17),
(6259, 'Sedam', 605, 17),
(6260, 'Chitapur', 605, 17),
(6261, 'Jevargi', 605, 17),
(6262, 'Shorapur', 619, 17),
(6263, 'Shahpur', 619, 17),
(6264, 'Yadgir', 619, 17),
(6265, 'Srinivaspur', 609, 17),
(6266, 'Kolar', 609, 17),
(6267, 'Malur', 609, 17),
(6268, 'Bangarapet', 609, 17),
(6269, 'Mulbagal', 609, 17),
(6270, 'Gauribidanur', 599, 17),
(6271, 'Chikkaballapura', 599, 17),
(6272, 'Gudibanda', 599, 17),
(6273, 'Bagepalli', 599, 17),
(6274, 'Sidlaghatta', 599, 17),
(6275, 'Chintamani', 599, 17),
(6276, 'Nelamangala', 592, 17),
(6277, 'Dod Ballapur', 592, 17),
(6278, 'Devanahalli', 592, 17),
(6279, 'Hosakote', 592, 17),
(6280, 'Magadi', 614, 17),
(6281, 'Ramanagara', 614, 17),
(6282, 'Channapatna', 614, 17),
(6283, 'Kanakapura', 614, 17),
(6284, 'Pernem', 620, 11),
(6285, 'Bardez', 620, 11),
(6286, 'Tiswadi', 620, 11),
(6287, 'Bicholim', 620, 11),
(6288, 'Satari', 620, 11),
(6289, 'Ponda', 620, 11),
(6290, 'Mormugao', 621, 11),
(6291, 'Salcete', 621, 11),
(6292, 'Quepem', 621, 11),
(6293, 'Sanguem', 621, 11),
(6294, 'Canacona', 621, 11),
(6295, 'Amini', 622, 19),
(6296, 'Bitra', 622, 19),
(6297, 'Chetlat', 622, 19),
(6298, 'Kiltan', 622, 19),
(6299, 'Kadmat', 622, 19),
(6300, 'Kavaratti', 622, 19),
(6301, 'Agatti', 622, 19),
(6302, 'Andrott', 622, 19),
(6303, 'Kalpeni', 622, 19),
(6304, 'Minicoy', 622, 19),
(6305, 'Kasaragod', 627, 18),
(6306, 'Hosdurg', 627, 18),
(6307, 'Taliparamba', 626, 18),
(6308, 'Kannur', 626, 18),
(6309, 'Thalassery', 626, 18),
(6310, 'Mananthavady', 636, 18),
(6311, 'Sulthanbathery', 636, 18),
(6312, 'Vythiri', 636, 18),
(6313, 'Vadakara', 630, 18),
(6314, 'Quilandy', 630, 18),
(6315, 'Kozhikode', 630, 18),
(6316, 'Ernad', 631, 18),
(6317, 'Nilambur', 631, 18),
(6318, 'Perinthalmanna', 631, 18),
(6319, 'Tirur', 631, 18),
(6320, 'Tirurangadi', 631, 18),
(6321, 'Ponnani', 631, 18),
(6322, 'Ottappalam', 632, 18),
(6323, 'Mannarkad', 632, 18),
(6324, 'Palakkad', 632, 18),
(6325, 'Chittur', 632, 18),
(6326, 'Alathur', 632, 18),
(6327, 'Talappilly', 635, 18),
(6328, 'Chavakkad', 635, 18),
(6329, 'Thrissur', 635, 18),
(6330, 'Kodungallur', 635, 18),
(6331, 'Mukundapuram', 635, 18),
(6332, 'Kunnathunad', 624, 18),
(6333, 'Aluva', 624, 18),
(6334, 'Paravur', 624, 18),
(6335, 'Kochi', 624, 18),
(6336, 'Kanayannur', 624, 18),
(6337, 'Muvattupuzha', 624, 18),
(6338, 'Kothamangalam', 624, 18),
(6339, 'Devikulam', 625, 18),
(6340, 'Udumbanchola', 625, 18),
(6341, 'Thodupuzha', 625, 18),
(6342, 'Peerumade', 625, 18),
(6343, 'Meenachil', 629, 18),
(6344, 'Vaikom', 629, 18),
(6345, 'Kottayam', 629, 18),
(6346, 'Changanassery', 629, 18),
(6347, 'Kanjirappally', 629, 18),
(6348, 'Cherthala', 623, 18),
(6349, 'Ambalappuzha', 623, 18),
(6350, 'Kuttanad', 623, 18),
(6351, 'Karthikappally', 623, 18),
(6352, 'Chengannur', 623, 18),
(6353, 'Mavelikkara', 623, 18),
(6354, 'Thiruvalla', 633, 18),
(6355, 'Mallappally', 633, 18),
(6356, 'Ranni', 633, 18),
(6357, 'Kozhenchery', 633, 18),
(6358, 'Adoor', 633, 18),
(6359, 'Karunagappally', 628, 18),
(6360, 'Kunnathur', 628, 18),
(6361, 'Pathanapuram', 628, 18),
(6362, 'Kottarakkara', 628, 18),
(6363, 'Kollam', 628, 18),
(6364, 'Chirayinkeezhu', 634, 18),
(6365, 'Nedumangad', 634, 18),
(6366, 'Thiruvananthapuram', 634, 18),
(6367, 'Neyyattinkara', 634, 18),
(6368, 'Gummidipoondi', 663, 31),
(6369, 'Ponneri', 663, 31),
(6370, 'Uthukkottai', 663, 31),
(6371, 'Tiruttani', 663, 31),
(6372, 'Pallipattu', 663, 31),
(6373, 'Thiruvallur', 663, 31),
(6374, 'Poonamallee', 663, 31),
(6375, 'Ambattur', 663, 31),
(6376, 'Mathavaram', 663, 31),
(6377, 'Sriperumbudur', 644, 31),
(6378, 'Tambaram', 644, 31),
(6379, 'Alandur', 644, 31),
(6380, 'Sholinganallur', 644, 31),
(6381, 'Chengalpattu', 644, 31),
(6382, 'Kancheepuram', 644, 31),
(6383, 'Uthiramerur', 644, 31),
(6384, 'Tirukalukundram', 644, 31),
(6385, 'Maduranthakam', 644, 31),
(6386, 'Cheyyur', 644, 31),
(6387, 'Gudiyatham', 666, 31),
(6388, 'Katpadi', 666, 31),
(6389, 'Wallajah', 666, 31),
(6390, 'Arakonam', 666, 31),
(6391, 'Arcot', 666, 31),
(6392, 'Vellore', 666, 31),
(6393, 'Vaniyambadi', 666, 31),
(6394, 'Ambur', 666, 31),
(6395, 'Tirupathur', 666, 31),
(6396, 'Arani', 664, 31),
(6397, 'Cheyyar', 664, 31),
(6398, 'Vandavasi', 664, 31),
(6399, 'Polur', 664, 31),
(6400, 'Chengam', 664, 31),
(6401, 'Thandrampet', 664, 31),
(6402, 'Tiruvannamalai', 664, 31),
(6403, 'Gingee', 667, 31),
(6404, 'Tindivanam', 667, 31),
(6405, 'Vanur', 667, 31),
(6406, 'Viluppuram', 667, 31),
(6407, 'Tirukkoyilur', 667, 31),
(6408, 'Sankarapuram', 667, 31),
(6409, 'Kallakkurichi', 667, 31),
(6410, 'Ulundurpettai', 667, 31),
(6411, 'Mettur', 655, 31),
(6412, 'Omalur', 655, 31),
(6413, 'Edappadi', 655, 31),
(6414, 'Sankari', 655, 31),
(6415, 'Salem', 655, 31),
(6416, 'Yercaud', 655, 31),
(6417, 'Vazhapadi', 655, 31),
(6418, 'Attur', 655, 31),
(6419, 'Gangavalli', 655, 31),
(6420, 'Tiruchengode', 650, 31),
(6421, 'Rasipuram', 650, 31),
(6422, 'Namakkal', 650, 31),
(6423, 'Paramathi-Velur', 650, 31),
(6424, 'Sathyamangalam', 643, 31),
(6425, 'Bhavani', 643, 31),
(6426, 'Gobichettipalayam', 643, 31),
(6427, 'Perundurai', 643, 31),
(6428, 'Erode', 643, 31),
(6429, 'Panthalur', 651, 31),
(6430, 'Gudalur', 651, 31),
(6431, 'Udhagamandalam', 651, 31),
(6432, 'Kotagiri', 651, 31),
(6433, 'Coonoor', 651, 31),
(6434, 'Kundah', 651, 31),
(6435, 'Palani', 642, 31),
(6436, 'Oddanchatram', 642, 31),
(6437, 'Vedasandur', 642, 31),
(6438, 'Natham', 642, 31),
(6439, 'Dindigul', 642, 31),
(6440, 'Attur', 642, 31),
(6441, 'Kodaikanal', 642, 31),
(6442, 'Nilakkottai', 642, 31),
(6443, 'Aravakurichi', 646, 31),
(6444, 'Karur', 646, 31),
(6445, 'Krishnarayapuram', 646, 31),
(6446, 'Kulithalai', 646, 31),
(6447, 'Kadavur', 646, 31),
(6448, 'Thottiyam', 660, 31),
(6449, 'Musiri', 660, 31),
(6450, 'Thuraiyur', 660, 31),
(6451, 'Manachanallur', 660, 31),
(6452, 'Lalgudi', 660, 31),
(6453, 'Srirangam', 660, 31),
(6454, 'Tiruchirappalli', 660, 31),
(6455, 'Thiruverumbur', 660, 31),
(6456, 'Manapparai', 660, 31),
(6457, 'Veppanthattai', 652, 31),
(6458, 'Perambalur', 652, 31),
(6459, 'Kunnam', 652, 31),
(6460, 'Sendurai', 637, 31),
(6461, 'Udayarpalayam', 637, 31),
(6462, 'Ariyalur', 637, 31),
(6463, 'Panruti', 640, 31),
(6464, 'Cuddalore', 640, 31),
(6465, 'Kurinjipadi', 640, 31),
(6466, 'Chidambaram', 640, 31),
(6467, 'Kattumannarkoil', 640, 31),
(6468, 'Virudhachalam', 640, 31),
(6469, 'Tittakudi', 640, 31),
(6470, 'Sirkali', 649, 31),
(6471, 'Mayiladuthurai', 649, 31),
(6472, 'Kuthalam', 649, 31),
(6473, 'Tharangambadi', 649, 31),
(6474, 'Nagapattinam', 649, 31),
(6475, 'Kilvelur', 649, 31),
(6476, 'Thirukkuvalai', 649, 31),
(6477, 'Vedaranyam', 649, 31),
(6478, 'Valangaiman', 665, 31),
(6479, 'Kodavasal', 665, 31),
(6480, 'Nannilam', 665, 31),
(6481, 'Thiruvarur', 665, 31),
(6482, 'Needamangalam', 665, 31),
(6483, 'Mannargudi', 665, 31),
(6484, 'Thiruthuraipoondi', 665, 31),
(6485, 'Thiruvidaimarudur', 657, 31),
(6486, 'Kumbakonam', 657, 31),
(6487, 'Papanasam', 657, 31),
(6488, 'Thiruvaiyaru', 657, 31),
(6489, 'Thanjavur', 657, 31),
(6490, 'Orathanadu', 657, 31),
(6491, 'Pattukkottai', 657, 31),
(6492, 'Peravurani', 657, 31),
(6493, 'Iluppur', 653, 31),
(6494, 'Kulathur', 653, 31),
(6495, 'Gandarvakkottai', 653, 31),
(6496, 'Pudukkottai', 653, 31),
(6497, 'Thirumayam', 653, 31),
(6498, 'Ponnamaravathi', 653, 31),
(6499, 'Alangudi', 653, 31),
(6500, 'Karambakudi', 653, 31),
(6501, 'Aranthangi', 653, 31),
(6502, 'Manamelkudi', 653, 31),
(6503, 'Avudayarkoil', 653, 31),
(6504, 'Tirupathur', 656, 31),
(6505, 'Karaikkudi', 656, 31),
(6506, 'Devakottai', 656, 31),
(6507, 'Sivaganga', 656, 31),
(6508, 'Manamadurai', 656, 31),
(6509, 'Ilayangudi', 656, 31),
(6510, 'Melur', 648, 31),
(6511, 'Madurai North', 648, 31),
(6512, 'Vadipatti', 648, 31),
(6513, 'Usilampatti', 648, 31),
(6514, 'Peraiyur', 648, 31),
(6515, 'Thirumangalam', 648, 31),
(6516, 'Madurai South', 648, 31),
(6517, 'Bodinayakanur', 658, 31),
(6518, 'Periyakulam', 658, 31),
(6519, 'Theni', 658, 31),
(6520, 'Uthamapalayam', 658, 31),
(6521, 'Andipatti', 658, 31),
(6522, 'Rajapalayam', 668, 31),
(6523, 'Srivilliputhur', 668, 31),
(6524, 'Sivakasi', 668, 31),
(6525, 'Virudhunagar', 668, 31),
(6526, 'Kariapatti', 668, 31),
(6527, 'Tiruchuli', 668, 31),
(6528, 'Aruppukkottai', 668, 31),
(6529, 'Sattur', 668, 31),
(6530, 'Tiruvadanai', 654, 31),
(6531, 'Paramakudi', 654, 31),
(6532, 'Mudukulathur', 654, 31),
(6533, 'Kamuthi', 654, 31),
(6534, 'Kadaladi', 654, 31),
(6535, 'Ramanathapuram', 654, 31),
(6536, 'Rameswaram', 654, 31),
(6537, 'Kovilpatti', 659, 31),
(6538, 'Ettayapuram', 659, 31),
(6539, 'Vilathikulam', 659, 31),
(6540, 'Ottapidaram', 659, 31),
(6541, 'Thoothukkudi', 659, 31),
(6542, 'Srivaikuntam', 659, 31),
(6543, 'Tiruchendur', 659, 31),
(6544, 'Sathankulam', 659, 31),
(6545, 'Sivagiri', 661, 31),
(6546, 'Sankarankoil', 661, 31),
(6547, 'Veerakeralamputhur', 661, 31),
(6548, 'Tenkasi', 661, 31),
(6549, 'Shenkottai', 661, 31),
(6550, 'Alangulam', 661, 31),
(6551, 'Tirunelveli', 661, 31),
(6552, 'Palayamkottai', 661, 31),
(6553, 'Ambasamudram', 661, 31),
(6554, 'Nanguneri', 661, 31),
(6555, 'Radhapuram', 661, 31),
(6556, 'Vilavancode', 645, 31),
(6557, 'Kalkulam', 645, 31),
(6558, 'Thovala', 645, 31),
(6559, 'Agastheeswaram', 645, 31),
(6560, 'Palakkodu', 641, 31),
(6561, 'Harur', 641, 31),
(6562, 'Pappireddipatti', 641, 31),
(6563, 'Dharmapuri', 641, 31),
(6564, 'Pennagaram', 641, 31),
(6565, 'Hosur', 647, 31),
(6566, 'Krishnagiri', 647, 31),
(6567, 'Denkanikottai', 647, 31),
(6568, 'Pochampalli', 647, 31),
(6569, 'Uthangarai', 647, 31),
(6570, 'Mettupalayam', 639, 31),
(6571, 'Sulur', 639, 31),
(6572, 'Coimbatore North', 639, 31),
(6573, 'Coimbatore South', 639, 31),
(6574, 'Pollachi', 639, 31),
(6575, 'Valparai', 639, 31),
(6576, 'Kangeyam', 662, 31),
(6577, 'Dharapuram', 662, 31),
(6578, 'Avanashi', 662, 31),
(6579, 'Tiruppur', 662, 31),
(6580, 'Palladam', 662, 31),
(6581, 'Udumalaipettai', 662, 31),
(6582, 'Madathukulam', 662, 31),
(6583, 'Yanam Taluk', 672, 27),
(6584, 'Puducherry Taluk', 671, 27),
(6585, 'Ozhukarai Taluk', 671, 27),
(6586, 'Villianur Taluk', 671, 27),
(6587, 'Bahour Taluk', 671, 27),
(6588, 'Mahe Taluk', 670, 27),
(6589, 'Karaikal Taluk', 669, 27),
(6590, 'Thirunallar Taluk', 669, 27),
(6591, 'Car Nicobar', 673, 1),
(6592, 'Nancowry', 673, 1),
(6593, 'Great Nicobar', 673, 1),
(6594, 'Diglipur', 674, 1),
(6595, 'Mayabunder', 674, 1),
(6596, 'Rangat', 674, 1),
(6597, 'Ferrargunj', 675, 1),
(6598, 'Port Blair', 675, 1),
(6599, 'Little Andaman', 675, 1);

-- --------------------------------------------------------

--
-- Table structure for table `blockpartners`
--

CREATE TABLE `blockpartners` (
  `id` bigint(20) UNSIGNED NOT NULL,
  `zone_partner_id` int(11) NOT NULL,
  `district_partner_id` int(11) NOT NULL,
  `block_id` int(11) NOT NULL,
  `name` varchar(100) COLLATE utf8mb4_unicode_ci NOT NULL,
  `email` varchar(100) COLLATE utf8mb4_unicode_ci NOT NULL,
  `phone` varchar(20) COLLATE utf8mb4_unicode_ci NOT NULL,
  `password` varchar(200) COLLATE utf8mb4_unicode_ci NOT NULL,
  `remember_token` varchar(100) COLLATE utf8mb4_unicode_ci DEFAULT NULL,
  `image` varchar(100) COLLATE utf8mb4_unicode_ci NOT NULL,
  `active_status` varchar(20) COLLATE utf8mb4_unicode_ci NOT NULL,
  `wallet_balance` float(10,2) NOT NULL,
  `created_at` timestamp NULL DEFAULT NULL,
  `updated_at` timestamp NULL DEFAULT NULL
) ENGINE=InnoDB DEFAULT CHARSET=utf8mb4 COLLATE=utf8mb4_unicode_ci;

--
-- Dumping data for table `blockpartners`
--

INSERT INTO `blockpartners` (`id`, `zone_partner_id`, `district_partner_id`, `block_id`, `name`, `email`, `phone`, `password`, `remember_token`, `image`, `active_status`, `wallet_balance`, `created_at`, `updated_at`) VALUES
(2, 1, 2, 3024, 'Block Partner', 'block@gmail.com', '7896541230', '$2y$10$TJIwOiCnHw1EaS3mTxZRS.3ttIWY.VenYeJ/NZY1wCIMqvG3fkKaG', NULL, '20230308023929.jpg', 'YES', 0.00, NULL, '2023-05-06 18:21:10'),
(3, 1, 3, 2992, 'SELIM MONDAL', 'selim@gmail.com', '9876543210', '$2y$10$xO2nH0l2Br4H2mtrF0ziOOukjPPsk.vMvVNMGy07QkXC0/vUvMqbu', NULL, '20230314115436.png', 'YES', 0.00, NULL, NULL),
(4, 6, 6, 3131, 'RANJIT BERA', 'starhouse820@gmail.com', '8101243820', '$2y$10$QYgz2y03/CRW9UfSETYl..apuPQosNIgCFcjWum5GkYvdzF2B5uu6', NULL, '20230418034045.jpg', 'YES', 0.00, NULL, NULL),
(5, 6, 6, 3132, 'NAREN DALAI', 'itsmystarlite@gmail.com', '9064482035', '$2y$10$AiDHcfbsYkIUWAAPsFvNj.MYjD1T6xv4ApLS7gqgj1bVPOok4u9Z2', NULL, '20230418034429.jpg', 'YES', 0.00, NULL, NULL),
(6, 9, 10, 2630, 'Kishor paul', 'kp8343625@gmail.com', '9863964521', '$2y$10$vW69rwfKleqzzvtUF0QEo.NIm2RRQmtcMynDOfGafwZ3N6z4wzUyO', NULL, '20230418035829.jpg', 'YES', 0.00, NULL, NULL),
(7, 10, 8, 2881, 'Amit Ghos', 'ghoshamit19922014@gmail.com', '7872927636', '$2y$10$YICtmxnKe/sHLEEW4lbEPeZMyXKh8Be4NCl6trv.zd1Z6TwdY1ui2', NULL, '20230418041308.jpg', 'YES', 0.00, NULL, NULL),
(8, 9, 7, 2607, 'Papai Rudra Paul', 'papairpaul@gmail.com', '6033197315', '$2y$10$mj0Eb4V9/OIxWOz.xMBMv./EVpO0hfl3YswjR1k/OdO/Guq.zaQv2', NULL, '20230418062634.jpg', 'YES', 0.00, NULL, NULL),
(9, 6, 6, 3129, 'Dipankar Mahata', 'mahata.dipankar44@gmail.com', '8972614267', '$2y$10$kYIF26KZwwNMhFvXFiXUtOH5.PY1Q8L5DTaApqUXsdvJ5Xx7FTUu.', NULL, '20230419124103.jpg', 'YES', 0.00, NULL, NULL),
(10, 5, 16, 2858, 'Subhankar Ghosh', 'subhankar.8509371933@gmail.com', '8509371933', '$2y$10$ARMfZLdIdeDukEeHZXAEuuDOqmjCk/OMqnzXLqABsW0uQK7bZXGUm', NULL, '20230419021302.jpg', 'YES', 0.00, NULL, NULL),
(11, 5, 16, 2865, 'Animesh Roy', 'payelroy6050@gmail.com', '7319556050', '$2y$10$F.PFao1T1xnJg9HO42wACeYg9YcdQ3.zvnEz9PiYiU.zoSFwxYPlW', NULL, '20230419021531.jpg', 'YES', 0.00, NULL, NULL),
(12, 5, 16, 2855, 'Manik Barman', 'basumitaenterprise@gmail.com', '8436300242', '$2y$10$GHiTGi8wCM9kay7gg4Aem.5U5Em2w5YubUoRpYD1RrP6SSB8CBRcy', NULL, '20230419021923.jpg', 'YES', 0.00, NULL, NULL),
(13, 5, 17, 2853, 'Dolon Kumar Roy', 'dolankumarray@gmail.com', '9064103748', '$2y$10$B6nWly2WVEtcnlaDqgGI2O79aJQ3WpAyFOuOh13kNdcehzi/nK5ym', NULL, '20230419050044.jpg', 'YES', 0.00, NULL, NULL),
(14, 5, 17, 2852, 'Prabir Kumar Roy', 'prabirr438@gmail.com', '8670320557', '$2y$10$uJZk.2nFYG2dFcJvwVJ/WO.EtrmUSXJSh5QxRAVF9DLZ1CrbALRMC', NULL, '20230419050638.jpg', 'YES', 0.00, NULL, NULL),
(15, 9, 7, 2607, 'SWAPAN SIL (Sadar Block)', 'milan.tithi2017@gmail.com', '7005234759', '$2y$10$TUKCMXvl2lK66Uh9PRDbiO4dy5fE65DdnIvNqtwnDC8j2jqmFyUzm', NULL, '20230420092400.jpg', 'YES', 0.00, NULL, NULL),
(16, 9, 7, 2607, 'Abhijit ghosh (Ushabazer Block)', 'ghoshabhijit1986@gmail.com', '7005178806', '$2y$10$b6kY6tXHJj51.gf59Y4bhu.gRVUAKKU5L90T3WJfEIiCCVPBpBAY6', NULL, '20230420113232.jpg', 'YES', 0.00, NULL, NULL),
(17, 9, 14, 2634, 'Bhashar Chakraborty', 'aad201618@gmail.com', '9233055682', '$2y$10$pyl2NndaiI/.p6sDcscbFuUzF13sxE5x2a3n5W8ENDxsVJ2R9lmSu', NULL, '20230427115159.jpeg', 'YES', 0.00, NULL, NULL),
(18, 1, 19, 2992, 'Goutam Das', 'goutamdas743262@gmail.com', '8918719380', '$2y$10$26bOhs667ERIvlSjMSw8AOtQzastmIuXB2HZbWebB36VA5QpOCRYO', NULL, '20230429012138.jpeg', 'YES', 0.00, NULL, NULL),
(19, 9, 18, 2624, 'Prakash Debnath', 'prakesh1245@gmail.com', '8787739286', '$2y$10$GFlcRh2GVMEFhEthLgfRX.vfcF8fwWfcILLROUcp/rTEAPDlwtRZC', NULL, '20230503112617.jpg', 'YES', 0.00, NULL, NULL);

-- --------------------------------------------------------

--
-- Table structure for table `brochures`
--

CREATE TABLE `brochures` (
  `id` bigint(20) UNSIGNED NOT NULL,
  `name` varchar(255) COLLATE utf8mb4_unicode_ci DEFAULT NULL,
  `file_name` varchar(255) COLLATE utf8mb4_unicode_ci DEFAULT NULL,
  `created_at` timestamp NULL DEFAULT NULL,
  `updated_at` timestamp NULL DEFAULT NULL
) ENGINE=InnoDB DEFAULT CHARSET=utf8mb4 COLLATE=utf8mb4_unicode_ci;

--
-- Dumping data for table `brochures`
--

INSERT INTO `brochures` (`id`, `name`, `file_name`, `created_at`, `updated_at`) VALUES
(1, 'MR RECRUITMENT PROPOSAL', '1680966238.pdf', '2023-04-08 14:18:56', '2023-04-08 20:33:58'),
(2, 'BUSINESS PROPOSAL', '1680966314.pdf', '2023-04-08 20:35:14', '2023-04-08 20:35:14');

-- --------------------------------------------------------

--
-- Table structure for table `carts`
--

CREATE TABLE `carts` (
  `id` bigint(20) UNSIGNED NOT NULL,
  `user_id` int(11) NOT NULL,
  `product_id` int(11) NOT NULL,
  `size_id` int(11) NOT NULL,
  `qty` int(11) NOT NULL,
  `created_at` timestamp NULL DEFAULT current_timestamp(),
  `updated_at` timestamp NULL DEFAULT current_timestamp()
) ENGINE=InnoDB DEFAULT CHARSET=utf8mb4 COLLATE=utf8mb4_unicode_ci;

--
-- Dumping data for table `carts`
--

INSERT INTO `carts` (`id`, `user_id`, `product_id`, `size_id`, `qty`, `created_at`, `updated_at`) VALUES
(18, 14, 5, 11, 1, '2023-03-30 20:34:12', '2023-03-30 20:34:12'),
(20, 14, 3, 6, 1, '2023-04-02 12:13:08', '2023-04-02 12:13:08'),
(25, 15, 2, 4, 1, '2023-04-04 11:18:08', '2023-04-04 11:18:08'),
(26, 15, 3, 6, 1, '2023-04-04 12:00:05', '2023-04-04 12:00:05'),
(30, 21, 4, 8, 1, '2023-04-17 20:39:09', '2023-04-17 20:39:09'),
(31, 39, 4, 9, 1, '2023-04-20 11:41:34', '2023-04-20 11:41:34'),
(33, 16, 4, 8, 1, '2023-04-20 16:39:52', '2023-04-20 16:39:52'),
(35, 44, 3, 6, 1, '2023-04-27 12:15:43', '2023-04-27 12:15:43'),
(36, 18, 2, 4, 1, '2023-04-27 15:32:04', '2023-04-27 15:32:04'),
(37, 18, 3, 6, 1, '2023-04-27 15:32:52', '2023-04-27 15:32:52'),
(38, 45, 2, 4, 1, '2023-04-27 18:59:43', '2023-04-27 18:59:43'),
(39, 45, 4, 8, 1, '2023-04-28 01:07:11', '2023-04-28 01:07:11'),
(42, 15, 9, 14, 1, '2023-05-01 09:16:49', '2023-05-01 09:16:49'),
(43, 47, 9, 16, 1, '2023-05-01 12:14:03', '2023-05-01 12:14:03'),
(56, 23, 7, 13, 1, '2023-05-01 21:21:05', '2023-05-01 21:21:05'),
(57, 13, 26, 32, 1, '2023-05-02 08:30:49', '2023-05-02 08:30:49'),
(58, 15, 24, 30, 1, '2023-05-03 11:57:23', '2023-05-03 11:57:23'),
(59, 24, 3, 6, 1, '2023-05-03 20:11:31', '2023-05-03 20:11:31'),
(60, 50, 33, 37, 1, '2023-05-04 09:29:42', '2023-05-04 09:29:42');

-- --------------------------------------------------------

--
-- Table structure for table `categories`
--

CREATE TABLE `categories` (
  `id` bigint(20) UNSIGNED NOT NULL,
  `category` varchar(255) COLLATE utf8mb4_unicode_ci NOT NULL,
  `keyword` varchar(255) COLLATE utf8mb4_unicode_ci NOT NULL,
  `image` varchar(255) COLLATE utf8mb4_unicode_ci NOT NULL,
  `created_at` timestamp NULL DEFAULT NULL,
  `updated_at` timestamp NULL DEFAULT NULL
) ENGINE=InnoDB DEFAULT CHARSET=utf8mb4 COLLATE=utf8mb4_unicode_ci;

--
-- Dumping data for table `categories`
--

INSERT INTO `categories` (`id`, `category`, `keyword`, `image`, `created_at`, `updated_at`) VALUES
(1, 'Grocery', 'grocery', '20230303034246.jpeg', '2023-03-03 10:12:46', '2023-03-03 10:12:46'),
(2, 'Fashion & Beauty', 'fashion-&-beauty', '20230303034329.jpeg', '2023-03-03 10:13:29', '2023-03-03 10:13:29'),
(3, 'Meat & Fish', 'meat-&-fish', '20230303034435.jpg', '2023-03-03 10:14:35', '2023-03-03 10:14:35'),
(4, 'Fruits & Vegitables', 'fruits-&-vegitables', '20230303034541.jpg', '2023-03-03 10:15:41', '2023-03-03 10:15:41'),
(5, 'Home & Kitchen', 'home-&-kitchen', '20230429125811.webp', '2023-03-03 10:16:02', '2023-04-29 12:58:11'),
(6, 'Beauty & Health', 'beauty-&-health', '20230303034629.jpeg', '2023-03-03 10:16:29', '2023-03-03 10:16:29'),
(7, 'Electronics', 'electronics', '20230303034649.jpeg', '2023-03-03 10:16:49', '2023-03-03 10:16:49'),
(9, 'Car & Bike', 'car-&-bike', '20230303034744.jpeg', '2023-03-03 10:17:44', '2023-03-03 10:17:44'),
(10, 'Office Supplies & Stationery', 'office-supplies-&-stationery', '20230303034809.jpeg', '2023-03-03 10:18:09', '2023-03-03 10:18:09'),
(11, 'Pet Supplies and more', 'pet-supplies-and-more', '20230303034830.jpeg', '2023-03-03 10:18:30', '2023-03-03 10:18:30');

-- --------------------------------------------------------

--
-- Table structure for table `categorybanners`
--

CREATE TABLE `categorybanners` (
  `id` bigint(20) UNSIGNED NOT NULL,
  `image` varchar(255) COLLATE utf8mb4_unicode_ci DEFAULT NULL,
  `title` varchar(255) COLLATE utf8mb4_unicode_ci DEFAULT NULL,
  `sub_title` varchar(255) COLLATE utf8mb4_unicode_ci DEFAULT NULL,
  `created_at` timestamp NULL DEFAULT NULL,
  `updated_at` timestamp NULL DEFAULT NULL
) ENGINE=InnoDB DEFAULT CHARSET=utf8mb4 COLLATE=utf8mb4_unicode_ci;

-- --------------------------------------------------------

--
-- Table structure for table `client_reviews`
--

CREATE TABLE `client_reviews` (
  `id` bigint(20) UNSIGNED NOT NULL,
  `image` varchar(255) COLLATE utf8mb4_unicode_ci DEFAULT NULL,
  `name` varchar(255) COLLATE utf8mb4_unicode_ci DEFAULT NULL,
  `designation` varchar(255) COLLATE utf8mb4_unicode_ci DEFAULT NULL,
  `comment` text COLLATE utf8mb4_unicode_ci DEFAULT NULL,
  `created_at` timestamp NULL DEFAULT NULL,
  `updated_at` timestamp NULL DEFAULT NULL
) ENGINE=InnoDB DEFAULT CHARSET=utf8mb4 COLLATE=utf8mb4_unicode_ci;

--
-- Dumping data for table `client_reviews`
--

INSERT INTO `client_reviews` (`id`, `image`, `name`, `designation`, `comment`, `created_at`, `updated_at`) VALUES
(2, '20230308063644.jpeg', 'Mr. Dibakar Roy', 'ZONAL FRANCHISE(Jalpaiguri)', 'Always available, extremely knowledgeable, and a tremendous \"can-do\" attitude. Our company was on a tight timeline and strict budget to create a first-class mobile interpretation app, and digitel marketing was awesome.', '2023-03-08 13:06:44', '2023-03-08 13:06:44'),
(3, '20230308063735.jpeg', 'Mrs. Dipanshi Borai', 'ZONAL FRANCHISE(Kolkata)', 'I have worked with your company and your team. Unflinchingly reliable, professional and proactive from a technology and security standpoint. Over the years, Hindkart has streamlined our communications so that any of our website updates or other needs are handled seamlessly.', '2023-03-08 13:07:35', '2023-03-08 13:07:35'),
(4, '20230308063816.jpeg', 'Mr. Jibon Saha', 'Zonal franchise (tripura)', 'It\'s always a pleasure to work with your team. They are personable, responsive, and results-oriented!', '2023-03-08 13:08:16', '2023-03-08 13:08:16'),
(5, '20230315125109.jpg', 'Mr. Prasenjit Chowdhury', 'Zonal Franchise (Nadia, WB)', 'Nice Concept, Best Supporting Team.', '2023-03-15 12:51:09', '2023-03-15 12:51:09'),
(7, '20230315010944.jpg', 'Mr. Uday Sankar Debgupta', 'District Franchise (South Dinajpur)', 'Best business proposal, Good response from the team, best business opportunity for all. huge number of people work together here as franchise partners and employee.', '2023-03-15 13:09:44', '2023-03-15 13:09:44'),
(8, '20230315011131.jpg', 'Md. Khokan Sekh', 'District Franchise (Nadia)', 'Thank you Hindkart to giving me the opportunity.', '2023-03-15 13:11:31', '2023-03-15 13:11:31'),
(9, '20230315011447.jpg', 'Mr. Mithun Samaddar', 'District Franchise (West Burdwan)', 'Impressive ! Best Business Platform. All in One application.', '2023-03-15 13:14:47', '2023-03-15 13:14:47');

-- --------------------------------------------------------

--
-- Table structure for table `comp_announcements`
--

CREATE TABLE `comp_announcements` (
  `id` bigint(20) UNSIGNED NOT NULL,
  `image` varchar(255) COLLATE utf8mb4_unicode_ci DEFAULT NULL,
  `link` varchar(255) COLLATE utf8mb4_unicode_ci DEFAULT NULL,
  `created_at` timestamp NULL DEFAULT NULL,
  `updated_at` timestamp NULL DEFAULT NULL
) ENGINE=InnoDB DEFAULT CHARSET=utf8mb4 COLLATE=utf8mb4_unicode_ci;

--
-- Dumping data for table `comp_announcements`
--

INSERT INTO `comp_announcements` (`id`, `image`, `link`, `created_at`, `updated_at`) VALUES
(3, '20230309120104.jpg', NULL, '2023-03-09 12:01:04', '2023-03-09 12:01:04'),
(4, '20230309120109.jpg', NULL, '2023-03-09 12:01:09', '2023-03-09 12:01:09');

-- --------------------------------------------------------

--
-- Table structure for table `customer_searches`
--

CREATE TABLE `customer_searches` (
  `id` bigint(20) UNSIGNED NOT NULL,
  `user_id` bigint(20) NOT NULL,
  `keyword` text COLLATE utf8mb4_unicode_ci NOT NULL,
  `created_at` timestamp NULL DEFAULT NULL,
  `updated_at` timestamp NULL DEFAULT NULL
) ENGINE=InnoDB DEFAULT CHARSET=utf8mb4 COLLATE=utf8mb4_unicode_ci;

-- --------------------------------------------------------

--
-- Table structure for table `dealsofthe_days`
--

CREATE TABLE `dealsofthe_days` (
  `id` bigint(20) UNSIGNED NOT NULL,
  `image` varchar(255) COLLATE utf8mb4_unicode_ci DEFAULT NULL,
  `link` varchar(255) COLLATE utf8mb4_unicode_ci DEFAULT NULL,
  `created_at` timestamp NULL DEFAULT NULL,
  `updated_at` timestamp NULL DEFAULT NULL
) ENGINE=InnoDB DEFAULT CHARSET=utf8mb4 COLLATE=utf8mb4_unicode_ci;

--
-- Dumping data for table `dealsofthe_days`
--

INSERT INTO `dealsofthe_days` (`id`, `image`, `link`, `created_at`, `updated_at`) VALUES
(2, '20230309120634.png', NULL, '2023-03-09 12:06:34', '2023-03-09 12:06:34'),
(3, '20230309120639.png', NULL, '2023-03-09 12:06:39', '2023-03-09 12:06:39');

-- --------------------------------------------------------

--
-- Table structure for table `deliverytypes`
--

CREATE TABLE `deliverytypes` (
  `id` bigint(20) UNSIGNED NOT NULL,
  `delivery_name` varchar(255) COLLATE utf8mb4_unicode_ci NOT NULL,
  `delivery_charge` double(8,2) NOT NULL,
  `created_at` timestamp NULL DEFAULT NULL,
  `updated_at` timestamp NULL DEFAULT NULL
) ENGINE=InnoDB DEFAULT CHARSET=utf8mb4 COLLATE=utf8mb4_unicode_ci;

--
-- Dumping data for table `deliverytypes`
--

INSERT INTO `deliverytypes` (`id`, `delivery_name`, `delivery_charge`, `created_at`, `updated_at`) VALUES
(1, 'Normal Delivery', 40.00, '2023-03-16 10:11:46', '2023-03-16 10:18:11'),
(2, 'Same Day Delivery', 60.00, '2023-03-16 10:12:07', '2023-03-16 10:12:07'),
(3, 'Fast Delivery', 80.00, '2023-03-16 10:12:15', '2023-03-16 10:12:15');

-- --------------------------------------------------------

--
-- Table structure for table `delivery_amount`
--

CREATE TABLE `delivery_amount` (
  `id` int(11) NOT NULL,
  `min_amount` float(10,2) NOT NULL
) ENGINE=InnoDB DEFAULT CHARSET=utf8mb4 COLLATE=utf8mb4_unicode_ci;

--
-- Dumping data for table `delivery_amount`
--

INSERT INTO `delivery_amount` (`id`, `min_amount`) VALUES
(1, 499.00);

-- --------------------------------------------------------

--
-- Table structure for table `delivery_boys`
--

CREATE TABLE `delivery_boys` (
  `id` bigint(20) UNSIGNED NOT NULL,
  `name` varchar(255) COLLATE utf8mb4_unicode_ci NOT NULL,
  `email` varchar(255) COLLATE utf8mb4_unicode_ci NOT NULL,
  `phone` varchar(15) COLLATE utf8mb4_unicode_ci NOT NULL,
  `father_name` varchar(255) COLLATE utf8mb4_unicode_ci DEFAULT NULL,
  `city` varchar(255) COLLATE utf8mb4_unicode_ci DEFAULT NULL,
  `address` text COLLATE utf8mb4_unicode_ci DEFAULT NULL,
  `lang` text COLLATE utf8mb4_unicode_ci DEFAULT NULL,
  `wallet_balance` decimal(10,2) DEFAULT NULL,
  `image` varchar(255) COLLATE utf8mb4_unicode_ci DEFAULT NULL,
  `password` varchar(255) COLLATE utf8mb4_unicode_ci DEFAULT NULL,
  `active_status` varchar(10) COLLATE utf8mb4_unicode_ci DEFAULT NULL,
  `current_lat` text COLLATE utf8mb4_unicode_ci DEFAULT NULL,
  `current_long` text COLLATE utf8mb4_unicode_ci DEFAULT NULL,
  `duty_status` text COLLATE utf8mb4_unicode_ci DEFAULT NULL,
  `device_token` text COLLATE utf8mb4_unicode_ci DEFAULT NULL,
  `remember_token` varchar(100) COLLATE utf8mb4_unicode_ci DEFAULT NULL,
  `created_at` timestamp NULL DEFAULT NULL,
  `updated_at` timestamp NULL DEFAULT NULL
) ENGINE=InnoDB DEFAULT CHARSET=utf8mb4 COLLATE=utf8mb4_unicode_ci;

--
-- Dumping data for table `delivery_boys`
--

INSERT INTO `delivery_boys` (`id`, `name`, `email`, `phone`, `father_name`, `city`, `address`, `lang`, `wallet_balance`, `image`, `password`, `active_status`, `current_lat`, `current_long`, `duty_status`, `device_token`, `remember_token`, `created_at`, `updated_at`) VALUES
(1, 'kalyan123', 'kc123@gmail.com', '9051869541', NULL, NULL, NULL, NULL, NULL, NULL, '12345', 'YES', NULL, NULL, 'on', 'abcfshfksfaa', NULL, NULL, NULL),
(2, 'kalyan Chakraborty', 'sa@gmail.com', '1234567890', 'Amal B Chakraborty', 'kolkata', 'JU Kolkata 700032', 'english', NULL, NULL, '123456', 'YES', NULL, NULL, NULL, NULL, NULL, NULL, NULL),
(3, 'sagar pal', 'sagar@gmail.com', '1234567891', 'Krishna pal', 'kol', 'baishnabghata', 'english', '160.00', '1679888563.jpg', '123456', 'YES', '23.3488732', '88.3230102', 'on', 'ebbOSyLGTN-El8I0eYuEem:APA91bEo3B8BPHSp1c17SdB0gMHtonDcIdBq7q_3dKCo4_bheZbuaM9zhDJwGugsEGG-tshyoCHgP2maYeoY48uFbmlXFaKEsdakvr7lswcV4ExcTf4IbQa_JxzBClLtNo2up703otMv', NULL, NULL, NULL);

-- --------------------------------------------------------

--
-- Table structure for table `delivery_boy_payments`
--

CREATE TABLE `delivery_boy_payments` (
  `id` bigint(20) UNSIGNED NOT NULL,
  `delivery_boy_id` bigint(20) NOT NULL,
  `type` varchar(100) COLLATE utf8mb4_unicode_ci NOT NULL,
  `amount` double(8,2) NOT NULL,
  `created_at` timestamp NULL DEFAULT NULL,
  `updated_at` timestamp NULL DEFAULT NULL
) ENGINE=InnoDB DEFAULT CHARSET=utf8mb4 COLLATE=utf8mb4_unicode_ci;

-- --------------------------------------------------------

--
-- Table structure for table `district`
--

CREATE TABLE `district` (
  `id` int(11) NOT NULL,
  `district` varchar(100) NOT NULL,
  `state_id` int(11) DEFAULT NULL,
  `zone_id` int(11) NOT NULL
) ENGINE=InnoDB DEFAULT CHARSET=latin1;

--
-- Dumping data for table `district`
--

INSERT INTO `district` (`id`, `district`, `state_id`, `zone_id`) VALUES
(36, 'Anantnag', 15, 0),
(37, 'Bandipore', 15, 0),
(38, 'Baramulla', 15, 0),
(39, 'Budgam', 15, 0),
(40, 'Doda', 15, 0),
(41, 'Ganderbal', 15, 0),
(42, 'Jammu', 15, 0),
(43, 'Kargil', 15, 0),
(44, 'Kathua', 15, 0),
(45, 'Kishtwar', 15, 0),
(46, 'Kulgam', 15, 0),
(47, 'Kupwara', 15, 0),
(48, 'Leh (Ladakh)', 15, 0),
(49, 'Poonch', 15, 0),
(50, 'Pulwama', 15, 0),
(51, 'Rajouri', 15, 0),
(52, 'Ramban', 15, 0),
(53, 'Reasi', 15, 0),
(54, 'Samba', 15, 0),
(55, 'Shopian', 15, 0),
(56, 'Srinagar', 15, 0),
(57, 'Udhampur', 15, 0),
(58, 'Bilaspur (Himachal Pradesh)', 14, 0),
(59, 'Chamba', 14, 0),
(60, 'Hamirpur (Himachal Pradesh)', 14, 0),
(61, 'Kangra', 14, 0),
(62, 'Kinnaur', 14, 0),
(63, 'Kullu', 14, 0),
(64, 'Lahul & Spiti', 14, 0),
(65, 'Mandi', 14, 0),
(66, 'Shimla', 14, 0),
(67, 'Sirmaur', 14, 0),
(68, 'Solan', 14, 0),
(69, 'Una', 14, 0),
(70, 'Amritsar', 28, 0),
(71, 'Barnala', 28, 0),
(72, 'Bathinda', 28, 0),
(73, 'Faridkot', 28, 0),
(74, 'Fatehgarh Sahib', 28, 0),
(75, 'Firozpur', 28, 0),
(76, 'Gurdaspur', 28, 0),
(77, 'Hoshiarpur', 28, 0),
(78, 'Jalandhar', 28, 0),
(79, 'Kapurthala', 28, 0),
(80, 'Ludhiana', 28, 0),
(81, 'Mansa', 28, 0),
(82, 'Moga', 28, 0),
(83, 'Muktsar', 28, 0),
(84, 'Patiala', 28, 0),
(85, 'Rupnagar (Ropar)', 28, 0),
(86, 'Sahibzada Ajit Singh Nagar (Mohali)', 28, 0),
(87, 'Sangrur', 28, 0),
(88, 'Shahid Bhagat Singh Nagar (Nawanshahr)', 28, 0),
(89, 'Tarn Taran', 28, 0),
(90, 'Chandigarh', 6, 0),
(91, 'Almora', 34, 0),
(92, 'Bageshwar', 34, 0),
(93, 'Chamoli', 34, 0),
(94, 'Champawat', 34, 0),
(95, 'Dehradun', 34, 0),
(96, 'Haridwar', 34, 0),
(97, 'Nainital', 34, 0),
(98, 'Pauri Garhwal', 34, 0),
(99, 'Pithoragarh', 34, 0),
(100, 'Rudraprayag', 34, 0),
(101, 'Tehri Garhwal', 34, 0),
(102, 'Udham Singh Nagar', 34, 0),
(103, 'Uttarkashi', 34, 0),
(104, 'Ambala', 13, 0),
(105, 'Bhiwani', 13, 0),
(106, 'Faridabad', 13, 0),
(107, 'Fatehabad', 13, 0),
(108, 'Gurgaon', 13, 0),
(109, 'Hisar', 13, 0),
(110, 'Jhajjar', 13, 0),
(111, 'Jind', 13, 0),
(112, 'Kaithal', 13, 0),
(113, 'Karnal', 13, 0),
(114, 'Kurukshetra', 13, 0),
(115, 'Mahendragarh', 13, 0),
(116, 'Mewat', 13, 0),
(117, 'Palwal', 13, 0),
(118, 'Panchkula', 13, 0),
(119, 'Panipat', 13, 0),
(120, 'Rewari', 13, 0),
(121, 'Rohtak', 13, 0),
(122, 'Sirsa', 13, 0),
(123, 'Sonipat', 13, 0),
(124, 'Yamuna Nagar', 13, 0),
(125, 'Central Delhi', 10, 0),
(126, 'East Delhi', 10, 0),
(127, 'New Delhi', 10, 0),
(128, 'North Delhi', 10, 0),
(129, 'North East Delhi', 10, 0),
(130, 'North West Delhi', 10, 0),
(131, 'South Delhi', 10, 0),
(132, 'South West Delhi', 10, 0),
(133, 'West Delhi', 10, 0),
(134, 'Ajmer', 29, 0),
(135, 'Alwar', 29, 0),
(136, 'Banswara', 29, 0),
(137, 'Baran', 29, 0),
(138, 'Barmer', 29, 0),
(139, 'Bharatpur', 29, 0),
(140, 'Bhilwara', 29, 0),
(141, 'Bikaner', 29, 0),
(142, 'Bundi', 29, 0),
(143, 'Chittorgarh', 29, 0),
(144, 'Churu', 29, 0),
(145, 'Dausa', 29, 0),
(146, 'Dholpur', 29, 0),
(147, 'Dungarpur', 29, 0),
(148, 'Ganganagar', 29, 0),
(149, 'Hanumangarh', 29, 0),
(150, 'Jaipur', 29, 0),
(151, 'Jaisalmer', 29, 0),
(152, 'Jalor', 29, 0),
(153, 'Jhalawar', 29, 0),
(154, 'Jhunjhunu', 29, 0),
(155, 'Jodhpur', 29, 0),
(156, 'Karauli', 29, 0),
(157, 'Kota', 29, 0),
(158, 'Nagaur', 29, 0),
(159, 'Pali', 29, 0),
(160, 'Pratapgarh (Rajasthan)', 29, 0),
(161, 'Rajsamand', 29, 0),
(162, 'Sawai Madhopur', 29, 0),
(163, 'Sikar', 29, 0),
(164, 'Sirohi', 29, 0),
(165, 'Tonk', 29, 0),
(166, 'Udaipur', 29, 0),
(167, 'Agra', 33, 13),
(168, 'Aligarh', 33, 0),
(169, 'Allahabad', 33, 0),
(170, 'Ambedkar Nagar', 33, 0),
(171, 'Auraiya', 33, 0),
(172, 'Azamgarh', 33, 0),
(173, 'Bagpat', 33, 0),
(174, 'Bahraich', 33, 0),
(175, 'Ballia', 33, 0),
(176, 'Balrampur', 33, 0),
(177, 'Banda', 33, 0),
(178, 'Barabanki', 33, 0),
(179, 'Bareilly', 33, 0),
(180, 'Basti', 33, 0),
(181, 'Bijnor', 33, 0),
(182, 'Budaun', 33, 0),
(183, 'Bulandshahr', 33, 0),
(184, 'Chandauli', 33, 0),
(185, 'Chitrakoot', 33, 0),
(186, 'Deoria', 33, 0),
(187, 'Etah', 33, 0),
(188, 'Etawah', 33, 0),
(189, 'Faizabad', 33, 0),
(190, 'Farrukhabad', 33, 0),
(191, 'Fatehpur', 33, 0),
(192, 'Firozabad', 33, 0),
(193, 'Gautam Buddha Nagar', 33, 0),
(194, 'Ghaziabad', 33, 0),
(195, 'Ghazipur', 33, 0),
(196, 'Gonda', 33, 0),
(197, 'Gorakhpur', 33, 0),
(198, 'Hamirpur', 33, 0),
(199, 'Hardoi', 33, 0),
(200, 'Hathras', 33, 0),
(201, 'Jalaun', 33, 0),
(202, 'Jaunpur', 33, 0),
(203, 'Jhansi', 33, 0),
(204, 'Jyotiba Phule Nagar', 33, 0),
(205, 'Kannauj', 33, 0),
(206, 'Kanpur Dehat', 33, 0),
(207, 'Kanpur Nagar', 33, 0),
(208, 'Kanshiram Nagar', 33, 0),
(209, 'Kaushambi', 33, 0),
(210, 'Kheri', 33, 0),
(211, 'Kushinagar', 33, 0),
(212, 'Lalitpur', 33, 0),
(213, 'Lucknow', 33, 0),
(214, 'Maharajganj', 33, 0),
(215, 'Mahoba', 33, 0),
(216, 'Mainpuri', 33, 0),
(217, 'Mathura', 33, 0),
(218, 'Mau', 33, 0),
(219, 'Meerut', 33, 0),
(220, 'Mirzapur', 33, 0),
(221, 'Moradabad', 33, 0),
(222, 'Muzaffarnagar', 33, 0),
(223, 'Pilibhit', 33, 0),
(224, 'Pratapgarh', 33, 0),
(225, 'Rae Bareli', 33, 0),
(226, 'Rampur', 33, 0),
(227, 'Saharanpur', 33, 0),
(228, 'Sant Kabir Nagar', 33, 0),
(229, 'Sant Ravidas Nagar (Bhadohi)', 33, 0),
(230, 'Shahjahanpur', 33, 0),
(231, 'Shrawasti', 33, 0),
(232, 'Siddharthnagar', 33, 0),
(233, 'Sitapur', 33, 0),
(234, 'Sonbhadra', 33, 0),
(235, 'Sultanpur', 33, 0),
(236, 'Unnao', 33, 0),
(237, 'Varanasi', 33, 0),
(238, 'Araria', 5, 0),
(239, 'Arwal', 5, 0),
(240, 'Aurangabad (Bihar)', 5, 0),
(241, 'Banka', 5, 0),
(242, 'Begusarai', 5, 0),
(243, 'Bhagalpur', 5, 0),
(244, 'Bhojpur', 5, 0),
(245, 'Buxar', 5, 0),
(246, 'Darbhanga', 5, 0),
(247, 'East Champaran', 5, 0),
(248, 'Gaya', 5, 0),
(249, 'Gopalganj', 5, 0),
(250, 'Jamui', 5, 0),
(251, 'Jehanabad', 5, 0),
(252, 'Kaimur (Bhabua)', 5, 0),
(253, 'Katihar', 5, 0),
(254, 'Khagaria', 5, 0),
(255, 'Kishanganj', 5, 0),
(256, 'Lakhisarai', 5, 0),
(257, 'Madhepura', 5, 0),
(258, 'Madhubani', 5, 0),
(259, 'Munger', 5, 0),
(260, 'Muzaffarpur', 5, 0),
(261, 'Nalanda', 5, 0),
(262, 'Nawada', 5, 0),
(263, 'Patna', 5, 0),
(264, 'Purnia', 5, 0),
(265, 'Rohtas', 5, 0),
(266, 'Saharsa', 5, 0),
(267, 'Samastipur', 5, 0),
(268, 'Saran', 5, 0),
(269, 'Sheikhpura', 5, 0),
(270, 'Sheohar', 5, 0),
(271, 'Sitamarhi', 5, 0),
(272, 'Siwan', 5, 0),
(273, 'Supaul', 5, 0),
(274, 'Vaishali', 5, 0),
(275, 'West Champaran', 5, 0),
(276, 'East Sikkim', 30, 0),
(277, 'North Sikkim', 30, 0),
(278, 'South Sikkim', 30, 0),
(279, 'West Sikkim', 30, 0),
(280, 'Anjaw', 3, 0),
(281, 'Changlang', 3, 0),
(282, 'Dibang Valley', 3, 0),
(283, 'East Kameng', 3, 0),
(284, 'East Siang', 3, 0),
(285, 'Kurung Kumey', 3, 0),
(286, 'Lohit', 3, 0),
(287, 'Lower Dibang Valley', 3, 0),
(288, 'Lower Subansiri', 3, 0),
(289, 'Papum Pare', 3, 0),
(290, 'Tawang', 3, 0),
(291, 'Tirap', 3, 0),
(292, 'Upper Siang', 3, 0),
(293, 'Upper Subansiri', 3, 0),
(294, 'West Kameng', 3, 0),
(295, 'West Siang', 3, 0),
(296, 'Dimapur', 25, 0),
(297, 'Kiphire', 25, 0),
(298, 'Kohima', 25, 0),
(299, 'Longleng', 25, 0),
(300, 'Mokokchung', 25, 0),
(301, 'Mon', 25, 0),
(302, 'Peren', 25, 0),
(303, 'Phek', 25, 0),
(304, 'Tuensang', 25, 0),
(305, 'Wokha', 25, 0),
(306, 'Zunheboto', 25, 0),
(307, 'Bishnupur', 22, 0),
(308, 'Chandel', 22, 0),
(309, 'Churachandpur', 22, 0),
(310, 'Imphal East', 22, 0),
(311, 'Imphal West', 22, 0),
(312, 'Senapati', 22, 0),
(313, 'Tamenglong', 22, 0),
(314, 'Thoubal', 22, 0),
(315, 'Ukhrul', 22, 0),
(316, 'Aizawl', 24, 0),
(317, 'Champhai', 24, 0),
(318, 'Kolasib', 24, 0),
(319, 'Lawngtlai', 24, 0),
(320, 'Lunglei', 24, 0),
(321, 'Mamit', 24, 0),
(322, 'Saiha', 24, 0),
(323, 'Serchhip', 24, 0),
(324, 'Dhalai', 32, 0),
(325, 'North Tripura', 32, 0),
(326, 'South Tripura', 32, 0),
(327, 'West Tripura', 32, 0),
(328, 'East Garo Hills', 23, 0),
(329, 'East Khasi Hills', 23, 0),
(330, 'Jaintia Hills', 23, 0),
(331, 'Ri Bhoi', 23, 0),
(332, 'South Garo Hills', 23, 0),
(333, 'West Garo Hills', 23, 0),
(334, 'West Khasi Hills', 23, 0),
(335, 'Baksa', 4, 0),
(336, 'Barpeta', 4, 0),
(337, 'Bongaigaon', 4, 0),
(338, 'Cachar', 4, 0),
(339, 'Chirang', 4, 0),
(340, 'Darrang', 4, 0),
(341, 'Dhemaji', 4, 0),
(342, 'Dhubri', 4, 0),
(343, 'Dibrugarh', 4, 0),
(344, 'Dima Hasao (North Cachar Hills)', 4, 0),
(345, 'Goalpara', 4, 0),
(346, 'Golaghat', 4, 0),
(347, 'Hailakandi', 4, 0),
(348, 'Jorhat', 4, 0),
(349, 'Kamrup', 4, 0),
(350, 'Kamrup Metropolitan', 4, 0),
(351, 'Karbi Anglong', 4, 0),
(352, 'Karimganj', 4, 0),
(353, 'Kokrajhar', 4, 0),
(354, 'Lakhimpur', 4, 0),
(355, 'Morigaon', 4, 0),
(356, 'Nagaon', 4, 0),
(357, 'Nalbari', 4, 0),
(358, 'Sivasagar', 4, 0),
(359, 'Sonitpur', 4, 0),
(360, 'Tinsukia', 4, 0),
(361, 'Udalguri', 4, 0),
(362, 'Bankura', 35, 7),
(363, 'Bardhaman', 35, 9),
(364, 'Birbhum', 35, 9),
(365, 'Cooch Behar', 35, 10),
(366, 'Dakshin Dinajpur (South Dinajpur)', 35, 8),
(367, 'Darjeeling', 35, 10),
(368, 'Hooghly', 35, 9),
(369, 'Howrah', 35, 6),
(370, 'Jalpaiguri', 35, 10),
(371, 'Kolkata', 35, 6),
(372, 'Maldah', 35, 8),
(373, 'Murshidabad', 35, 8),
(374, 'Nadia', 35, 9),
(375, 'North 24 Parganas', 35, 6),
(376, 'Paschim Medinipur (West Midnapore)', 35, 7),
(377, 'Purba Medinipur (East Midnapore)', 35, 7),
(378, 'Puruliya', 35, 7),
(379, 'South 24 Parganas', 35, 6),
(380, 'Uttar Dinajpur (North Dinajpur)', 35, 8),
(381, 'Bokaro', 16, 0),
(382, 'Chatra', 16, 0),
(383, 'Deoghar', 16, 0),
(384, 'Dhanbad', 16, 0),
(385, 'Dumka', 16, 0),
(386, 'East Singhbhum', 16, 0),
(387, 'Garhwa', 16, 0),
(388, 'Giridih', 16, 0),
(389, 'Godda', 16, 0),
(390, 'Gumla', 16, 0),
(391, 'Hazaribagh', 16, 0),
(392, 'Jamtara', 16, 0),
(393, 'Khunti', 16, 0),
(394, 'Koderma', 16, 0),
(395, 'Latehar', 16, 0),
(396, 'Lohardaga', 16, 0),
(397, 'Pakur', 16, 0),
(398, 'Palamu', 16, 0),
(399, 'Ramgarh', 16, 0),
(400, 'Ranchi', 16, 0),
(401, 'Sahibganj', 16, 0),
(402, 'Seraikela-Kharsawan', 16, 0),
(403, 'Simdega', 16, 0),
(404, 'West Singhbhum', 16, 0),
(405, 'Angul', 26, 0),
(406, 'Balangir', 26, 0),
(407, 'Baleswar', 26, 0),
(408, 'Bargarh', 26, 0),
(409, 'Bhadrak', 26, 0),
(410, 'Boudh', 26, 0),
(411, 'Cuttack', 26, 0),
(412, 'Debagarh', 26, 0),
(413, 'Dhenkanal', 26, 0),
(414, 'Gajapati', 26, 0),
(415, 'Ganjam', 26, 0),
(416, 'Jagatsinghapur', 26, 0),
(417, 'Jajapur', 26, 0),
(418, 'Jharsuguda', 26, 0),
(419, 'Kalahandi', 26, 0),
(420, 'Kandhamal', 26, 0),
(421, 'Kendrapara', 26, 0),
(422, 'Kendujhar', 26, 0),
(423, 'Khordha', 26, 0),
(424, 'Koraput', 26, 0),
(425, 'Malkangiri', 26, 0),
(426, 'Mayurbhanj', 26, 0),
(427, 'Nabarangapur', 26, 0),
(428, 'Nayagarh', 26, 0),
(429, 'Nuapada', 26, 0),
(430, 'Puri', 26, 0),
(431, 'Rayagada', 26, 0),
(432, 'Sambalpur', 26, 0),
(433, 'Subarnapur (Sonapur)', 26, 0),
(434, 'Sundergarh', 26, 0),
(435, 'Bastar', 7, 0),
(436, 'Bijapur (Chhattisgarh)', 7, 0),
(437, 'Bilaspur (Chhattisgarh)', 7, 0),
(438, 'Dakshin Bastar Dantewada', 7, 0),
(439, 'Dhamtari', 7, 0),
(440, 'Durg', 7, 0),
(441, 'Janjgir-Champa', 7, 0),
(442, 'Jashpur', 7, 0),
(443, 'Kabirdham (Kawardha)', 7, 0),
(444, 'Korba', 7, 0),
(445, 'Koriya', 7, 0),
(446, 'Mahasamund', 7, 0),
(447, 'Narayanpur', 7, 0),
(448, 'Raigarh (Chhattisgarh)', 7, 0),
(449, 'Raipur', 7, 0),
(450, 'Rajnandgaon', 7, 0),
(451, 'Surguja', 7, 0),
(452, 'Uttar Bastar Kanker', 7, 0),
(453, 'Alirajpur', 20, 0),
(454, 'Anuppur', 20, 0),
(455, 'Ashok Nagar', 20, 0),
(456, 'Balaghat', 20, 0),
(457, 'Barwani', 20, 0),
(458, 'Betul', 20, 0),
(459, 'Bhind', 20, 0),
(460, 'Bhopal', 20, 0),
(461, 'Burhanpur', 20, 0),
(462, 'Chhatarpur', 20, 0),
(463, 'Chhindwara', 20, 0),
(464, 'Damoh', 20, 0),
(465, 'Datia', 20, 0),
(466, 'Dewas', 20, 0),
(467, 'Dhar', 20, 0),
(468, 'Dindori', 20, 0),
(469, 'Guna', 20, 0),
(470, 'Gwalior', 20, 0),
(471, 'Harda', 20, 0),
(472, 'Hoshangabad', 20, 0),
(473, 'Indore', 20, 0),
(474, 'Jabalpur', 20, 0),
(475, 'Jhabua', 20, 0),
(476, 'Katni', 20, 0),
(477, 'Khandwa (East Nimar)', 20, 0),
(478, 'Khargone (West Nimar)', 20, 0),
(479, 'Mandla', 20, 0),
(480, 'Mandsaur', 20, 0),
(481, 'Morena', 20, 0),
(482, 'Narsinghpur', 20, 0),
(483, 'Neemuch', 20, 0),
(484, 'Panna', 20, 0),
(485, 'Raisen', 20, 0),
(486, 'Rajgarh', 20, 0),
(487, 'Ratlam', 20, 0),
(488, 'Rewa', 20, 0),
(489, 'Sagar', 20, 0),
(490, 'Satna', 20, 0),
(491, 'Sehore', 20, 0),
(492, 'Seoni', 20, 0),
(493, 'Shahdol', 20, 0),
(494, 'Shajapur', 20, 0),
(495, 'Sheopur', 20, 0),
(496, 'Shivpuri', 20, 0),
(497, 'Sidhi', 20, 0),
(498, 'Singrauli', 20, 0),
(499, 'Tikamgarh', 20, 0),
(500, 'Ujjain', 20, 0),
(501, 'Umaria', 20, 0),
(502, 'Vidisha', 20, 0),
(503, 'Ahmedabad', 12, 13),
(504, 'Amreli', 12, 0),
(505, 'Anand', 12, 0),
(506, 'Banaskantha', 12, 0),
(507, 'Bharuch', 12, 0),
(508, 'Bhavnagar', 12, 0),
(509, 'Dahod', 12, 0),
(510, 'Gandhi Nagar', 12, 0),
(511, 'Jamnagar', 12, 0),
(512, 'Junagadh', 12, 0),
(513, 'Kachchh', 12, 0),
(514, 'Kheda', 12, 0),
(515, 'Mahesana', 12, 0),
(516, 'Narmada', 12, 0),
(517, 'Navsari', 12, 0),
(518, 'Panch Mahals', 12, 0),
(519, 'Patan', 12, 0),
(520, 'Porbandar', 12, 0),
(521, 'Rajkot', 12, 0),
(522, 'Sabarkantha', 12, 0),
(523, 'Surat', 12, 0),
(524, 'Surendra Nagar', 12, 0),
(525, 'Tapi', 12, 0),
(526, 'The Dangs', 12, 0),
(527, 'Vadodara', 12, 0),
(528, 'Valsad', 12, 0),
(529, 'Daman', 9, 0),
(530, 'Diu', 9, 0),
(531, 'Dadra & Nagar Haveli', 8, 0),
(532, 'Ahmed Nagar', 21, 13),
(533, 'Akola', 21, 0),
(534, 'Amravati', 21, 0),
(535, 'Aurangabad', 21, 0),
(536, 'Beed', 21, 0),
(537, 'Bhandara', 21, 0),
(538, 'Buldhana', 21, 0),
(539, 'Chandrapur', 21, 0),
(540, 'Dhule', 21, 0),
(541, 'Gadchiroli', 21, 0),
(542, 'Gondia', 21, 0),
(543, 'Hingoli', 21, 0),
(544, 'Jalgaon', 21, 0),
(545, 'Jalna', 21, 0),
(546, 'Kolhapur', 21, 0),
(547, 'Latur', 21, 0),
(548, 'Mumbai', 21, 0),
(549, 'Mumbai Suburban', 21, 0),
(550, 'Nagpur', 21, 0),
(551, 'Nanded', 21, 0),
(552, 'Nandurbar', 21, 0),
(553, 'Nashik', 21, 0),
(554, 'Osmanabad', 21, 0),
(555, 'Parbhani', 21, 0),
(556, 'Pune', 21, 0),
(557, 'Raigarh (Maharashtra)', 21, 0),
(558, 'Ratnagiri', 21, 0),
(559, 'Sangli', 21, 0),
(560, 'Satara', 21, 0),
(561, 'Sindhudurg', 21, 0),
(562, 'Solapur', 21, 0),
(563, 'Thane', 21, 0),
(564, 'Wardha', 21, 0),
(565, 'Washim', 21, 0),
(566, 'Yavatmal', 21, 0),
(567, 'Adilabad', 2, 13),
(568, 'Anantapur', 2, 0),
(569, 'Chittoor', 2, 0),
(570, 'East Godavari', 2, 0),
(571, 'Guntur', 2, 0),
(572, 'Hyderabad', 2, 0),
(573, 'Kadapa (Cuddapah)', 2, 0),
(574, 'Karim Nagar', 2, 0),
(575, 'Khammam', 2, 0),
(576, 'Krishna', 2, 0),
(577, 'Kurnool', 2, 0),
(578, 'Mahbubnagar', 2, 0),
(579, 'Medak', 2, 0),
(580, 'Nalgonda', 2, 0),
(581, 'Nellore', 2, 0),
(582, 'Nizamabad', 2, 0),
(583, 'Prakasam', 2, 0),
(584, 'Rangareddy', 2, 0),
(585, 'Srikakulam', 2, 0),
(586, 'Visakhapatnam', 2, 0),
(587, 'Vizianagaram', 2, 0),
(588, 'Warangal', 2, 0),
(589, 'West Godavari', 2, 0),
(590, 'Bagalkot', 17, 0),
(591, 'Bangalore', 17, 0),
(592, 'Bangalore Rural', 17, 0),
(593, 'Belgaum', 17, 0),
(594, 'Bellary', 17, 0),
(595, 'Bidar', 17, 0),
(596, 'Bijapur (Karnataka)', 17, 0),
(597, 'Chamrajnagar', 17, 0),
(598, 'Chickmagalur', 17, 0),
(599, 'Chikkaballapur', 17, 0),
(600, 'Chitradurga', 17, 0),
(601, 'Dakshina Kannada', 17, 0),
(602, 'Davanagere', 17, 0),
(603, 'Dharwad', 17, 0),
(604, 'Gadag', 17, 0),
(605, 'Gulbarga', 17, 0),
(606, 'Hassan', 17, 0),
(607, 'Haveri', 17, 0),
(608, 'Kodagu', 17, 0),
(609, 'Kolar', 17, 0),
(610, 'Koppal', 17, 0),
(611, 'Mandya', 17, 0),
(612, 'Mysore', 17, 0),
(613, 'Raichur', 17, 0),
(614, 'Ramanagara', 17, 0),
(615, 'Shimoga', 17, 0),
(616, 'Tumkur', 17, 0),
(617, 'Udupi', 17, 0),
(618, 'Uttara Kannada', 17, 0),
(619, 'Yadgir', 17, 0),
(620, 'North Goa', 11, 0),
(621, 'South Goa', 11, 0),
(622, 'Lakshadweep', 19, 0),
(623, 'Alappuzha', 18, 0),
(624, 'Ernakulam', 18, 0),
(625, 'Idukki', 18, 0),
(626, 'Kannur', 18, 0),
(627, 'Kasaragod', 18, 0),
(628, 'Kollam', 18, 0),
(629, 'Kottayam', 18, 0),
(630, 'Kozhikode', 18, 0),
(631, 'Malappuram', 18, 0),
(632, 'Palakkad', 18, 0),
(633, 'Pathanamthitta', 18, 0),
(634, 'Thiruvananthapuram', 18, 0),
(635, 'Thrissur', 18, 0),
(636, 'Wayanad', 18, 0),
(637, 'Ariyalur', 31, 0),
(638, 'Chennai', 31, 0),
(639, 'Coimbatore', 31, 0),
(640, 'Cuddalore', 31, 0),
(641, 'Dharmapuri', 31, 0),
(642, 'Dindigul', 31, 0),
(643, 'Erode', 31, 0),
(644, 'Kanchipuram', 31, 0),
(645, 'Kanyakumari', 31, 0),
(646, 'Karur', 31, 0),
(647, 'Krishnagiri', 31, 0),
(648, 'Madurai', 31, 0),
(649, 'Nagapattinam', 31, 0),
(650, 'Namakkal', 31, 0),
(651, 'Nilgiris', 31, 0),
(652, 'Perambalur', 31, 0),
(653, 'Pudukkottai', 31, 0),
(654, 'Ramanathapuram', 31, 0),
(655, 'Salem', 31, 0),
(656, 'Sivaganga', 31, 0),
(657, 'Thanjavur', 31, 0),
(658, 'Theni', 31, 0),
(659, 'Thoothukudi (Tuticorin)', 31, 0),
(660, 'Tiruchirappalli', 31, 0),
(661, 'Tirunelveli', 31, 0),
(662, 'Tiruppur', 31, 0),
(663, 'Tiruvallur', 31, 0),
(664, 'Tiruvannamalai', 31, 0),
(665, 'Tiruvarur', 31, 0),
(666, 'Vellore', 31, 0),
(667, 'Viluppuram', 31, 0),
(668, 'Virudhunagar', 31, 0),
(669, 'Karaikal', 27, 0),
(670, 'Mahe', 27, 0),
(671, 'Puducherry (Pondicherry)', 27, 0),
(672, 'Yanam', 27, 0),
(673, 'Nicobar', 1, 0),
(674, 'North And Middle Andaman', 1, 0),
(675, 'South Andaman', 1, 0),
(6600, 'Kalimpong', 35, 10),
(6601, 'Alipurduar', 35, 10);

-- --------------------------------------------------------

--
-- Table structure for table `districtpartners`
--

CREATE TABLE `districtpartners` (
  `id` bigint(20) UNSIGNED NOT NULL,
  `zone_partner_id` int(11) NOT NULL,
  `district_id` int(11) NOT NULL,
  `name` varchar(100) COLLATE utf8mb4_unicode_ci NOT NULL,
  `email` varchar(100) COLLATE utf8mb4_unicode_ci NOT NULL,
  `phone` varchar(20) COLLATE utf8mb4_unicode_ci NOT NULL,
  `password` varchar(200) COLLATE utf8mb4_unicode_ci NOT NULL,
  `remember_token` varchar(100) COLLATE utf8mb4_unicode_ci DEFAULT NULL,
  `image` varchar(100) COLLATE utf8mb4_unicode_ci NOT NULL,
  `active_status` varchar(20) COLLATE utf8mb4_unicode_ci NOT NULL,
  `wallet_balance` float(10,2) NOT NULL,
  `created_at` timestamp NULL DEFAULT NULL,
  `updated_at` timestamp NULL DEFAULT NULL
) ENGINE=InnoDB DEFAULT CHARSET=utf8mb4 COLLATE=utf8mb4_unicode_ci;

--
-- Dumping data for table `districtpartners`
--

INSERT INTO `districtpartners` (`id`, `zone_partner_id`, `district_id`, `name`, `email`, `phone`, `password`, `remember_token`, `image`, `active_status`, `wallet_balance`, `created_at`, `updated_at`) VALUES
(2, 1, 368, 'District Partner', 'district@gmail.com', '7896541231', '$2y$10$60dg9UB/Sq9nWuTgCorWauVTw6ASlF7zt0aI2HpydQz.dG781yzTq', NULL, '20230308120619.jpg', 'YES', 0.00, '2023-05-07 21:52:01', '2023-05-07 21:52:01'),
(3, 1, 375, 'P BISWAS', 'pbiswas@gmail.com', '1234567890', '$2y$10$tkG7b8sFMEvwxYs6ipWWH.ZIPJuh/KDAaoUyetyul8EeT19sA5vqu', NULL, '20230314115301.jpg', 'YES', 0.00, NULL, NULL),
(6, 6, 376, 'Pabitra shit', 'prabitrashit1234@gmail.com', '8250873486', '$2y$10$U.9zFNI1ALxS0/NmrQoR.ui3QPjLV2N6iaV5bptASyGTUgydV75JG', NULL, '20230417031609.jpg', 'YES', 0.00, NULL, NULL),
(7, 9, 327, 'Chandan Majumder', 'Chandanmajumder1993@gmail.com', '9612422206', '$2y$10$PYmfyB5A3zgPwSJ3OkLbsugWwBXlKNU92zH/XMK3Q9kr9v4tqlGf6', NULL, '20230418024712.jpeg', 'YES', 0.00, NULL, NULL),
(8, 10, 366, 'Uday sankar Debgupta', 'udaysankardebgupta@gmail.com', '8250449110', '$2y$10$lAQNlTpj5tPAPy6Mh2URKun75fxU4G6JOTGV2n.oRpIzsgoYpEr6e', NULL, '20230418025726.jpeg', 'YES', 0.00, NULL, NULL),
(9, 10, 380, 'Amit roy', 'amitroy44421@gmail.com', '8967780691', '$2y$10$A.wF4JTDlywLA.s6uz7EZ.8xwd8nbBO6N60EQaLzb0Rt.uu/LdK8C', NULL, '20230418030152.jpeg', 'YES', 0.00, NULL, NULL),
(10, 9, 325, 'JIT ENTERPRISE', 'birjitacharjee2110@gmail.com', '9862343151', '$2y$10$jKynTS2MqSM5pkntqgo5g.YjTb0TQ2snW6VaupmAAOfrMhHPHiq6a', NULL, '20230418030406.jpeg', 'YES', 0.00, NULL, NULL),
(11, 9, 326, 'Narayan Nath', 'nath8270@gmail.com', '9863011993', '$2y$10$VhM53h3/G9RsJOMIDm1de.iW16C6yZYSDw7BzjCHtI/NmMe5p0ZXi', NULL, '20230418031531.jpeg', 'YES', 0.00, NULL, NULL),
(13, 9, 327, 'Nandan Debnath (Sepahijala District)', 'nandandebnath1991@gmail.com', '7005513315', '$2y$10$M/Frhsy029SKYB06hl40hOpRdIFyRcJRkNXEwQk78OysNCt2SQFom', NULL, '20230418041618.jpeg', 'YES', 0.00, NULL, NULL),
(14, 9, 325, 'Dippriya Sarkar (Unakoti District)', 'dippriyasarkar9862@gmail.com', '9862379881', '$2y$10$yC1raG1uJ5EPuyqhEvNMEuWiTl8ahThl.SyVO6xjNaFC7eyA1MZ26', NULL, '20230419110554.jpeg', 'YES', 0.00, NULL, NULL),
(15, 9, 327, 'Juntu Debnath (Khowai District)', 'jantu.debnath89@gmail.com', '9863571505', '$2y$10$Fv7haKJjmgL63cl5EgDYjuqI//LhrYIXQjciCgxY2GnCSVvsbNyb6', NULL, '20230419011007.jpeg', 'YES', 0.00, NULL, NULL),
(16, 5, 365, 'Joy Bhattacharjee', 'roydibakar302@gmail.com', '8389024641', '$2y$10$CFvfA/4scwTxDN27zt1UROSM.eTGPZtf8bOl7BY5NQ0DevPoTZeJa', NULL, '20230419020301.jpg', 'YES', 0.00, NULL, NULL),
(17, 5, 370, 'Shekhar Barman', 'sbarma774@gmail.com', '8350083447', '$2y$10$2R35PYC85WEOm7i.a95I1eGxIWiIScSfdLL.Ph2qap1HqvL3ZTo6.', NULL, '20230419041959.jpg', 'YES', 0.00, NULL, NULL),
(18, 9, 324, 'Sujan Sarkar', 'sujansarkar.ptl@gmail.com', '8837396843', '$2y$10$0AnktWN/8SZNaw7rKRxRwuzsqb9bgVyubpFfkaKCobAF8NuUeAxXK', NULL, '20230427123302.jpeg', 'YES', 0.00, NULL, NULL),
(19, 1, 375, 'Imran mondal', 'imondal632154789@gmail.com', '7003702917', '$2y$10$rVXp6HQS2MZDSlBYCNirVOCjvdI6d9jUkNQFVm.QOLzoHewTFOOFC', NULL, '20230429010055.jpeg', 'YES', 0.00, NULL, NULL),
(20, 5, 367, 'Subrata Roy', 'roysubrata462@gmail.com', '8101543178', '$2y$10$x.pP8tW1wzf4BCWE3BN8DenvbvTxxtQJtTlOY6NZ2XCbnjeip6Meq', NULL, '20230503092321.jpg', 'YES', 0.00, NULL, NULL);

-- --------------------------------------------------------

--
-- Table structure for table `ecommercebanners`
--

CREATE TABLE `ecommercebanners` (
  `id` bigint(20) UNSIGNED NOT NULL,
  `image` varchar(255) COLLATE utf8mb4_unicode_ci DEFAULT NULL,
  `title` varchar(255) COLLATE utf8mb4_unicode_ci DEFAULT NULL,
  `sub_title` varchar(255) COLLATE utf8mb4_unicode_ci DEFAULT NULL,
  `created_at` timestamp NULL DEFAULT NULL,
  `updated_at` timestamp NULL DEFAULT NULL
) ENGINE=InnoDB DEFAULT CHARSET=utf8mb4 COLLATE=utf8mb4_unicode_ci;

--
-- Dumping data for table `ecommercebanners`
--

INSERT INTO `ecommercebanners` (`id`, `image`, `title`, `sub_title`, `created_at`, `updated_at`) VALUES
(1, '20230322012932.jpg', 'Banner 1', 'banner 1', '2023-03-22 13:29:32', '2023-03-22 13:29:32'),
(2, '20230322013001.jpg', 'Banner 2', 'banner 2', '2023-03-22 13:30:01', '2023-03-22 13:30:01');

-- --------------------------------------------------------

--
-- Table structure for table `employees`
--

CREATE TABLE `employees` (
  `id` bigint(20) UNSIGNED NOT NULL,
  `zone_partner_id` int(11) NOT NULL,
  `district_partner_id` int(11) NOT NULL,
  `block_partner_id` int(11) NOT NULL,
  `name` varchar(100) COLLATE utf8mb4_unicode_ci NOT NULL,
  `email` varchar(100) COLLATE utf8mb4_unicode_ci NOT NULL,
  `phone` varchar(20) COLLATE utf8mb4_unicode_ci NOT NULL,
  `password` varchar(200) COLLATE utf8mb4_unicode_ci NOT NULL,
  `remember_token` varchar(100) COLLATE utf8mb4_unicode_ci DEFAULT NULL,
  `image` varchar(100) COLLATE utf8mb4_unicode_ci NOT NULL,
  `active_status` varchar(20) COLLATE utf8mb4_unicode_ci NOT NULL,
  `wallet_balance` float(10,2) NOT NULL,
  `created_at` timestamp NULL DEFAULT NULL,
  `updated_at` timestamp NULL DEFAULT NULL
) ENGINE=InnoDB DEFAULT CHARSET=utf8mb4 COLLATE=utf8mb4_unicode_ci;

--
-- Dumping data for table `employees`
--

INSERT INTO `employees` (`id`, `zone_partner_id`, `district_partner_id`, `block_partner_id`, `name`, `email`, `phone`, `password`, `remember_token`, `image`, `active_status`, `wallet_balance`, `created_at`, `updated_at`) VALUES
(2, 1, 2, 2, 'Rahul Roy', 'employee@gmail.com', '7896541230', '$2y$10$lPnKDiEgNp.KZPLloDrfcOmMWDAMonao41YAF87wBr0mpPpnBOi4a', NULL, '20230306033834.jpg', 'YES', 0.00, NULL, '2023-05-06 18:26:31'),
(3, 1, 3, 3, 'Partha Biswas', 'partha@gmail.com', '9865321470', '$2y$10$4RXIk.fMUv4SyrUsllQAG.fKbKmPADr0VKqZmYDaEli1kLiELetGS', NULL, '20230329010810.jpg', 'YES', 0.00, NULL, NULL),
(4, 10, 8, 7, 'Surajit ghosh', 'surajitg932@gamil.com', '6295683080', '$2y$10$FgTq5oY/Zuh7ayDsOeiuBeLjeejoYAaSGAlUB9jmjNOziU5oLVRc.', NULL, '20230418083935.jpg', 'YES', 0.00, NULL, NULL),
(5, 9, 10, 6, 'Rahul Nath', 'nathrahul4529@gmail.com', '8119945419', '$2y$10$2RpTVCP1Tm.a8BXRpM4fi.Gs0QtQ6JXN2WLHj1xHJyCNaAl0KvBXO', NULL, '20230419080050.jpg', 'YES', 0.00, NULL, NULL),
(6, 5, 16, 12, 'Namita Roy', 'namitaroy206@gmail.com', '7908057947', '$2y$10$52Jsfb5nul0hAenesLAPU.oxpWjVGnX3C/QGGGdU7H/GcBYHVm1xm', NULL, '20230419024922.jpg', 'YES', 0.00, NULL, NULL),
(7, 5, 16, 12, 'Sachiddananda roy', 'nandaroy774@gmail.com', '9635650953', '$2y$10$8i2t0EPmLNSrF.8nr07UneXYoFuyh47Oerda5ZypEJpnJ7cNc6FZS', NULL, '20230419060332.jpg', 'YES', 0.00, NULL, NULL),
(8, 5, 17, 14, 'Narayan Roy', 'roynarayan1998roy@gmail.com', '7384913253', '$2y$10$NJb8BxLdjHxzO1aQt1u9OugSm7uUC5dsC2vm52uVkldrTM8GtQmjG', NULL, '20230419063805.jpg', 'YES', 0.00, NULL, NULL),
(9, 9, 10, 6, 'Puja malakar', 'pujamalakar65@gmail.com', '8131058703', '$2y$10$5aCznW7QLSEF0qJt5IlEcuFI55s/YHOIvs1JlXlbvtmxq8noU.xEu', NULL, '20230419104522.jpg', 'YES', 0.00, NULL, NULL),
(10, 9, 7, 15, 'BISWAJIT DEBNATH', 'debnathbiswajit932@gmail.com', '7628915004', '$2y$10$LGcx.l7g2oqQ/IlhjVydF.KgSJx90WlOO7BuawbSCeNxHNnM8QA7a', NULL, '20230420023315.jpg', 'YES', 0.00, NULL, NULL),
(12, 6, 6, 4, 'Madhusudan Bera', 'www.madhubera@gmail.com', '9002325121', '$2y$10$HqBbJSc2JrP6VkJBqwjLIu.nHyTCYIuR8WtxO0NruUGUJ9MIi9bfu', NULL, '20230420052020.jpg', 'YES', 0.00, NULL, NULL),
(13, 6, 6, 4, 'Subir Mahapatra', 'subirmahapatra89@gmail.com', '8967831065', '$2y$10$QFbcACPk5P5pTYsYTBwb..jyye4fUbtYqmq34bUjx2JD8fd36wAhW', NULL, '20230420052537.jpg', 'YES', 0.00, NULL, NULL),
(14, 6, 6, 4, 'Suman Bera', 'berasuman527@gmail.com', '8016008530', '$2y$10$CbhDdDkCvf6jC82swtQ0R./LGhovPtThip5LFXLWm2CDp0GWd6L2q', NULL, '20230420052847.jpg', 'YES', 0.00, NULL, NULL),
(15, 9, 7, 15, 'SUBIR DEBBARMA', 'subirdebbarma849@gmail.com', '6909097287', '$2y$10$I8Dj29Ujhc9hJe.6HYD31eZzmPVhsEkzz9DOLRwlu3tk0bh8.Z.Qm', NULL, '20230427074435.jpg', 'YES', 0.00, NULL, NULL),
(16, 9, 7, 8, 'Deep Ghosh', 'deepghosh5184@gmail.com', '9863659189', '$2y$10$x7m1rMcVWQfG0kzIq6lTcutFN32HzyaqHfqHj1jWxWOwncEB4L6Pe', NULL, '20230428095135.jpg', 'YES', 0.00, NULL, NULL),
(17, 9, 7, 8, 'Swarup Das', 'swarupdas.666@gmail.com', '7005639362', '$2y$10$0zZmQlbFcyiX3od0DgC9FO6X1ouvLSO11XxPbtuIEWBUdHHKWLrre', NULL, '20230428100314.jpg', 'YES', 0.00, NULL, NULL),
(18, 9, 14, 17, 'Parimal malakar', 'pintumalakar231@gmail.com', '9366639027', '$2y$10$DBNl7akfe9aC80HkbcYCruzDVmrnggYL562Vl/VA/YX/oEngMAUeW', NULL, '20230428123024.jpg', 'YES', 0.00, NULL, NULL),
(19, 9, 14, 17, 'Rajat Kumar roy', 'ajassociates.agt@gmail.com', '9678018546', '$2y$10$v/OFRiLcdJn4535SaA.bzeJbGQgw3NK2U/ZvCo5Ezw6jDRQe59.22', NULL, '20230428123847.jpg', 'YES', 0.00, NULL, NULL),
(20, 9, 14, 17, 'Abhijit Malakar', 'abhijitmalakar8974@gmail.com', '8415075007', '$2y$10$V1.dzRqlB5rdBvEJmkHlY.D1D0z/aKOokb0zDVvn0wAwjsBYqXfmu', NULL, '20230428125451.jpg', 'YES', 0.00, NULL, NULL),
(21, 9, 14, 17, 'Sankar Dey', 'sankardey363@gmail.com', '7005881658', '$2y$10$N7cpDMxcNvPUEIWlIM/WLe1FIlUs2hNw4fX.XaKacTOpj.T7ToHXq', NULL, '20230428011729.jpg', 'YES', 0.00, NULL, NULL),
(22, 9, 7, 15, 'TAMAL MALAKAR', 'tamalmalakar693@gmail.com', '9612526720', '$2y$10$NhCYpFIo2NFYJo19zWaztemeCpdE9FKCj3Hff34Y1sTppXnXYjjtq', NULL, '20230428084620.jpg', 'YES', 0.00, NULL, NULL),
(23, 5, 17, 13, 'Sukumar Roy', 'sukumarroy792@gmail.com', '9064560693', '$2y$10$HmAJX509xZVFdS25FIQs0.k4IAlBI0/DPgberMveEQaHoWbwZnWde', NULL, '20230501124214.jpg', 'YES', 0.00, NULL, NULL);

-- --------------------------------------------------------

--
-- Table structure for table `frequent_questions`
--

CREATE TABLE `frequent_questions` (
  `id` bigint(20) UNSIGNED NOT NULL,
  `question` text COLLATE utf8mb4_unicode_ci DEFAULT NULL,
  `answer` text COLLATE utf8mb4_unicode_ci DEFAULT NULL,
  `created_at` timestamp NULL DEFAULT NULL,
  `updated_at` timestamp NULL DEFAULT NULL
) ENGINE=InnoDB DEFAULT CHARSET=utf8mb4 COLLATE=utf8mb4_unicode_ci;

--
-- Dumping data for table `frequent_questions`
--

INSERT INTO `frequent_questions` (`id`, `question`, `answer`, `created_at`, `updated_at`) VALUES
(1, 'Every easy merchant', 'Every merchant have a web link and e-shop in hindkart platform', '2023-04-08 11:10:02', '2023-04-08 11:19:01'),
(2, 'Delivery service', 'Send or booking Product or package to your customer or relatives within the city in 60 mins with prepaid or COD.', '2023-04-08 11:10:26', '2023-04-08 11:10:26'),
(3, 'TRANSPORTATION', 'Book a Bike, Toto, Auto, car instantly or hire any type of Commercial car to travel or urgent needs.You can register as a merchant also.', '2023-04-08 11:10:41', '2023-04-08 11:10:41'),
(4, 'Cash on delivery', 'COD and Easy return Policy, Online and offline Support by our team.', '2023-04-08 11:10:51', '2023-04-08 11:10:51'),
(5, 'Do I need to register on your site to book tickets?', 'No. You can use our service fully without the need to register. You just need to provide your details at the time of booking.', '2023-04-08 11:11:02', '2023-04-08 11:11:02'),
(6, 'What if the car doesn\'t show up?', 'In case the vehicle you booked doesn\'t show up, we will offer you a full refund immediately.', '2023-04-08 11:11:12', '2023-04-08 11:11:12'),
(7, 'What if the car shows up late?', 'We try our best to ensure our partners reach our customers on time. But in case of delays, do call us and we will help you out by either providing an alternate vehicle or giving you a full refund.', '2023-04-08 11:11:26', '2023-04-08 11:11:26');

-- --------------------------------------------------------

--
-- Table structure for table `megacategories`
--

CREATE TABLE `megacategories` (
  `id` bigint(20) UNSIGNED NOT NULL,
  `cat_id` int(11) NOT NULL,
  `subcat_id` int(11) NOT NULL,
  `megacategory` varchar(255) COLLATE utf8mb4_unicode_ci NOT NULL,
  `image` varchar(255) COLLATE utf8mb4_unicode_ci NOT NULL,
  `created_at` timestamp NULL DEFAULT NULL,
  `updated_at` timestamp NULL DEFAULT NULL
) ENGINE=InnoDB DEFAULT CHARSET=utf8mb4 COLLATE=utf8mb4_unicode_ci;

--
-- Dumping data for table `megacategories`
--

INSERT INTO `megacategories` (`id`, `cat_id`, `subcat_id`, `megacategory`, `image`, `created_at`, `updated_at`) VALUES
(2, 2, 2, 'T-shirt', '20230310031645.jpg', '2023-03-10 15:16:45', '2023-03-14 17:39:09'),
(3, 2, 2, 'Trouser', '20230314053937.jpg', '2023-03-14 17:39:37', '2023-03-14 17:39:37'),
(4, 1, 1, 'Deradoon Rice', '20230314054110.jpg', '2023-03-14 17:41:10', '2023-03-14 17:41:10'),
(5, 2, 2, 'Mens Footwear', '20230426030400.jpg', '2023-04-26 15:04:00', '2023-04-26 15:04:00'),
(6, 2, 3, 'Kurti', '20230428115604.jpg', '2023-04-28 11:56:04', '2023-04-28 11:56:04'),
(7, 2, 3, 'Sharees', '20230428115721.jpg', '2023-04-28 11:57:21', '2023-04-28 11:57:21'),
(8, 2, 3, 'Westernwear', '20230428115842.jpg', '2023-04-28 11:58:42', '2023-04-28 11:58:42'),
(9, 2, 3, 'Jewellery', '20230428115956.jpeg', '2023-04-28 11:59:56', '2023-04-28 11:59:56'),
(10, 2, 2, 'Lehengas and Blouses', '20230428120720.webp', '2023-04-28 12:07:20', '2023-04-28 12:07:20'),
(11, 2, 3, 'Dupatta & Suits', '20230428120923.webp', '2023-04-28 12:09:23', '2023-04-28 12:09:23'),
(12, 2, 3, 'Others EthnicWear', '20230428121104.webp', '2023-04-28 12:11:04', '2023-04-28 12:11:04'),
(13, 2, 3, 'Innerwear', '20230428121253.jpeg', '2023-04-28 12:12:53', '2023-04-28 12:12:53'),
(14, 2, 3, 'Topwear', '20230428121411.webp', '2023-04-28 12:14:11', '2023-04-28 12:14:11'),
(15, 2, 3, 'Bottomwear', '20230428121517.webp', '2023-04-28 12:15:17', '2023-04-28 12:15:17'),
(16, 2, 3, 'Sleepwear', '20230428121616.jpg', '2023-04-28 12:16:16', '2023-04-28 12:16:16'),
(17, 2, 3, 'Sportwear', '20230428121745.webp', '2023-04-28 12:17:45', '2023-04-28 12:17:45'),
(18, 2, 3, 'Accesories', '20230428121858.jpg', '2023-04-28 12:18:58', '2023-04-28 12:18:58'),
(19, 2, 2, 'Shirt', '20230428122227.webp', '2023-04-28 12:22:27', '2023-04-28 12:22:27'),
(20, 2, 2, 'Sweater & Sweatshirts', '20230428122433.webp', '2023-04-28 12:24:33', '2023-04-28 12:24:33'),
(21, 2, 2, 'Jackets', '20230428122548.webp', '2023-04-28 12:25:48', '2023-04-28 12:25:48'),
(22, 2, 2, 'Shorts', '20230428122709.webp', '2023-04-28 12:27:09', '2023-04-28 12:27:09'),
(23, 2, 2, 'Trousers', '20230428122816.webp', '2023-04-28 12:28:16', '2023-04-28 12:28:16'),
(24, 2, 2, 'Jeanse', '20230428122915.webp', '2023-04-28 12:29:15', '2023-04-28 12:29:15'),
(25, 2, 2, 'Sportwear', '20230428123105.jpeg', '2023-04-28 12:31:05', '2023-04-28 12:31:05'),
(26, 2, 2, 'Accessories', '20230428123301.jpg', '2023-04-28 12:33:01', '2023-04-28 12:33:01'),
(27, 2, 2, 'Innerwear & Sleepwear', '20230428123502.jpeg', '2023-04-28 12:35:02', '2023-04-28 12:35:02'),
(28, 2, 2, 'Kurtas Set', '20230428123625.jpg', '2023-04-28 12:36:25', '2023-04-28 12:36:25'),
(29, 2, 2, 'Other Ethnic Wear', '20230428123936.jpg', '2023-04-28 12:39:36', '2023-04-28 12:39:36'),
(30, 2, 24, 'Boys Sets', '20230428124303.webp', '2023-04-28 12:43:03', '2023-04-28 12:43:03'),
(31, 2, 24, 'Girl Sets', '20230428124356.jpg', '2023-04-28 12:43:56', '2023-04-28 12:43:56'),
(32, 2, 24, 'Topwear', '20230428124528.jpeg', '2023-04-28 12:45:28', '2023-04-28 12:45:28'),
(33, 2, 24, 'Bottomwear', '20230428124615.webp', '2023-04-28 12:46:15', '2023-04-28 12:46:15'),
(34, 2, 24, 'Winterwear', '20230428124717.jpg', '2023-04-28 12:47:17', '2023-04-28 12:47:17'),
(35, 2, 24, 'Sleepwear', '20230428124832.jpeg', '2023-04-28 12:48:32', '2023-04-28 12:48:32'),
(36, 2, 4, 'Men Footwear', '20230428125116.jpeg', '2023-04-28 12:51:16', '2023-04-28 12:51:16'),
(37, 2, 4, 'Girl Footwear', '20230428125314.jpg', '2023-04-28 12:53:14', '2023-04-28 12:53:14'),
(38, 2, 4, 'Men Casual', '20230428125446.webp', '2023-04-28 12:54:46', '2023-04-28 12:54:46'),
(39, 2, 4, 'Men Sports', '20230428125632.jpeg', '2023-04-28 12:56:32', '2023-04-28 12:56:32'),
(40, 2, 4, 'Men Formal', '20230428125745.webp', '2023-04-28 12:57:45', '2023-04-28 12:57:45'),
(41, 2, 4, 'Loafers', '20230428010037.webp', '2023-04-28 13:00:37', '2023-04-28 13:00:37'),
(42, 2, 3, 'Party Wear', '20230428010245.webp', '2023-04-28 13:02:45', '2023-04-28 13:02:45'),
(43, 2, 24, 'Toy & Accessories', '20230428010444.jpg', '2023-04-28 13:04:44', '2023-04-28 13:04:44'),
(44, 2, 4, 'Kids Footwear', '20230428010554.jpg', '2023-04-28 13:05:54', '2023-04-28 13:05:54'),
(45, 2, 2, 'Lungis & Dhotis', '20230428010819.jpg', '2023-04-28 13:08:19', '2023-04-28 13:08:19'),
(46, 1, 1, 'Basmati Rice', '20230429010605.jpg', '2023-04-29 13:06:05', '2023-04-29 13:06:05'),
(47, 1, 1, 'Atta', '20230429010827.jpg', '2023-04-29 13:07:05', '2023-04-29 13:08:27'),
(48, 1, 1, 'Besan, Maida & Other Flour', '20230429011016.jpg', '2023-04-29 13:10:16', '2023-04-29 13:10:16'),
(49, 1, 1, 'Toor, Urad & Other Daals', '20230429011135.jpg', '2023-04-29 13:11:35', '2023-04-29 13:11:35'),
(50, 1, 1, 'Masoor, Rajma & Others', '20230429011242.jpg', '2023-04-29 13:12:42', '2023-04-29 13:12:42'),
(51, 1, 1, 'Poha & Puffed Rice', '20230429011404.webp', '2023-04-29 13:14:04', '2023-04-29 13:14:04'),
(52, 1, 1, 'Soya Chunks & Others', '20230429011515.jpeg', '2023-04-29 13:15:15', '2023-04-29 13:15:15'),
(53, 1, 25, 'Powdered Spices', '20230429011656.webp', '2023-04-29 13:16:56', '2023-04-29 13:16:56'),
(54, 1, 25, 'Whole Spices', '20230429011753.jpeg', '2023-04-29 13:17:53', '2023-04-29 13:17:53'),
(55, 1, 25, 'Ready Masalas', '20230429011904.jpg', '2023-04-29 13:19:04', '2023-04-29 13:19:04'),
(56, 1, 25, 'Sugar & Sugar Free', '20230429012043.jpeg', '2023-04-29 13:20:43', '2023-04-29 13:20:43'),
(57, 1, 25, 'Salt', '20230429012153.webp', '2023-04-29 13:21:53', '2023-04-29 13:21:53'),
(58, 1, 25, 'Others', '20230429012319.jpeg', '2023-04-29 13:23:19', '2023-04-29 13:23:19'),
(59, 1, 26, 'Ghee', '20230429012418.webp', '2023-04-29 13:24:18', '2023-04-29 13:24:18'),
(60, 1, 26, 'Sunflower Oil', '20230429012512.webp', '2023-04-29 13:25:12', '2023-04-29 13:25:12'),
(61, 1, 26, 'Rice Bran Oil', '20230429012636.jpeg', '2023-04-29 13:26:36', '2023-04-29 13:26:36'),
(62, 1, 26, 'Mustard Oil', '20230429012812.jpg', '2023-04-29 13:28:12', '2023-04-29 13:28:12'),
(63, 1, 26, 'Olive Oil', '20230429012906.jpeg', '2023-04-29 13:29:06', '2023-04-29 13:29:06'),
(64, 1, 26, 'Other Oils', '20230429013007.webp', '2023-04-29 13:30:07', '2023-04-29 13:30:07'),
(65, 1, 27, 'Almonds', '20230429013120.jpg', '2023-04-29 13:31:20', '2023-04-29 13:31:20'),
(66, 1, 27, 'Cashews', '20230429013225.jpg', '2023-04-29 13:32:25', '2023-04-29 13:32:25'),
(67, 1, 27, 'Dates & Raisins', '20230429013404.jpg', '2023-04-29 13:34:04', '2023-04-29 13:34:04'),
(68, 1, 27, 'Pistachios & Walnuts', '20230429013535.jpeg', '2023-04-29 13:35:35', '2023-04-29 13:35:35'),
(69, 1, 27, 'Figs & Apricots', '20230429013647.jpg', '2023-04-29 13:36:47', '2023-04-29 13:36:47'),
(70, 1, 27, 'Makhana & Edible Seeds', '20230429013844.webp', '2023-04-29 13:38:44', '2023-04-29 13:38:44'),
(71, 1, 27, 'Dry Fruit Mixes & Combos', '20230429014024.webp', '2023-04-29 13:40:24', '2023-04-29 13:40:24'),
(72, 1, 29, 'Noodles', '20230429014239.jpeg', '2023-04-29 13:42:39', '2023-04-29 13:42:39'),
(73, 1, 29, 'Pasta', '20230429014341.webp', '2023-04-29 13:43:41', '2023-04-29 13:43:41'),
(74, 1, 29, 'Vermicelli', '20230429014440.jpeg', '2023-04-29 13:44:40', '2023-04-29 13:44:40'),
(75, 1, 29, 'Others', '20230429014616.webp', '2023-04-29 13:46:16', '2023-04-29 13:46:16'),
(76, 1, 28, 'Biscuits & Cookies', '20230429014737.png', '2023-04-29 13:47:37', '2023-04-29 13:47:37'),
(77, 1, 28, 'Chocolates', '20230429014838.jpeg', '2023-04-29 13:48:38', '2023-04-29 13:48:38'),
(78, 1, 28, 'Chips & Namkieen', '20230429015046.jpg', '2023-04-29 13:50:46', '2023-04-29 13:50:46'),
(79, 1, 28, 'Jam & Honey', '20230429015139.webp', '2023-04-29 13:51:39', '2023-04-29 13:51:39'),
(80, 1, 27, 'Sweets', '20230429015250.jpg', '2023-04-29 13:52:50', '2023-04-29 13:52:50'),
(81, 1, 28, 'Pickle, Sauces, Viniger & Others', '20230429015523.webp', '2023-04-29 13:55:23', '2023-04-29 13:55:23'),
(82, 1, 30, 'Soft Drinks', '20230429015757.jpg', '2023-04-29 13:57:57', '2023-04-29 13:57:57'),
(83, 1, 30, 'Coffee', '20230429020006.jpeg', '2023-04-29 14:00:06', '2023-04-29 14:00:06'),
(84, 1, 30, 'Tea', '20230429020314.jpeg', '2023-04-29 14:03:14', '2023-04-29 14:03:14'),
(85, 1, 30, 'Juce & Fruit Drinks', '20230429020506.webp', '2023-04-29 14:05:06', '2023-04-29 14:05:06'),
(86, 1, 30, 'Energy & Health Drinks', '20230429020625.jpg', '2023-04-29 14:06:25', '2023-04-29 14:06:25'),
(87, 1, 30, 'Milk & Others', '20230429020858.webp', '2023-04-29 14:08:58', '2023-04-29 14:08:58'),
(88, 1, 31, 'Bucket Wash', '20230429021032.jpeg', '2023-04-29 14:10:32', '2023-04-29 14:10:32'),
(89, 1, 31, 'Machine Wash', '20230429021135.webp', '2023-04-29 14:11:35', '2023-04-29 14:11:35'),
(90, 1, 31, 'Fabric Care', '20230429021248.webp', '2023-04-29 14:12:48', '2023-04-29 14:12:48'),
(91, 1, 31, 'Washing Bars & Others', '20230429021407.webp', '2023-04-29 14:14:07', '2023-04-29 14:14:07'),
(92, 1, 32, 'Soap', '20230429021542.jpeg', '2023-04-29 14:15:42', '2023-04-29 14:15:42'),
(93, 1, 32, 'Face Wash', '20230429021654.jpg', '2023-04-29 14:16:54', '2023-04-29 14:16:54'),
(94, 1, 32, 'Body Wash', '20230429021740.jpg', '2023-04-29 14:17:40', '2023-04-29 14:17:40'),
(95, 1, 32, 'Face Pack & Scrabs', '20230429021853.jpeg', '2023-04-29 14:18:53', '2023-04-29 14:18:53'),
(96, 1, 32, 'Men\'s Deos', '20230429022012.jpg', '2023-04-29 14:20:12', '2023-04-29 14:20:12'),
(97, 1, 32, 'Women\'s Deos', '20230429022121.jpeg', '2023-04-29 14:21:21', '2023-04-29 14:21:21'),
(98, 1, 32, 'Talcs', '20230429022225.webp', '2023-04-29 14:22:25', '2023-04-29 14:22:25'),
(99, 1, 32, 'Sunscreens & Lotions', '20230429022416.jpeg', '2023-04-29 14:24:16', '2023-04-29 14:24:16'),
(100, 1, 32, 'Creams', '20230429022535.jpeg', '2023-04-29 14:25:35', '2023-04-29 14:25:35'),
(101, 1, 32, 'Make-up Kits', '20230429022741.jpeg', '2023-04-29 14:27:41', '2023-04-29 14:27:41'),
(102, 1, 32, 'Shaving Needs', '20230429022904.jpg', '2023-04-29 14:29:04', '2023-04-29 14:29:04');

-- --------------------------------------------------------

--
-- Table structure for table `merchants`
--

CREATE TABLE `merchants` (
  `id` bigint(20) UNSIGNED NOT NULL,
  `zone_partner_id` int(11) NOT NULL,
  `district_partner_id` int(11) NOT NULL,
  `block_partner_id` int(11) NOT NULL,
  `employer_id` int(11) NOT NULL,
  `merchant_type_id` int(11) NOT NULL,
  `name` varchar(100) COLLATE utf8mb4_unicode_ci NOT NULL,
  `email` varchar(100) COLLATE utf8mb4_unicode_ci NOT NULL,
  `phone` varchar(20) COLLATE utf8mb4_unicode_ci NOT NULL,
  `password` varchar(200) COLLATE utf8mb4_unicode_ci NOT NULL,
  `remember_token` varchar(100) COLLATE utf8mb4_unicode_ci DEFAULT NULL,
  `image` varchar(100) COLLATE utf8mb4_unicode_ci NOT NULL,
  `active_status` varchar(20) COLLATE utf8mb4_unicode_ci NOT NULL,
  `wallet_balance` double(10,2) NOT NULL,
  `created_at` timestamp NULL DEFAULT NULL,
  `updated_at` timestamp NULL DEFAULT NULL
) ENGINE=InnoDB DEFAULT CHARSET=utf8mb4 COLLATE=utf8mb4_unicode_ci;

--
-- Dumping data for table `merchants`
--

INSERT INTO `merchants` (`id`, `zone_partner_id`, `district_partner_id`, `block_partner_id`, `employer_id`, `merchant_type_id`, `name`, `email`, `phone`, `password`, `remember_token`, `image`, `active_status`, `wallet_balance`, `created_at`, `updated_at`) VALUES
(1, 1, 2, 2, 2, 1, 'Sanjay Sen', 'merchant@gmail.com', '7896547856', '$2y$10$IcW9sDn6F0JjpBNJKPZ0aOXJwyvabCaPwRbT/b78dSFZQSpVsDLNm', NULL, '20230308032942.jpg', 'YES', 0.00, '2023-03-31 06:04:04', '2023-05-06 18:28:13'),
(2, 1, 3, 3, 3, 1, 'ELAHI ENTERPRISE', 'elahi@gmail.com', '9647123580', '$2y$10$D.0zDciv5kf/VlWrbytLZutnbvUz1X0HTThwT.x8ehxiwm9/fnBDu', NULL, '20230329011004.jpg', 'YES', 0.00, '2023-03-31 06:04:04', '2023-03-31 06:04:04'),
(4, 10, 8, 7, 4, 5, 'MA MAMATA ONLINE MODI BHANDAR', 'surajitghoshsurajitghosh97@gmail.com', '7029166391', '$2y$10$3lF13Thk7MKhSP2B2gPztOCs3Jb5n3HEX65p4TzNYNh5elCD3LC4a', NULL, '20230419084728.jpg', 'YES', 0.00, '2023-04-19 13:31:11', '2023-04-19 13:31:11'),
(5, 5, 16, 12, 6, 5, 'Papun Roy', 'basumitaroy123@gmail.com', '9907391805', '$2y$10$ckSRTDeAw7pEllPhWSZa0Ok2nP8EntrtIwDWY6tN6WzYxJ13C3oly', NULL, '20230419032947.jpg', 'YES', 0.00, '2023-04-19 15:29:47', '2023-04-19 15:29:47'),
(6, 5, 17, 14, 8, 5, 'Maa Enterprise', 'diba.444@rediffmail.com', '9382911022', '$2y$10$0PAMjC/bv.5C37LVFSWTvee1bM2XIDeKDBfznDTDQkURSIgZAC1PG', NULL, '20230419102402.jpg', 'YES', 0.00, '2023-04-19 18:44:33', '2023-04-19 18:44:33'),
(7, 9, 10, 6, 5, 2, 'Sudip nath', 'bhowmikavijit065@gmail.Com', '7892242429', '$2y$10$zAJ3eQgQncJaEVdbETInrOqqZ.WI6COEiOlyeX1Q4T7UBmC2BIcH2', NULL, '20230420081755.jpg', 'YES', 0.00, '2023-04-20 08:17:55', '2023-04-20 08:17:55'),
(8, 5, 16, 12, 6, 5, 'Arghadip Roy', 'mkbalokjhari@gmail.com', '9475769126', '$2y$10$L1DRyzl8vjSNmT8joGIBAOrbq.KX7OkslZ0682Yk8vEFfj.DDPmPW', NULL, '20230420043402.jpg', 'YES', 0.00, '2023-04-20 16:34:02', '2023-04-20 16:34:02'),
(9, 9, 7, 15, 10, 5, 'ANIMA SHIL', 'sc.sil138@gmail.com', '9615618886', '$2y$10$S.M8MxR0FSB9HQYHQ/rgJ.FMnjanWqLcQ8OrRDRU2A0ON79cA4/8O', NULL, '20230426081109.jpg', 'YES', 0.00, '2023-04-26 20:11:09', '2023-04-26 20:11:09'),
(10, 9, 7, 15, 15, 3, 'Swapan Sil', 'swapananima138@gmail.com', '9089986403', '$2y$10$Hc8muKHbBhEDDYRVMfdhleryRkx/PT8Fp2gku39YKcy1vcMvBBREu', NULL, '20230427075411.jpg', 'YES', 0.00, '2023-04-27 07:54:11', '2023-04-27 07:54:11'),
(11, 9, 10, 6, 5, 5, 'UDAY SAHA', 'nathrahul4529@gmail.com', '7005837518', '$2y$10$bJLiHsmEm.tdQHWYaCQS6OtHVSvcOxWeoatrHjY.qKiQi5E1A.B5S', NULL, '20230428093949.jpg', 'YES', 0.00, '2023-04-28 09:39:49', '2023-04-28 09:39:49'),
(12, 9, 14, 17, 20, 2, 'Piltu Paul', 'piltupaul578@gmail.com', '8730033765', '$2y$10$pH3Qa4vS3vb4dQaCX.99K.Xc/ELRLMDNLOYQ1If7i75II5DnpIoCm', NULL, '20230429115156.jpg', 'YES', 0.00, '2023-04-29 11:51:57', '2023-04-29 11:51:57'),
(13, 9, 14, 17, 19, 2, 'Monjoy Roy', 'ajassociates.agt@gmail.com', '9101957739', '$2y$10$sejic5j1sXj.Pwk3PUnipu96qM0zFgedAOy3nFS4xLDfE.M47lPOG', NULL, '20230501015650.JPG', 'YES', 0.00, '2023-05-01 13:56:50', '2023-05-01 13:56:50'),
(14, 9, 7, 15, 10, 5, 'Rajib Debnath', 'myself.rajib14@gmail.com', '8731842788', '$2y$10$Ewi6SqqDoPd76yYSHhoamu2V2zdHUP1o2jVsTyEd8dt.JWzEakFZ2', NULL, '20230501021539.jpg', 'YES', 0.00, '2023-05-01 14:15:39', '2023-05-01 14:15:39'),
(15, 5, 17, 14, 8, 5, 'Maa Enterprise 2', 'dbkr.1995@gmail.com', '7356341805', '$2y$10$gO.2kDquva72QUolMPD2seFM1/Nt1xbDp3PYhDyE53wNeA8xWNAEu', NULL, '20230501104250.jpg', 'YES', 0.00, '2023-05-01 17:37:53', '2023-05-01 17:37:53'),
(16, 9, 7, 15, 22, 2, 'Mitan Das', 'mitandas123@gmail.com', '9862674460', '$2y$10$ZRdRyYIBKsFOzCwQSG/6KerD0apEhyVcPSFUgtBNPb8d0ZdsvZ9jq', NULL, '20230501085125.jpeg', 'YES', 0.00, '2023-05-01 20:51:25', '2023-05-01 20:51:25'),
(17, 1, 3, 3, 3, 5, 'Aditi Roy', 'aditi@gmail.com', '9832654780', '$2y$10$Oe0OPS2HqbaWGC1FY4/hJ.goSDWtnBwjPnSh66p90nyZVqgp3zjwW', NULL, '20230503115954.jpg', 'YES', 0.00, '2023-05-03 11:59:54', '2023-05-03 11:59:54');

-- --------------------------------------------------------

--
-- Table structure for table `merchanttypes`
--

CREATE TABLE `merchanttypes` (
  `id` bigint(20) UNSIGNED NOT NULL,
  `service_id` bigint(20) NOT NULL,
  `type` varchar(255) COLLATE utf8mb4_unicode_ci NOT NULL,
  `slug` varchar(255) COLLATE utf8mb4_unicode_ci NOT NULL,
  `registration_fee` double(8,2) NOT NULL,
  `monthly_fee` double(8,2) NOT NULL,
  `created_at` timestamp NULL DEFAULT NULL,
  `updated_at` timestamp NULL DEFAULT NULL
) ENGINE=InnoDB DEFAULT CHARSET=utf8mb4 COLLATE=utf8mb4_unicode_ci;

--
-- Dumping data for table `merchanttypes`
--

INSERT INTO `merchanttypes` (`id`, `service_id`, `type`, `slug`, `registration_fee`, `monthly_fee`, `created_at`, `updated_at`) VALUES
(1, 3, 'E-RIKCKSHAW', 'e-rikckshaw', 299.00, 99.00, '2023-03-29 08:34:21', '2023-03-29 08:34:21'),
(2, 3, 'BIKE', 'bike', 349.00, 149.00, '2023-03-29 08:34:54', '2023-03-29 08:37:27'),
(3, 3, '3/4 WHEELER', '34-wheeler', 499.00, 199.00, '2023-03-29 08:35:39', '2023-03-29 08:35:39'),
(4, 3, 'COMMERCIAL', 'commercial', 999.00, 249.00, '2023-03-29 08:36:28', '2023-03-29 08:36:28'),
(5, 1, 'Retail Shop', 'retail-shop', 299.00, 99.00, '2023-04-10 02:25:55', '2023-04-10 02:25:55');

-- --------------------------------------------------------

--
-- Table structure for table `merchant_payments`
--

CREATE TABLE `merchant_payments` (
  `id` bigint(20) UNSIGNED NOT NULL,
  `merchant_id` bigint(20) NOT NULL,
  `type` varchar(100) COLLATE utf8mb4_unicode_ci NOT NULL,
  `amount` double(8,2) NOT NULL,
  `package_name` varchar(255) COLLATE utf8mb4_unicode_ci DEFAULT NULL,
  `transaction_type` varchar(255) COLLATE utf8mb4_unicode_ci DEFAULT NULL,
  `package_details` varchar(255) COLLATE utf8mb4_unicode_ci DEFAULT NULL,
  `created_at` timestamp NULL DEFAULT NULL,
  `updated_at` timestamp NULL DEFAULT NULL
) ENGINE=InnoDB DEFAULT CHARSET=utf8mb4 COLLATE=utf8mb4_unicode_ci;

--
-- Dumping data for table `merchant_payments`
--

INSERT INTO `merchant_payments` (`id`, `merchant_id`, `type`, `amount`, `package_name`, `transaction_type`, `package_details`, `created_at`, `updated_at`) VALUES
(1, 2, 'registration', 299.00, '', 'debit', '', '2023-04-03 11:26:26', '2023-04-03 11:26:26'),
(2, 2, 'advertise', 100.00, 'Silver', 'debit', '7 days', '2023-04-06 13:08:27', '2023-04-06 13:08:27');

-- --------------------------------------------------------

--
-- Table structure for table `migrations`
--

CREATE TABLE `migrations` (
  `id` int(10) UNSIGNED NOT NULL,
  `migration` varchar(255) COLLATE utf8mb4_unicode_ci NOT NULL,
  `batch` int(11) NOT NULL
) ENGINE=InnoDB DEFAULT CHARSET=utf8mb4 COLLATE=utf8mb4_unicode_ci;

--
-- Dumping data for table `migrations`
--

INSERT INTO `migrations` (`id`, `migration`, `batch`) VALUES
(2, '2019_12_14_000001_create_personal_access_tokens_table', 1),
(3, '2022_04_20_135928_create_admins_table', 1),
(20, '2014_10_12_000000_create_users_table', 16),
(34, '2023_01_05_151228_create_services_table', 18),
(35, '2023_02_08_053734_create_zones_table', 19),
(36, '2023_02_08_081226_create_zonepartners_table', 20),
(37, '2023_01_05_150202_create_packages_table', 21),
(38, '2023_01_05_151117_create_categories_table', 21),
(39, '2023_02_08_092614_create_districtpartners_table', 22),
(40, '2023_02_08_092652_create_blockpartners_table', 22),
(41, '2023_02_08_092734_create_employees_table', 22),
(50, '2023_03_04_053513_create_comp_announcements_table', 23),
(51, '2023_03_04_061735_create_dealsofthe_days_table', 24),
(52, '2023_03_04_064232_create_recentlyvieweds_table', 25),
(53, '2023_03_04_065444_create_best_discounts_table', 26),
(57, '2023_03_08_102931_create_merchant_franchises_table', 27),
(58, '2023_03_08_114646_create_websitebanners_table', 27),
(59, '2023_03_08_123711_create_client_reviews_table', 28),
(60, '2023_03_22_063411_create_ecommercebanners_table', 29),
(64, '2023_03_24_105656_create_personal_documents_table', 33),
(65, '2023_03_24_150154_create_work_preferences_table', 34),
(66, '2023_03_24_150235_create_vehicle_details_table', 35),
(67, '2023_03_22_112325_create_order_items_table', 36),
(69, '2023_03_26_003318_create_transactions_table', 37),
(72, '2023_03_29_064922_create_merchanttypes_table', 38),
(73, '2023_03_29_091014_create_advertisement_charges_table', 39),
(75, '2023_03_29_104209_create_service_charges_table', 40),
(77, '2023_03_29_121122_create_ratings_table', 41),
(78, '2023_03_30_074512_create_categorybanners_table', 42),
(82, '2023_02_08_092829_create_merchants_table', 44),
(86, '2023_04_01_152610_create_customer_searches_table', 47),
(87, '2023_03_14_050111_create_product_details_table', 48),
(88, '2023_04_01_064036_create_product_colors_table', 49),
(89, '2023_04_03_093021_create_shops_table', 50),
(90, '2023_03_14_045604_create_products_table', 51),
(91, '2023_03_16_064101_create_monthlyfees_table', 52),
(94, '2023_04_05_090255_create_admin_schemes_table', 55),
(95, '2023_04_07_121454_create_brochures_table', 56),
(96, '2023_04_08_094313_create_frequent_questions_table', 57),
(100, '2023_03_24_061108_create_delivery_boys_table', 59),
(101, '2023_03_22_110458_create_orders_table', 60),
(103, '2023_04_09_131252_create_bank_details_table', 61),
(105, '2023_04_09_151951_create_search_products_table', 62),
(107, '2023_04_09_174443_create_delivery_boy_payments_table', 63),
(108, '2023_04_10_132736_create_notifications_table', 64),
(109, '2023_03_31_123930_create_merchant_payments_table', 65);

-- --------------------------------------------------------

--
-- Table structure for table `monthlyfees`
--

CREATE TABLE `monthlyfees` (
  `id` bigint(20) UNSIGNED NOT NULL,
  `zone_reg` double(8,2) NOT NULL,
  `zone_monthly` double(8,2) NOT NULL,
  `district_reg` double(8,2) NOT NULL,
  `district_monthly` double(8,2) NOT NULL,
  `block_reg` double(8,2) NOT NULL,
  `block_monthly` double(8,2) NOT NULL,
  `employee_reg` double(8,2) NOT NULL,
  `employee_monthly` double(8,2) NOT NULL,
  `delivery_boy_reg` double(8,2) NOT NULL,
  `delivery_boy_monthly` double(8,2) NOT NULL,
  `created_at` timestamp NULL DEFAULT NULL,
  `updated_at` timestamp NULL DEFAULT NULL
) ENGINE=InnoDB DEFAULT CHARSET=utf8mb4 COLLATE=utf8mb4_unicode_ci;

--
-- Dumping data for table `monthlyfees`
--

INSERT INTO `monthlyfees` (`id`, `zone_reg`, `zone_monthly`, `district_reg`, `district_monthly`, `block_reg`, `block_monthly`, `employee_reg`, `employee_monthly`, `delivery_boy_reg`, `delivery_boy_monthly`, `created_at`, `updated_at`) VALUES
(1, 599.00, 99.00, 499.00, 99.00, 399.00, 99.00, 299.00, 99.00, 199.00, 99.00, '2023-03-16 06:58:14', '2023-04-04 08:06:15');

-- --------------------------------------------------------

--
-- Table structure for table `notifications`
--

CREATE TABLE `notifications` (
  `id` bigint(20) UNSIGNED NOT NULL,
  `order_id` bigint(20) NOT NULL,
  `message` text COLLATE utf8mb4_unicode_ci NOT NULL,
  `created_at` timestamp NULL DEFAULT NULL,
  `updated_at` timestamp NULL DEFAULT NULL
) ENGINE=InnoDB DEFAULT CHARSET=utf8mb4 COLLATE=utf8mb4_unicode_ci;

--
-- Dumping data for table `notifications`
--

INSERT INTO `notifications` (`id`, `order_id`, `message`, `created_at`, `updated_at`) VALUES
(1, 15, 'A new order request #15 has come', '2023-04-11 13:24:55', '2023-04-11 13:24:55'),
(2, 16, 'A new order request #16 has come', '2023-05-07 02:28:47', '2023-05-07 02:28:47');

-- --------------------------------------------------------

--
-- Table structure for table `orders`
--

CREATE TABLE `orders` (
  `id` bigint(20) UNSIGNED NOT NULL,
  `user_id` bigint(20) NOT NULL,
  `delivery_boy_id` bigint(20) DEFAULT NULL,
  `delivery_address_id` bigint(20) NOT NULL,
  `delivery_address` longtext COLLATE utf8mb4_unicode_ci DEFAULT NULL,
  `pickup_address` longtext COLLATE utf8mb4_unicode_ci DEFAULT NULL,
  `landmark` varchar(255) COLLATE utf8mb4_unicode_ci DEFAULT NULL,
  `delivery_name` varchar(255) COLLATE utf8mb4_unicode_ci DEFAULT NULL,
  `order_no` varchar(50) COLLATE utf8mb4_unicode_ci DEFAULT NULL,
  `invoice` varchar(255) COLLATE utf8mb4_unicode_ci DEFAULT NULL,
  `payment_type` varchar(20) COLLATE utf8mb4_unicode_ci DEFAULT NULL,
  `sub_total` decimal(8,2) DEFAULT NULL,
  `discount_amount` decimal(8,2) DEFAULT NULL,
  `delivery_charge` decimal(8,2) DEFAULT NULL,
  `total_amount` decimal(8,2) DEFAULT NULL,
  `delivery_date` datetime DEFAULT NULL,
  `status` varchar(30) COLLATE utf8mb4_unicode_ci NOT NULL,
  `created_at` timestamp NULL DEFAULT NULL,
  `updated_at` timestamp NULL DEFAULT NULL
) ENGINE=InnoDB DEFAULT CHARSET=utf8mb4 COLLATE=utf8mb4_unicode_ci;

--
-- Dumping data for table `orders`
--

INSERT INTO `orders` (`id`, `user_id`, `delivery_boy_id`, `delivery_address_id`, `delivery_address`, `pickup_address`, `landmark`, `delivery_name`, `order_no`, `invoice`, `payment_type`, `sub_total`, `discount_amount`, `delivery_charge`, `total_amount`, `delivery_date`, `status`, `created_at`, `updated_at`) VALUES
(1, 14, NULL, 12, 'abc adrs', NULL, NULL, NULL, '1680160430', NULL, 'cash', '350.00', '0.00', '40.00', '390.00', NULL, 'pending', '2023-03-30 07:13:50', '2023-03-30 07:13:50'),
(2, 14, NULL, 12, 'abc adrs', NULL, NULL, NULL, '1680164049', NULL, 'cash', '1190.00', '0.00', '40.00', '1230.00', NULL, 'pending', '2023-03-30 08:14:09', '2023-03-30 08:14:09'),
(3, 14, NULL, 12, 'abc adrs', NULL, NULL, NULL, '1680164190', NULL, 'cash', '35.00', '0.00', '40.00', '75.00', NULL, 'pending', '2023-03-30 08:16:30', '2023-03-30 08:16:30'),
(4, 14, NULL, 12, 'abc adrs', NULL, NULL, NULL, '1680164283', NULL, 'cash', '70.00', '0.00', '40.00', '110.00', NULL, 'cancelled', '2023-03-30 08:18:03', '2023-04-09 17:59:46'),
(5, 14, NULL, 12, 'abc adrs', NULL, NULL, NULL, '1680165075', NULL, 'cash', '250.00', '0.00', '60.00', '310.00', NULL, 'pending', '2023-03-30 08:31:15', '2023-03-30 08:31:15'),
(6, 14, NULL, 12, 'abc adrs', NULL, NULL, NULL, '1680165663', NULL, 'cash', '110.00', '0.00', '80.00', '190.00', NULL, 'pending', '2023-03-30 08:41:03', '2023-03-30 08:41:03'),
(7, 14, NULL, 12, 'abc adrs', NULL, NULL, NULL, '1680166322', NULL, 'cash', '1190.00', '0.00', '40.00', '1230.00', NULL, 'pending', '2023-03-30 08:52:02', '2023-03-30 08:52:02'),
(8, 14, NULL, 12, 'abc adrs', NULL, NULL, NULL, '1680167030', NULL, 'cash', '1190.00', '0.00', '40.00', '1230.00', NULL, 'pending', '2023-03-30 09:03:50', '2023-03-30 09:03:50'),
(9, 14, NULL, 12, 'abc adrs', NULL, NULL, NULL, '1680167294', NULL, 'cash', '240.00', '0.00', '40.00', '280.00', NULL, 'pending', '2023-03-30 09:08:14', '2023-03-30 09:08:14'),
(10, 14, NULL, 12, 'abc adrs', NULL, NULL, NULL, '1680167563', NULL, 'cash', '35.00', '0.00', '40.00', '75.00', NULL, 'pending', '2023-03-30 09:12:43', '2023-03-30 09:12:43'),
(11, 14, NULL, 12, 'abc adrs', NULL, NULL, NULL, '1680167717', NULL, 'cash', '1190.00', '0.00', '40.00', '1230.00', NULL, 'pending', '2023-03-30 09:15:17', '2023-03-30 09:15:17'),
(12, 14, NULL, 12, 'abc adrs', NULL, NULL, NULL, '1680167947', NULL, 'cash', '110.00', '0.00', '40.00', '150.00', NULL, 'pending', '2023-03-30 09:19:07', '2023-04-09 12:13:32'),
(13, 14, NULL, 12, 'abc adrs', NULL, NULL, NULL, '1680167998', NULL, 'cash', '240.00', '0.00', '40.00', '280.00', NULL, 'completed', '2023-03-30 09:19:58', '2023-03-30 09:19:58'),
(14, 14, NULL, 12, 'abc adrs', NULL, NULL, NULL, '1680174753', NULL, 'online', '35.00', '0.00', '40.00', '75.00', NULL, 'completed', '2023-03-30 11:12:33', '2023-03-30 11:12:33'),
(15, 6, NULL, 8, 'patuli Ghosh para', NULL, NULL, NULL, '1680521901', NULL, 'cash', '1190.00', '0.00', '40.00', '1230.00', NULL, 'pending', '2023-04-03 11:38:21', '2023-04-09 12:10:53'),
(16, 13, NULL, 11, 'kansona', 'Near Jadavpur University', NULL, 'Normal Delivery', '1682941326', NULL, 'cash', '1245.00', '30.00', '40.00', '1255.00', NULL, 'pending', '2023-05-01 17:12:06', '2023-05-01 17:12:06'),
(17, 13, NULL, 11, 'kansona', 'Khalpara,uttar dangapara,ulladabri,maynaguri,jalpaiguri,735224', NULL, 'Normal Delivery', '1682955975', NULL, 'cash', '640.00', '80.00', '40.00', '600.00', NULL, 'pending', '2023-05-01 21:16:15', '2023-05-01 21:16:15');

-- --------------------------------------------------------

--
-- Table structure for table `order_items`
--

CREATE TABLE `order_items` (
  `id` bigint(20) UNSIGNED NOT NULL,
  `order_id` bigint(20) NOT NULL,
  `user_id` bigint(20) NOT NULL,
  `product_id` bigint(20) NOT NULL,
  `size_id` bigint(20) NOT NULL,
  `merchant_id` bigint(20) NOT NULL,
  `qty` int(11) NOT NULL,
  `price` decimal(8,2) NOT NULL,
  `product_name` varchar(255) COLLATE utf8mb4_unicode_ci NOT NULL,
  `size` varchar(30) COLLATE utf8mb4_unicode_ci NOT NULL,
  `merchant_name` varchar(255) COLLATE utf8mb4_unicode_ci NOT NULL,
  `status` varchar(30) COLLATE utf8mb4_unicode_ci NOT NULL,
  `created_at` timestamp NULL DEFAULT NULL,
  `updated_at` timestamp NULL DEFAULT NULL
) ENGINE=InnoDB DEFAULT CHARSET=utf8mb4 COLLATE=utf8mb4_unicode_ci;

--
-- Dumping data for table `order_items`
--

INSERT INTO `order_items` (`id`, `order_id`, `user_id`, `product_id`, `size_id`, `merchant_id`, `qty`, `price`, `product_name`, `size`, `merchant_name`, `status`, `created_at`, `updated_at`) VALUES
(1, 1, 14, 2, 4, 1, 1, '110.00', 'T-shirt', 'XL', 'Sanjay Sen', 'active', '2023-03-30 12:43:50', '2023-03-30 12:43:50'),
(2, 1, 14, 4, 8, 1, 1, '240.00', 'Cotton Trouser', '38', 'Sanjay Sen', 'active', '2023-03-30 12:43:50', '2023-03-30 12:43:50'),
(3, 2, 14, 3, 6, 1, 1, '1190.00', 'Rice', '15kg', 'Sanjay Sen', 'active', '2023-03-30 13:44:09', '2023-03-30 13:44:09'),
(4, 3, 14, 5, 11, 1, 1, '35.00', 'Test', '500g', 'Sanjay Sen', 'active', '2023-03-30 13:46:30', '2023-03-30 13:46:30'),
(5, 4, 14, 5, 10, 1, 1, '70.00', 'Test', '1kg', 'Sanjay Sen', 'active', '2023-03-30 13:48:03', '2023-03-30 13:48:03'),
(6, 5, 14, 4, 9, 1, 1, '250.00', 'Cotton Trouser', '40', 'Sanjay Sen', 'active', '2023-03-30 14:01:15', '2023-03-30 14:01:15'),
(7, 6, 14, 2, 4, 1, 1, '110.00', 'T-shirt', 'XL', 'Sanjay Sen', 'active', '2023-03-30 14:11:03', '2023-03-30 14:11:03'),
(8, 7, 14, 3, 6, 1, 1, '1190.00', 'Rice', '15kg', 'Sanjay Sen', 'active', '2023-03-30 14:22:02', '2023-03-30 14:22:02'),
(9, 8, 14, 3, 6, 1, 1, '1190.00', 'Rice', '15kg', 'Sanjay Sen', 'active', '2023-03-30 14:33:50', '2023-03-30 14:33:50'),
(10, 9, 14, 4, 8, 1, 1, '240.00', 'Cotton Trouser', '38', 'Sanjay Sen', 'active', '2023-03-30 14:38:14', '2023-03-30 14:38:14'),
(11, 10, 14, 5, 11, 1, 1, '35.00', 'Test', '500g', 'Sanjay Sen', 'active', '2023-03-30 14:42:43', '2023-03-30 14:42:43'),
(12, 11, 14, 3, 6, 1, 1, '1190.00', 'Rice', '15kg', 'Sanjay Sen', 'active', '2023-03-30 14:45:17', '2023-03-30 14:45:17'),
(13, 12, 14, 2, 4, 1, 1, '110.00', 'T-shirt', 'XL', 'Sanjay Sen', 'active', '2023-03-30 14:49:07', '2023-03-30 14:49:07'),
(14, 13, 14, 4, 8, 1, 1, '240.00', 'Cotton Trouser', '38', 'Sanjay Sen', 'active', '2023-03-30 14:49:58', '2023-03-30 14:49:58'),
(15, 14, 14, 5, 11, 1, 1, '35.00', 'Test', '500g', 'Sanjay Sen', 'active', '2023-03-30 16:42:33', '2023-03-30 16:42:33'),
(16, 15, 6, 3, 6, 1, 1, '1190.00', 'Rice', '15kg', 'Sanjay Sen', 'active', '2023-04-03 17:08:21', '2023-04-03 17:08:21'),
(17, 16, 13, 3, 6, 1, 1, '1190.00', 'Rice', '15kg', 'Sanjay Sen', 'active', '2023-05-01 17:12:06', '2023-05-01 17:12:06'),
(18, 16, 13, 7, 13, 1, 1, '55.00', 'Dehradoon rice 2', '1 kg', 'Sanjay Sen', 'active', '2023-05-01 17:12:06', '2023-05-01 17:12:06'),
(19, 17, 13, 17, 24, 6, 1, '640.00', 'Sports shoes', '6,7,8,9,10', 'Maa Enterprise', 'active', '2023-05-01 21:16:15', '2023-05-01 21:16:15');

-- --------------------------------------------------------

--
-- Table structure for table `packages`
--

CREATE TABLE `packages` (
  `id` bigint(20) UNSIGNED NOT NULL,
  `category_id` int(11) NOT NULL,
  `service_id` int(11) NOT NULL,
  `package` varchar(100) COLLATE utf8mb4_unicode_ci NOT NULL,
  `icon` varchar(100) COLLATE utf8mb4_unicode_ci NOT NULL,
  `image` varchar(100) COLLATE utf8mb4_unicode_ci NOT NULL,
  `description` text COLLATE utf8mb4_unicode_ci NOT NULL,
  `visiting_charge` double(8,2) NOT NULL,
  `total_charge` double(8,2) NOT NULL,
  `created_at` timestamp NULL DEFAULT NULL,
  `updated_at` timestamp NULL DEFAULT NULL
) ENGINE=InnoDB DEFAULT CHARSET=utf8mb4 COLLATE=utf8mb4_unicode_ci;

-- --------------------------------------------------------

--
-- Table structure for table `personal_documents`
--

CREATE TABLE `personal_documents` (
  `id` bigint(20) UNSIGNED NOT NULL,
  `user_id` bigint(20) NOT NULL,
  `type` varchar(20) COLLATE utf8mb4_unicode_ci NOT NULL,
  `card_number` text COLLATE utf8mb4_unicode_ci NOT NULL,
  `image` varchar(255) COLLATE utf8mb4_unicode_ci DEFAULT NULL,
  `front_image` varchar(255) COLLATE utf8mb4_unicode_ci DEFAULT NULL,
  `back_image` varchar(255) COLLATE utf8mb4_unicode_ci DEFAULT NULL,
  `created_at` timestamp NULL DEFAULT NULL,
  `updated_at` timestamp NULL DEFAULT NULL
) ENGINE=InnoDB DEFAULT CHARSET=utf8mb4 COLLATE=utf8mb4_unicode_ci;

--
-- Dumping data for table `personal_documents`
--

INSERT INTO `personal_documents` (`id`, `user_id`, `type`, `card_number`, `image`, `front_image`, `back_image`, `created_at`, `updated_at`) VALUES
(1, 1, 'pan', '1313141415', '1679709357.jpg', NULL, NULL, NULL, NULL),
(2, 1, 'pan', '1313141415', '1679709365.jpg', NULL, NULL, NULL, NULL),
(3, 1, 'pan', '1313141415', '1679709367.jpg', NULL, NULL, NULL, NULL),
(4, 2, 'pan', '1313141415', '1679709373.jpg', NULL, NULL, NULL, NULL),
(5, 3, 'pan', '245678', '1679710446.jpg', NULL, NULL, NULL, NULL),
(6, 3, 'aadhar', '8595960', NULL, 'front_1679712236.jpg', 'back_1679712236.jpg', NULL, NULL),
(7, 3, 'driving_license', '00559596', '1679713043.jpg', NULL, NULL, NULL, NULL);

-- --------------------------------------------------------

--
-- Table structure for table `products`
--

CREATE TABLE `products` (
  `id` bigint(20) UNSIGNED NOT NULL,
  `cat_id` int(11) NOT NULL,
  `subcat_id` int(11) NOT NULL,
  `megacat_id` int(11) NOT NULL,
  `merchant_id` int(11) NOT NULL,
  `shop_id` int(11) DEFAULT NULL,
  `title` varchar(255) COLLATE utf8mb4_unicode_ci NOT NULL,
  `market_price` double(8,2) DEFAULT NULL,
  `sale_price` double(8,2) DEFAULT NULL,
  `discount_type` varchar(20) COLLATE utf8mb4_unicode_ci DEFAULT NULL,
  `discount` double(8,2) DEFAULT NULL,
  `main_image` varchar(255) COLLATE utf8mb4_unicode_ci NOT NULL,
  `img1` varchar(255) COLLATE utf8mb4_unicode_ci DEFAULT NULL,
  `img2` varchar(255) COLLATE utf8mb4_unicode_ci DEFAULT NULL,
  `img3` varchar(255) COLLATE utf8mb4_unicode_ci DEFAULT NULL,
  `img4` varchar(255) COLLATE utf8mb4_unicode_ci DEFAULT NULL,
  `description` longtext COLLATE utf8mb4_unicode_ci DEFAULT NULL,
  `colors` varchar(255) COLLATE utf8mb4_unicode_ci DEFAULT NULL,
  `created_at` timestamp NULL DEFAULT NULL,
  `updated_at` timestamp NULL DEFAULT NULL,
  `active` varchar(100) COLLATE utf8mb4_unicode_ci DEFAULT NULL
) ENGINE=InnoDB DEFAULT CHARSET=utf8mb4 COLLATE=utf8mb4_unicode_ci;

--
-- Dumping data for table `products`
--

INSERT INTO `products` (`id`, `cat_id`, `subcat_id`, `megacat_id`, `merchant_id`, `shop_id`, `title`, `market_price`, `sale_price`, `discount_type`, `discount`, `main_image`, `img1`, `img2`, `img3`, `img4`, `description`, `colors`, `created_at`, `updated_at`, `active`) VALUES
(2, 2, 2, 2, 1, 1, 'T-shirt', 120.00, 110.00, 'flat', 10.00, '20230314021642786.jpg', '20230314021642888.jpg', '20230314021642923.jpg', NULL, NULL, '<p><strong>Lorem Ipsum</strong> is simply dummy text of the printing and typesetting industry. Lorem Ipsum has been the industry\'s standard dummy text ever since the 1500s, when an unknown printer took a galley of type and scrambled it to make a type specimen book. It has survived not only five centuries, but also the leap into electronic typesetting, remaining essentially unchanged. It was popularised in the 1960s with the release of Letraset sheets containing Lorem Ipsum passages, and more recently with desktop publishing software like Aldus PageMaker including versions of Lorem Ipsum.</p>', 'Red,Blue', '2023-03-14 14:16:42', '2023-04-04 07:47:46', 'YES'),
(3, 1, 1, 4, 1, 1, 'Rice', 1200.00, 1190.00, 'flat', 10.00, '20230314054234726.jpg', '20230314054234962.jpg', '20230314054234198.jpg', '20230314054234150.jpg', '20230314054234.jpg', '<p>In publishing and graphic design, Lorem ipsum is a placeholder text commonly used to demonstrate the visual form of a document or a typeface without relying on meaningful content. Lorem ipsum may be used as a placeholder before final copy is available.</p>', NULL, '2023-03-14 17:42:34', '2023-04-04 07:48:20', 'YES'),
(4, 2, 2, 3, 1, 1, 'Cotton Trouser', 250.00, 240.00, 'flat', 10.00, '20230314054619638.webp', '20230314054619807.jpg', '20230314054619261.webp', '20230314054619637.jpg', '20230314054619.webp', '<p>Test</p>', 'Black,Red', '2023-03-14 17:46:19', '2023-04-04 07:48:30', 'YES'),
(5, 1, 1, 4, 1, 1, 'Test', 40.00, 35.00, 'flat', 5.00, '20230314062029676.png', '20230314062029320.png', '20230314062029866.png', '20230314062029989.png', '20230314062029.png', '<p><strong>Lorem Ipsum</strong> is simply dummy text of the printing and typesetting industry. Lorem Ipsum has been the industry\'s standard dummy text ever since the 1500s, when an unknown printer took a galley of type and scrambled it to make a type specimen book. It has survived not only five centuries, but also the leap into electronic typesetting, remaining essentially unchanged. It was popularized in the 1960s with the release of Letraset sheets containing Lorem Ipsum passages, and more recently with desktop publishing software like Aldus PageMaker including versions of Lorem Ipsum.</p>', NULL, '2023-03-14 18:20:29', '2023-04-04 07:48:37', 'YES'),
(6, 2, 2, 2, 11, 2, 'Cotton Half Sleeve Men', 500.00, 400.00, 'percentage', 0.20, '20230428094832870.jpg', NULL, NULL, NULL, NULL, '<figure class=\"table\"><table><tbody><tr><td>Color</td><td>Black</td></tr><tr><td>Size</td><td>S to XXL</td></tr><tr><td>Sleeves Type</td><td>Half Sleeve</td></tr><tr><td>Material</td><td>Cotton</td></tr><tr><td>Neck Type</td><td>Collar</td></tr><tr><td>Occasion</td><td>Casual Wear</td></tr><tr><td>T-Shirt Type</td><td>Polo T Shirt</td></tr><tr><td>Fit Type</td><td>Regular</td></tr><tr><td>Wash Care</td><td>Machine wash</td></tr><tr><td>Country of Origin</td><td>Made in India</td></tr></tbody></table></figure>', NULL, '2023-04-28 09:48:32', '2023-04-28 09:52:47', 'YES'),
(7, 1, 1, 4, 1, 1, 'Dehradoon rice 2', 75.00, 55.00, 'flat', 20.00, '20230428115056937.jpg', '', '', '', '', '<p>best product</p>', NULL, '2023-04-28 11:50:56', '2023-04-28 11:50:56', 'YES'),
(8, 1, 1, 47, 11, 2, 'Mirror atta', 40.00, 30.00, 'flat', 10.00, '20230430083448244.jpg', '', '', '', '', '<figure class=\"table\"><table><tbody><tr><th>Specialty</th><td>no maida</td></tr><tr><th>Weight</th><td>5 Grams</td></tr><tr><th>Ingredient Type</th><td>Vegetarian</td></tr><tr><th>Brand</th><td>MIRROR</td></tr><tr><th>Item package quantity</th><td>1</td></tr><tr><th>Form</th><td>Raw</td></tr><tr><th>Manufacturer</th><td>MIROR</td></tr><tr><th>Item model number</th><td>8901725121723 - For Pantry (MAA4)</td></tr><tr><th>Net Quantity</th><td>5000 gram</td></tr><tr><th>Product Dimensions</th><td>7 x 40 x 30 cm; 5 Grams</td></tr><tr><th>Country of Origin</th><td>India</td></tr></tbody></table></figure>', NULL, '2023-04-30 20:34:48', '2023-04-30 20:34:48', 'YES'),
(9, 1, 1, 47, 2, 3, 'Ahirvaad Atta', 300.00, 270.00, 'flat', 30.00, '20230501091541506.webp', '20230501091541815.webp', '20230501091542429.webp', '20230501091542212.webp', '20230501091542.webp', '<p>See details</p>', NULL, '2023-05-01 09:15:42', '2023-05-01 09:15:42', 'YES'),
(10, 2, 2, 5, 6, 4, 'Mean sandle', 499.00, 449.00, 'flat', 50.00, '20230501014732543.jpeg', '20230501014732775.jpeg', '20230501014732262.jpeg', '20230501014732892.jpeg', '20230501014732.jpeg', '<h3>Stylish mean sandlesandle&nbsp;</h3>', NULL, '2023-05-01 13:47:32', '2023-05-01 13:47:32', 'YES'),
(11, 2, 4, 36, 6, 4, 'Stylish shoes', 599.00, 499.00, 'flat', 100.00, '20230501015638460.jpg', '20230501015638951.jpg', '20230501015638407.jpg', '20230501015638153.jpg', '', '<h2>Means stylish shoes&nbsp;</h2><p>Best quality&nbsp;</p><p>Best and comfortable&nbsp;</p><p>Easily washable</p><p>&nbsp;</p>', NULL, '2023-05-01 13:56:38', '2023-05-01 13:56:38', 'YES'),
(12, 2, 4, 36, 6, 4, 'Combo shoes', 745.00, 620.00, 'flat', 125.00, '20230501015950919.jpg', '20230501015950603.jpg', '20230501015950660.jpg', '20230501015950580.jpg', '20230501015950.jpg', '<h2>Combo shoes&nbsp;</h2><p>Means shoes&nbsp;</p><p>Best quality</p><p>SportSports&nbsp;</p><p>Sports shoes&nbsp;</p>', NULL, '2023-05-01 13:59:50', '2023-05-01 13:59:50', 'YES'),
(13, 2, 4, 36, 6, 4, 'Mean Shoes', 399.00, 249.00, 'flat', 150.00, '20230501020752690.jpg', '20230501020752837.webp', '20230501020752479.webp', '20230501020752486.webp', '20230501020752.webp', '<h3>Product Details</h3><p>Material Type</p><p>Mesh</p><p>Closure Type</p><p>Slip-On</p><p>Heel Type</p><p>Flat</p><p>Water Resistance Level</p><p>Water Resistant</p><p>Country of Origin</p><p>India</p><h3>About this Item</h3><ul><li>Closure: Slip-On</li><li>Occasion type - Walking Shoes, Gym Workout, Running Shoes and Daily Use</li><li>Type: Running Shoes</li><li>Suitable for - Mens, Boys</li><li>Package Contains - 1 Pairs Sport Running Shoes</li></ul><h3>Additional Information</h3><p>Manufacturer</p><p>BRUTON - INDIA, BRUTON - INDIA</p><p>Packer</p><p>BRUTON - INDIA</p><p>Importer</p><p>BRUTON - INDIA</p><p>Item Weight</p><p>400 g</p><p>Item Dimensions LxWxH</p><p>23 x 10 x 6 Centimeters</p><p>Net Quantity</p><p>1.00 Pair</p><p>Generic Name</p><p>BRUTON Running ShoesShoes</p>', NULL, '2023-05-01 14:07:52', '2023-05-01 14:07:52', 'YES'),
(14, 2, 2, 5, 6, 4, 'Means casual shoe', 399.00, 270.00, 'flat', 129.00, '20230501021430877.webp', '20230501021430667.webp', '20230501021430368.webp', '20230501021430795.webp', '20230501021430.jpg', '<h3>Product Details</h3><p>Material Type</p><p>Mesh</p><p>Closure Type</p><p>Slip-On</p><p>Heel Type</p><p>Flat</p><p>Water Resistance Level</p><p>Water Resistant</p><p>Country of Origin</p><p>India</p><h3>About this Item</h3><ul><li>Closure: Slip-On</li><li>Occasion type - Walking Shoes, Gym Workout, Running Shoes and Daily Use</li><li>Type: Running Shoes</li><li>Suitable for - Mens, Boys</li><li>Package Contains - 1 Pairs Sport Running Shoes</li></ul><h3>Additional Information</h3><p>Manufacturer</p><p>BRUTON - INDIA, BRUTON - INDIA</p><p>Packer</p><p>BRUTON - INDIA</p><p>Importer</p><p>BRUTON - INDIA</p><p>Item Weight</p><p>400 g</p><p>Item Dimensions LxWxH</p><p>23 x 10 x 6 Centimeters</p><p>Net Quantity</p><p>1.00 Pair</p><p>Generic Name</p><p>BRUTON Running ShoesShoes</p>', NULL, '2023-05-01 14:14:30', '2023-05-01 14:14:30', 'YES'),
(15, 2, 4, 39, 6, 4, 'Casual shoes', 420.00, 370.00, 'flat', 50.00, '20230501022258311.webp', '20230501022258799.jpg', '20230501022258220.webp', '20230501022258558.webp', '20230501022258.webp', '<h3>Product Details</h3><p>Material Type</p><p>Mesh</p><p>Closure Type</p><p>Slip-On</p><p>Heel Type</p><p>Flat</p><p>Water Resistance Level</p><p>Water Resistant</p><p>Country of Origin</p><p>India</p><h3>About this Item</h3><ul><li>Closure: Slip-On</li><li>Occasion type - Walking Shoes, Gym Workout, Running Shoes and Daily Use</li><li>Type: Running Shoes</li><li>Suitable for - Mens, Boys</li><li>Package Contains - 1 Pairs Sport Running Shoes</li></ul><h3>Additional Information</h3><p>Manufacturer</p><p>BRUTON - INDIA, BRUTON - INDIA</p><p>Packer</p><p>BRUTON - INDIA</p><p>Importer</p><p>BRUTON - INDIA</p><p>Item Weight</p><p>400 g</p><p>Item Dimensions LxWxH</p><p>23 x 10 x 6 Centimeters</p><p>Net Quantity</p><p>1.00 Pair</p><p>Generic Name</p><p>BRUTON Running ShoesShoesShoesShoes</p>', NULL, '2023-05-01 14:22:58', '2023-05-01 14:22:58', 'YES'),
(16, 2, 4, 38, 6, 4, 'Means casual shoe', 799.00, 670.00, 'flat', 129.00, '20230501023626845.jpeg', '20230501023626853.jpeg', '20230501023626978.jpeg', '20230501023626785.jpeg', '20230501023626.jpeg', '<p>Addi means casual shoe&nbsp;</p><p>&nbsp;</p><p><i>Best selling shoes&nbsp;</i></p><p>&nbsp;</p><p><i>Make in india&nbsp;</i></p><p>&nbsp;</p>', NULL, '2023-05-01 14:36:26', '2023-05-01 14:36:26', 'YES'),
(17, 2, 4, 39, 6, 4, 'Sports shoes', 720.00, 640.00, 'flat', 80.00, '20230501023915507.jpeg', '20230501023915289.jpeg', '20230501023915132.jpeg', '20230501023915668.jpeg', '20230501023915.jpeg', '<h2>Sports shoes&nbsp;</h2><h3>Product Details</h3><p>Material Type</p><p>Mesh</p><p>Closure Type</p><p>Slip-On</p><p>Heel Type</p><p>Flat</p><p>Water Resistance Level</p><p>Water Resistant</p><p>Country of Origin</p><p>India</p><h3>About this Item</h3><ul><li>Closure: Slip-On</li><li>Occasion type - Walking Shoes, Gym Workout, Running Shoes and Daily Use</li><li>Type: Running Shoes</li><li>Suitable for - Mens, Boys</li><li>Package Contains - 1 Pairs Sport Running Shoes</li></ul><h3>Additional Information</h3><p>Manufacturer</p><p>BRUTON - INDIA, BRUTON - INDIA</p><p>Packer</p><p>BRUTON - INDIA</p><p>Importer</p><p>BRUTON - INDIA</p><p>Item Weight</p><p>400 g</p><p>Item Dimensions LxWxH</p><p>23 x 10 x 6 Centimeters</p><p>Net Quantity</p><p>1.00 Pair</p><p>Generic Name</p><p>BRUTON Running ShoesShoes</p>', NULL, '2023-05-01 14:39:15', '2023-05-01 14:39:15', 'YES'),
(18, 2, 4, 38, 6, 4, 'Exclusive mean shoe', 770.00, 499.00, 'flat', 271.00, '20230501024415650.jpeg', '20230501024415923.jpeg', '20230501024415950.jpeg', '20230501024415621.jpeg', '', '<p><i>Exclusive mean shoe&nbsp;</i></p><p>&nbsp;</p><p><i>Best selling shoes&nbsp;</i></p><p>&nbsp;</p><p><i>Stylish&nbsp;</i></p><p><i>Washable&nbsp;</i></p><p><i>Comfortable&nbsp;</i></p><p>&nbsp;</p><p><i>Make in india product&nbsp;</i></p>', NULL, '2023-05-01 14:44:15', '2023-05-01 14:44:15', 'YES'),
(19, 2, 3, 14, 15, 6, 'Girls topware', 499.00, 449.00, 'flat', 50.00, '20230501105913192.jpeg', '20230501105913318.jpeg', '20230501105913115.jpeg', '', '', '<h2>Mirchi girl western topwear</h2>', NULL, '2023-05-01 22:59:13', '2023-05-01 22:59:13', 'YES'),
(20, 2, 3, 6, 15, 6, 'Kurti for girls', 799.00, 750.00, 'flat', 49.00, '20230501110436625.jpg', '20230501110436724.jpg', '20230501110436356.jpg', '20230501110436582.jpg', '', '<p>Embroidery, Sequins, Zari, Print &amp; Gotapatti</p><p>Wash care</p><p>Hand wash with mild detergent</p><p>Type</p><p>Stitched</p><p>Sleeves</p><p>3/4th Sleeves</p><p>Packet Content</p><p>1N Kurti</p><p>Neck</p><p>Round Neck</p><p>Fit</p><p>Regular Fit</p><p>Fabric</p><p>Cotton</p><p>Country of Origin</p><p>India</p><p>Color</p><p>PinkPink</p>', NULL, '2023-05-01 23:04:36', '2023-05-01 23:04:36', 'YES'),
(22, 2, 3, 6, 15, 6, 'Women kurti', 550.00, 480.00, 'flat', 70.00, '20230501111038558.jpg', '20230501111038401.jpg', '20230501111038782.webp', '', '', '<h2><a href=\"javascript:void(0)\"><strong>Product DetailsAbout this Item</strong></a></h2><p>Material Composition</p><p>Fabric Crepe : American Crepe</p><p>Care Instructions</p><p>Machine Wash</p><p>Length</p><p>Calf Length</p><p>Style</p><p>Regular</p><p>Country of Origin</p><p>India</p><h3><strong>About this Item</strong></h3><ul><li>Material : 100% American Crepe with 3 th Sleeves.</li><li>Occasion: Fusion Wear, Indo-Western, Casual</li><li>Available Sizes: S, M, L, XL, XXL,3XL</li><li>Wash Care: Gently hand wash the Kurti Or Dry Clean. Use Mild detergent or Soap. Wash Dark Colors Separately in cold water as dark colors may bleed into light colored clothes.</li><li>Do not Twist or Tumble. Do Not Bleach. Dry In Shade away from Direct Sunlight. Iron briskly at medium temperature.</li></ul><p>Manufacturer</p><p>VHCK ENTERPRISE</p><p>Item Weight</p><p>150 gggg</p>', NULL, '2023-05-01 23:10:38', '2023-05-01 23:10:38', 'YES'),
(23, 1, 1, 47, 11, 2, 'MIRROR', 50.00, 30.00, 'flat', 20.00, '20230501111404682.jpg', '', '', '', '', '<p>BEST QUALITY&nbsp;</p>', NULL, '2023-05-01 23:14:04', '2023-05-01 23:14:04', 'YES'),
(24, 2, 3, 6, 15, 6, 'Kurti for women', 550.00, 480.00, 'flat', 70.00, '20230501111526899.webp', '20230501111526162.webp', '20230501111526564.webp', '20230501111526442.webp', '', '<h2><a href=\"javascript:void(0)\"><strong>Product DetailsAbout this Item</strong></a></h2><p>Material Composition</p><p>Fabric Crepe : American Crepe</p><p>Care Instructions</p><p>Machine Wash</p><p>Length</p><p>Calf Length</p><p>Style</p><p>Regular</p><p>Country of Origin</p><p>India</p><h3><strong>About this Item</strong></h3><ul><li>Material : 100% American Crepe with 3 th Sleeves.</li><li>Occasion: Fusion Wear, Indo-Western, Casual</li><li>Available Sizes: S, M, L, XL, XXL,3XL</li><li>Wash Care: Gently hand wash the Kurti Or Dry Clean. Use Mild detergent or Soap. Wash Dark Colors Separately in cold water as dark colors may bleed into light colored clothes.</li><li>Do not Twist or Tumble. Do Not Bleach. Dry In Shade away from Direct Sunlight. Iron briskly at medium temperature.</li></ul><p>Manufacturer</p><p>VHCK ENTERPRISE</p><p>Item Weight</p><p>150 gg</p>', NULL, '2023-05-01 23:15:26', '2023-05-01 23:15:26', 'YES'),
(25, 2, 3, 6, 15, 6, 'Kurti', 450.00, 370.00, 'flat', 80.00, '20230501112041253.webp', '20230501112041759.webp', '20230501112041222.webp', '20230501112041220.webp', '20230501112041.webp', '<h2><a href=\"javascript:void(0)\"><strong>Product DetailsAbout this Item</strong></a></h2><p>Material Composition</p><p>100% Cotton</p><p>Style</p><p>Regular</p><p>Neck Style</p><p>Round Neck</p><p>Pattern</p><p>Embroidered</p><p>Country of Origin</p><p>India</p><h3><strong>About this Item</strong></h3><ul><li>Material: 100% Cotton</li><li>Number of items: 1</li><li>\"For best experience, do not soak the product before wash\"</li><li>Round Neck with Three Quarter Sleeve</li><li>Machine wash cold, wash dark colors separately, do not bleach, tumble dry low, warm iron</li><li>Perfect for casual wear</li></ul><h3><strong>Description</strong></h3><p>Stay on trend with Myx Casual and Work Wear Kurtis, and discover a whole new personal style. Inspired by global and Indian crafts, these kurtis are designed in a variety of solids, prints and embroideries- with a contemporary twist. Crafted with the utmost care to provide you the latest fashion with comfort this kurti is made in natural, soft fabric that falls well and is comfortable to the skin. Style with slim pants, palazzos or leggings and strappy sandals. Make a statement when you step in for work or for a casual day out with your friends.</p><p>Manufacturer</p><p>Myx</p><p>Item Weight</p><p>130 g</p><p>Generic Name</p><p>KurtiKurti</p>', NULL, '2023-05-01 23:20:41', '2023-05-01 23:20:41', 'YES'),
(26, 2, 3, 6, 15, 6, 'Kurti', 550.00, 528.00, 'flat', 22.00, '20230501112256486.webp', '20230501112256744.webp', '20230501112256304.webp', '20230501112256590.webp', '20230501112256.webp', '<h2><a href=\"javascript:void(0)\"><strong>Product DetailsAbout this Item</strong></a></h2><p>Material Composition</p><p>100% Cotton</p><p>Style</p><p>Regular</p><p>Neck Style</p><p>Round Neck</p><p>Pattern</p><p>Embroidered</p><p>Country of Origin</p><p>India</p><h3><strong>About this Item</strong></h3><ul><li>Material: 100% Cotton</li><li>Number of items: 1</li><li>\"For best experience, do not soak the product before wash\"</li><li>Round Neck with Three Quarter Sleeve</li><li>Machine wash cold, wash dark colors separately, do not bleach, tumble dry low, warm iron</li><li>Perfect for casual wear</li></ul><h3><strong>Description</strong></h3><p>Stay on trend with Myx Casual and Work Wear Kurtis, and discover a whole new personal style. Inspired by global and Indian crafts, these kurtis are designed in a variety of solids, prints and embroideries- with a contemporary twist. Crafted with the utmost care to provide you the latest fashion with comfort this kurti is made in natural, soft fabric that falls well and is comfortable to the skin. Style with slim pants, palazzos or leggings and strappy sandals. Make a statement when you step in for work or for a casual day out with your friends.</p><p>Manufacturer</p><p>Myx</p><p>Item Weight</p><p>130 g</p><p>Generic Name</p><p>KurtiKurti</p>', NULL, '2023-05-01 23:22:56', '2023-05-01 23:22:56', 'YES'),
(27, 2, 3, 18, 15, 6, 'Stylish ladies hand bag', 665.00, 559.00, 'flat', 106.00, '20230501112923609.webp', '20230501112923604.webp', '20230501112923951.webp', NULL, NULL, '<h2><a href=\"javascript:void(0)\"><strong>Product DetailsAbout this Item</strong></a></h2><p>Material Type</p><p>Velvet, Polyurethane Leather</p><p>Closure Type</p><p>Zipper</p><p>Strap Type</p><p>Adjustable</p><p>Occasion Type</p><p>Casual</p><p>Country of Origin</p><p>India</p><h3><strong>About this Item</strong></h3><ul><li>Exclusive Latest design by Fargo.</li><li>Super spacious so you can carry your world around</li><li>Big compartment to carry daily essentials.</li><li>Double handle with zip closure; Made up of soft PU Leather; Inner Material Type: Velvet</li><li>Outer Material Type: Polyurethane</li></ul><h3><strong>Description</strong></h3><p>&nbsp;</p><p>Complement your contemporary look with this stylish, cross-body handbag.&nbsp;Fargo presents a handbag which is perfect to carry at work or adorn casually. Crafted from high-quality faux leather, this bag opens to a sizable interior, perfect to stow&nbsp;your essentials and is detailed with polished hardware for a sleek finish. It features an adjustable strap for easy carry and a zip closure for your valuables. Match with casuals or ethnic wear for a complete look.</p><p>Obsessed about the quality:&nbsp;To create timeless products, quality is foremost. That\'s why, we have hand-picked and sourced our artisans, leather, threads and all other materials of the very best quality.</p><p>About brand</p><p>With simple yet elegant designs, Fargo&nbsp;tries to stand out when it comes to style,&nbsp;quality, and relevance. Our products are designed by experts with high proficiency to meet superior&nbsp;quality standards and highlighting all precise details.</p><p>&nbsp;</p><p>Manufacturer</p><p>Retail Grapple</p><p>Item Weight</p><p>380 g</p><p>Item Dimensions LxWxH</p><p>30 x 8 x 20 Centimeters</p><p>Net Quantity</p><p>3.00 count</p><p>Included Components</p><p>HandbagHandbag</p>', NULL, '2023-05-01 23:29:23', '2023-05-01 23:38:52', 'NO'),
(28, 2, 3, 18, 15, 6, 'Hand bag for girls and womens', 775.00, 599.00, 'percentage', 0.23, '20230501113337840.webp', '20230501113337343.webp', '20230501113337623.webp', '20230501113337506.webp', '', '<h2><a href=\"javascript:void(0)\"><strong>Product DetailsAbout this Item</strong></a></h2><p>Material Type</p><p>Polyurethane</p><p>Closure Type</p><p>Zipper</p><p>Strap Type</p><p>Shoulder</p><p>Number Of Pockets</p><p>1</p><p>Country of Origin</p><p>India</p><h3><strong>About this Item</strong></h3><ul><li>Material: Leather</li><li>FEATURES: The top handle Satchel Handbags comes with a long removable shoulder strap and unique ornaments, Show elegant lady charm. Comes with 3 Pcs. Set</li><li>Material - Artificial Leather with elegant look and high end finish. Strong and premium fabric lining inside.</li><li>Perfect for holding small stuffs, such as your cellphone, wallet, papers, tissue, cosmetic and so on</li><li>Closure Type: Zip,Flap Strap Type: Hand-Carry</li></ul><p>Manufacturer</p><p>Like Style</p><p>Packer</p><p>Like Style</p><p>Item Weight</p><p>485 g</p><p>Item Dimensions LxWxH</p><p>30 x 8 x 24 Centimeters</p><p>Net Quantity</p><p>3.00 Set</p><p>Included Components</p><p>HandbagHandbagHandbagHandbagHandHandbag</p>', NULL, '2023-05-01 23:33:37', '2023-05-01 23:33:37', 'NO'),
(29, 2, 3, 18, 15, 6, 'Hand bag for girls and women', 799.00, 455.00, 'percentage', 0.43, '20230501113534175.webp', '20230501113534758.webp', '20230501113534564.webp', '20230501113534650.webp', '20230501113534.webp', '<h2><a href=\"javascript:void(0)\"><strong>Product DetailsAbout this Item</strong></a></h2><p>Material Type</p><p>Polyurethane</p><p>Closure Type</p><p>Zipper</p><p>Strap Type</p><p>Shoulder</p><p>Number Of Pockets</p><p>1</p><p>Country of Origin</p><p>India</p><h3><strong>About this Item</strong></h3><ul><li>Material: Leather</li><li>FEATURES: The top handle Satchel Handbags comes with a long removable shoulder strap and unique ornaments, Show elegant lady charm. Comes with 3 Pcs. Set</li><li>Material - Artificial Leather with elegant look and high end finish. Strong and premium fabric lining inside.</li><li>Perfect for holding small stuffs, such as your cellphone, wallet, papers, tissue, cosmetic and so on</li><li>Closure Type: Zip,Flap Strap Type: Hand-Carry</li></ul><p>Manufacturer</p><p>Like Style</p><p>Packer</p><p>Like Style</p><p>Item Weight</p><p>485 g</p><p>Item Dimensions LxWxH</p><p>30 x 8 x 24 Centimeters</p><p>Net Quantity</p><p>3.00 Set</p><p>Included Components</p><p>HandbagHandbag</p>', NULL, '2023-05-01 23:35:34', '2023-05-01 23:35:34', 'NO'),
(30, 2, 3, 14, 6, 4, 'Girls topwear', 399.00, 250.00, 'flat', 149.00, '20230502040512447.webp', '20230502040512289.webp', '20230502040512701.webp', '20230502040512699.webp', '20230502040512.webp', '<h2><strong>Product Details</strong></h2><p>Name&nbsp;:&nbsp;100% Cotton ladies Printed T-shirt, Half Sleeves, Round Neck, Pack of 1, Export Quality, Regular Machine Wash (Black)</p><p>Fabric&nbsp;:&nbsp;Cotton Blend</p><p>Sleeve Length&nbsp;:&nbsp;Short Sleeves</p><p>Pattern&nbsp;:&nbsp;Printed</p><p>Net Quantity (N)&nbsp;:&nbsp;1</p><p>Sizes&nbsp;:&nbsp;</p><p>S (Bust Size&nbsp;:&nbsp;32 in, Length Size: 24 in)</p><p>M (Bust Size&nbsp;:&nbsp;34 in, Length Size: 24 in)</p><p>L (Bust Size&nbsp;:&nbsp;36 in, Length Size: 24 in)</p><p>XL (Bust Size&nbsp;:&nbsp;38 in, Length Size: 24 in)</p><p>XXL (Bust Size&nbsp;:&nbsp;40 in, Length Size: 24 in)</p><p>&nbsp;</p><p>A R Fashion Presents This Printed T-shirt, Elevate your wardrobe with this trendy printed women\'s t-shirt that comes in a regular fit design. This t-shirt is perfect for daily use and adds a touch of fashion to any casual outfit. The new trendy design and vibrant print make it a must-have for every fashionista\'s wardrobe.</p><p>Country of Origin&nbsp;:&nbsp;IndiaIndia</p>', NULL, '2023-05-02 16:05:12', '2023-05-02 16:05:12', 'YES'),
(31, 2, 3, 8, 6, 4, 'Girls casual shirts topwear', 499.00, 449.00, 'flat', 50.00, '20230502041226409.jpg', '20230502041226451.jpg', '20230502041226962.webp', '20230502041226643.webp', '20230502041226.webp', '<h2><a href=\"javascript:void(0)\"><strong>Product DetailsAbout this Item</strong></a></h2><p>Material Composition</p><p>Crepe</p><p>Style</p><p>Casual Shirt All</p><p>Neck Style</p><p>Collared</p><p>Pattern</p><p>Solid</p><p>Country of Origin</p><p>India</p><h3><strong>About this Item</strong></h3><ul><li>High Quality Material-- womens sexy deep v neck sweatshirt are made of 35%cotton+60%Polyester+5%Spandex, soft and comfortable to wear, looks so comfy and cozy</li><li>Button closure . We Suggest That You have Your Body Measurements Taken First, and Then Refer to Our Size Chart Before Order</li><li>Unique Features-- sexy v neck, long sleeve, button down, tops with drawstring pullover, relaxed fit, henley shirts, cute hooded sweatshirt for women, subtle side slits, trendy and dressy tops for women, plain shirts, cute t shirts, casual style</li><li>Various Occasion-- The casual loose hooded drawstring sweatshirts can be worn for lounging around the house, parties, honeymoon, bedroom, holiday, and everyday wear. Great pair with skinny jeans, skirt, classic jeans, pants, leggings, sports shoes for a stylish looks</li><li>The Best Gift--- Suitable for Women, Teen Girls, Ladies, Juniors. Perfect for Spring, Summer, Fall, Autum and Winter. This is a Best Gift for Your Wife, Girlfriend, Mom, Daughter or Friends</li></ul><h3><strong>Description</strong></h3><p>Basic Information about Hoodie Henly Shirt Tunic Tops with Drawstring Type: Tunic Tops Color: Black, Navy Blue, White, Red Gender: Women, Juniors, Ladies, Teen Girls Sleeve: long sleeves Collar: V Neck Shirt Fit: loose fitting Season: Spring, Fall, Autumn, Winter Occasion: Office, Work, Date, Party, Street, Everyday Wear, Vacation, Club, Party, Homecoming its just in time for your most casual days Incredibly soft and super fashionable, you can be worn as one off the shoulder This drawstring pullover tunic tops is very comfortable, can wear with jeans, leggings, skinny jeans, high heels, boots, and you can wear it with a coat outside in cold days The uniquely Stretchy, Knit Fabrication keeps you fresh in the fall, and warm in the winter, offering the perfect balanced Shirt you can find</p><p>Manufacturer</p><p>Leriya Fashion, Leriya Fashion - Surat - Gujrat - 9879525010 Add :- 102 Upper Ground Shivkrupa Building Asharwala Compound, Opp. Bambawadi Surat Gujarat India 395972</p><p>Packer</p><p>Leriya Fashion - Surat - Gujrat - 9879525010 Add :- 102 Upper Ground Shivkrupa Building Asharwala Compound, Opp. Bambawadi Surat Gujarat India 395972</p><p>Importer</p><p>Dhrvui Trendz - Surat-Gujrat - 97379 95010 102 Upper Ground Shivkrupa Building Asharwala Compound, Opp. Bambawadi Surat Gujarat India 395004</p><p>Item Weight</p><p>300 g</p><p>Item Dimensions LxWxH</p><p>30 x 10 x 3 Centimeters</p><p>Net Quantity</p><p>1.00 count</p><p>Included Components</p><p>1 TOP</p><p>Generic Name</p><p>Women\'s WearWear</p>', NULL, '2023-05-02 16:12:26', '2023-05-02 16:12:26', 'YES'),
(32, 1, 1, 47, 11, 2, 'MIRROR', 50.00, 30.00, 'flat', 20.00, '20230504091551742.jpg', '20230504091551574.jpg', '', '', '', NULL, NULL, '2023-05-04 09:15:51', '2023-05-04 09:15:51', 'YES'),
(33, 1, 25, 58, 11, 2, 'PANI PURI MASALA', 50.00, 35.00, 'flat', 15.00, '20230504092613818.png', '20230504092613195.png', '', '', '', '<p>BEST PANI PURI MASALA.</p>', NULL, '2023-05-04 09:26:13', '2023-05-04 09:26:13', 'YES');

-- --------------------------------------------------------

--
-- Table structure for table `product_colors`
--

CREATE TABLE `product_colors` (
  `id` bigint(20) UNSIGNED NOT NULL,
  `merchant_id` bigint(20) DEFAULT NULL,
  `product_id` bigint(20) DEFAULT NULL,
  `color` varchar(255) COLLATE utf8mb4_unicode_ci DEFAULT NULL,
  `image` varchar(255) COLLATE utf8mb4_unicode_ci DEFAULT NULL,
  `created_at` timestamp NULL DEFAULT NULL,
  `updated_at` timestamp NULL DEFAULT NULL
) ENGINE=InnoDB DEFAULT CHARSET=utf8mb4 COLLATE=utf8mb4_unicode_ci;

--
-- Dumping data for table `product_colors`
--

INSERT INTO `product_colors` (`id`, `merchant_id`, `product_id`, `color`, `image`, `created_at`, `updated_at`) VALUES
(5, 1, 2, 'blue', '20230401013443626.jpg', '2023-04-01 08:04:43', '2023-04-04 07:47:46'),
(6, 1, 2, 'red', '20230401013443354.jpg', '2023-04-01 08:04:43', '2023-04-04 07:47:46'),
(8, 6, 12, 'red', '20230501015950868.jpg', '2023-05-01 13:59:50', '2023-05-01 13:59:50'),
(9, 6, 13, 'black', '20230501020752519.jpg', '2023-05-01 14:07:52', '2023-05-01 14:07:52'),
(10, 6, 14, 'blue', '20230501021430808.webp', '2023-05-01 14:14:30', '2023-05-01 14:14:30'),
(11, 6, 17, 'green', '20230501023915262.webp', '2023-05-01 14:39:15', '2023-05-01 14:39:15'),
(12, 15, 22, 'black', '20230501111038939.webp', '2023-05-01 23:10:38', '2023-05-01 23:10:38'),
(13, 15, 24, 'blue', '20230501111526408.webp', '2023-05-01 23:15:26', '2023-05-01 23:15:26'),
(14, 15, 26, 'green', '20230501112256326.webp', '2023-05-01 23:22:56', '2023-05-01 23:22:56'),
(15, 6, 31, 'white', '20230502041226673.webp', '2023-05-02 16:12:26', '2023-05-02 16:12:26'),
(16, 11, 32, 'white', '20230504091551435.jpg', '2023-05-04 09:15:51', '2023-05-04 09:15:51'),
(17, 11, 33, 'blue', '20230504092613913.png', '2023-05-04 09:26:13', '2023-05-04 09:26:13');

-- --------------------------------------------------------

--
-- Table structure for table `product_details`
--

CREATE TABLE `product_details` (
  `id` bigint(20) UNSIGNED NOT NULL,
  `product_id` int(11) DEFAULT NULL,
  `attr_type` varchar(255) COLLATE utf8mb4_unicode_ci DEFAULT NULL,
  `attr_value` varchar(255) COLLATE utf8mb4_unicode_ci DEFAULT NULL,
  `market_price` double(8,2) DEFAULT NULL,
  `sale_price` double(8,2) DEFAULT NULL,
  `stock` int(11) DEFAULT NULL,
  `created_at` timestamp NULL DEFAULT NULL,
  `updated_at` timestamp NULL DEFAULT NULL
) ENGINE=InnoDB DEFAULT CHARSET=utf8mb4 COLLATE=utf8mb4_unicode_ci;

--
-- Dumping data for table `product_details`
--

INSERT INTO `product_details` (`id`, `product_id`, `attr_type`, `attr_value`, `market_price`, `sale_price`, `stock`, `created_at`, `updated_at`) VALUES
(4, 2, 'Size', 'XL', 120.00, 110.00, 17, NULL, '2023-04-04 07:47:46'),
(5, 2, 'Size', 'XXL', 150.00, 145.00, 30, NULL, '2023-04-04 07:47:46'),
(6, 3, 'Quantity', '15kg', 1200.00, 1190.00, 14, NULL, '2023-04-04 07:48:20'),
(7, 3, 'Quantity', '25kg', 1800.00, 1750.00, 30, NULL, '2023-04-04 07:48:20'),
(8, 4, 'Size', '38', 250.00, 240.00, 19, NULL, '2023-04-04 07:48:30'),
(9, 4, 'Size', '40', 260.00, 250.00, 19, NULL, '2023-04-04 07:48:30'),
(10, 5, 'Quantity', '1kg', 80.00, 70.00, 0, NULL, '2023-04-04 07:48:37'),
(11, 5, 'Quantity', '500g', 40.00, 35.00, 17, NULL, '2023-04-04 07:48:37'),
(12, 5, 'Quantity', '5kg', 380.00, 350.00, 10, NULL, '2023-04-04 07:48:37'),
(13, 7, 'Quantity', '1 kg', 75.00, 55.00, 499, '2023-04-28 11:50:56', '2023-04-28 11:50:56'),
(14, 9, 'Measurement', '5kg', 300.00, 275.00, 100, '2023-05-01 09:15:42', '2023-05-01 09:15:42'),
(15, 9, 'Measurement', '10 kg', 600.00, 525.00, 100, '2023-05-01 09:15:42', '2023-05-01 09:15:42'),
(16, 9, 'Measurement', '1 kg', 65.00, 50.00, 500, '2023-05-01 09:15:42', '2023-05-01 09:15:42'),
(17, 10, 'Measurement', '6,7,8,9,10', 499.00, 449.00, 100, '2023-05-01 13:47:32', '2023-05-01 13:47:32'),
(18, 11, 'Size', '6,7,8,9,10', 599.00, 499.00, 1000, '2023-05-01 13:56:38', '2023-05-01 13:56:38'),
(19, 12, 'Size', '6,7,8,9,10', 750.00, 620.00, 50, '2023-05-01 13:59:50', '2023-05-01 13:59:50'),
(20, 13, 'Size', '6,7,8,9,10', 399.00, 249.00, 100, '2023-05-01 14:07:52', '2023-05-01 14:07:52'),
(21, 14, 'Size', '6,7,8,9,10', 399.00, 270.00, 75, '2023-05-01 14:14:30', '2023-05-01 14:14:30'),
(22, 15, 'Size', '6,7,8,9,10', 420.00, 370.00, 20, '2023-05-01 14:22:58', '2023-05-01 14:22:58'),
(23, 16, 'Size', '6,7,8,9,10', 790.00, 640.00, 30, '2023-05-01 14:36:26', '2023-05-01 14:36:26'),
(24, 17, 'Size', '6,7,8,9,10', 720.00, 640.00, 6, '2023-05-01 14:39:15', '2023-05-01 14:39:15'),
(25, 18, 'Size', '6,7,8,9,10', 770.00, 649.00, 23, '2023-05-01 14:44:15', '2023-05-01 14:44:15'),
(26, 19, 'Size', 'M,L,LX,XXL', 499.00, 449.00, 10, '2023-05-01 22:59:13', '2023-05-01 22:59:13'),
(27, 20, 'Size', 'M,L,LX,XXL', NULL, NULL, NULL, '2023-05-01 23:04:36', '2023-05-01 23:04:36'),
(29, 22, 'Size', 'M,L,XL,XXL', 550.00, 480.00, 12, '2023-05-01 23:10:38', '2023-05-01 23:10:38'),
(30, 24, 'Size', 'M,L,XL,XXL', 550.00, 480.00, 12, '2023-05-01 23:15:26', '2023-05-01 23:15:26'),
(31, 25, 'Size', 'M,L,LX,XXL', 450.00, 370.00, 12, '2023-05-01 23:20:41', '2023-05-01 23:20:41'),
(32, 26, 'Size', 'M,L,XL,XXL', 550.00, 428.00, 2, '2023-05-01 23:22:56', '2023-05-01 23:22:56'),
(33, 27, NULL, 'NA', 560.00, 555.00, 12, '2023-05-01 23:38:52', '2023-05-01 23:38:52'),
(34, 30, 'Size', 'M,L,XL,XXL', 450.00, 320.00, 23, '2023-05-02 16:05:12', '2023-05-02 16:05:12'),
(35, 31, 'Size', 'M,L,XL,XXL', 499.00, 449.00, 4, '2023-05-02 16:12:26', '2023-05-02 16:12:26'),
(36, 32, 'Measurement', '1 KG', 50.00, 30.00, 50, '2023-05-04 09:15:51', '2023-05-04 09:15:51'),
(37, 33, 'Size', '50G', 50.00, 35.00, 50, '2023-05-04 09:26:13', '2023-05-04 09:26:13');

-- --------------------------------------------------------

--
-- Table structure for table `ratings`
--

CREATE TABLE `ratings` (
  `id` bigint(20) UNSIGNED NOT NULL,
  `user_id` bigint(20) NOT NULL,
  `product_id` bigint(20) NOT NULL,
  `review` varchar(20) COLLATE utf8mb4_unicode_ci DEFAULT NULL,
  `rating` decimal(8,1) DEFAULT NULL,
  `created_at` timestamp NULL DEFAULT NULL,
  `updated_at` timestamp NULL DEFAULT NULL
) ENGINE=InnoDB DEFAULT CHARSET=utf8mb4 COLLATE=utf8mb4_unicode_ci;

--
-- Dumping data for table `ratings`
--

INSERT INTO `ratings` (`id`, `user_id`, `product_id`, `review`, `rating`, `created_at`, `updated_at`) VALUES
(1, 14, 2, NULL, '4.5', '2023-04-03 11:27:40', '2023-04-03 11:27:40'),
(2, 14, 3, 'nice product', '4.5', '2023-04-03 14:38:05', '2023-04-03 14:38:05'),
(3, 14, 5, 'good quality rice', '3.5', '2023-04-03 14:49:54', '2023-04-03 14:49:54'),
(4, 14, 4, 'nice product', '4.0', '2023-04-03 14:48:36', '2023-04-03 14:48:36');

-- --------------------------------------------------------

--
-- Table structure for table `razorpays`
--

CREATE TABLE `razorpays` (
  `id` bigint(20) UNSIGNED NOT NULL,
  `key_id` varchar(255) COLLATE utf8mb4_unicode_ci NOT NULL,
  `secret_id` varchar(255) COLLATE utf8mb4_unicode_ci NOT NULL,
  `created_at` timestamp NULL DEFAULT NULL,
  `updated_at` timestamp NULL DEFAULT NULL
) ENGINE=InnoDB DEFAULT CHARSET=utf8mb4 COLLATE=utf8mb4_unicode_ci;

--
-- Dumping data for table `razorpays`
--

INSERT INTO `razorpays` (`id`, `key_id`, `secret_id`, `created_at`, `updated_at`) VALUES
(1, 'rzp_test_ebK20xgGjxzncm', 'PHXbcSqPz9lFK7MhAvRF4s3W', '2023-03-14 10:28:47', '2023-03-14 10:28:47');

-- --------------------------------------------------------

--
-- Table structure for table `recentlyvieweds`
--

CREATE TABLE `recentlyvieweds` (
  `id` bigint(20) UNSIGNED NOT NULL,
  `image` varchar(255) COLLATE utf8mb4_unicode_ci DEFAULT NULL,
  `link` varchar(255) COLLATE utf8mb4_unicode_ci DEFAULT NULL,
  `created_at` timestamp NULL DEFAULT NULL,
  `updated_at` timestamp NULL DEFAULT NULL
) ENGINE=InnoDB DEFAULT CHARSET=utf8mb4 COLLATE=utf8mb4_unicode_ci;

-- --------------------------------------------------------

--
-- Table structure for table `search_products`
--

CREATE TABLE `search_products` (
  `id` bigint(20) UNSIGNED NOT NULL,
  `user_id` bigint(20) NOT NULL,
  `product_id` bigint(20) NOT NULL,
  `created_at` timestamp NULL DEFAULT NULL,
  `updated_at` timestamp NULL DEFAULT NULL
) ENGINE=InnoDB DEFAULT CHARSET=utf8mb4 COLLATE=utf8mb4_unicode_ci;

-- --------------------------------------------------------

--
-- Table structure for table `services`
--

CREATE TABLE `services` (
  `id` bigint(20) UNSIGNED NOT NULL,
  `service` varchar(100) COLLATE utf8mb4_unicode_ci NOT NULL,
  `keyword` varchar(100) COLLATE utf8mb4_unicode_ci NOT NULL,
  `description` text COLLATE utf8mb4_unicode_ci NOT NULL,
  `image` varchar(255) COLLATE utf8mb4_unicode_ci NOT NULL,
  `created_at` timestamp NULL DEFAULT NULL,
  `updated_at` timestamp NULL DEFAULT NULL
) ENGINE=InnoDB DEFAULT CHARSET=utf8mb4 COLLATE=utf8mb4_unicode_ci;

--
-- Dumping data for table `services`
--

INSERT INTO `services` (`id`, `service`, `keyword`, `description`, `image`, `created_at`, `updated_at`) VALUES
(1, 'E-COMMERCE', 'e-commerce', 'You can sale or purchase anything from nearest marketplace with COD & instant delivery.', '20230304105211.jpeg', '2023-03-04 05:22:11', '2023-03-04 05:22:11'),
(2, 'DELIVERY AND COURIER', 'delivery-and-courier', 'Send or booking product or package to your customer or relatives within the city.', '20230304105933.jpeg', '2023-03-04 05:23:09', '2023-03-04 05:29:33'),
(3, 'TRANSPORTATION', 'transportation', 'Book a Bike, Toto , Auto , Car instantly or hire any type of car to travel', '20230304110148.jpeg', '2023-03-04 05:25:57', '2023-03-04 05:31:48'),
(4, 'DOORSTEP SERVICE', 'doorstep-service', 'A to Z doorstep service book instantly & also you can register as a service merchant.', '20230304105703.jpeg', '2023-03-04 05:27:03', '2023-03-04 05:27:03'),
(5, 'MEDICAL SERVICE', 'medical-service', 'Get online appointment & consultation with verified doctors & lab test.', '20230304110006.jpeg', '2023-03-04 05:27:54', '2023-03-04 05:30:06'),
(6, 'APPOINTMENTS', 'appointments', 'Get online appointment an consultation with Civil Engineers , Lawyers , Astrologers etc.', '20230304110030.jpeg', '2023-03-04 05:28:57', '2023-03-04 05:30:30');

-- --------------------------------------------------------

--
-- Table structure for table `service_charges`
--

CREATE TABLE `service_charges` (
  `id` bigint(20) UNSIGNED NOT NULL,
  `value` double(8,2) NOT NULL,
  `created_at` timestamp NULL DEFAULT NULL,
  `updated_at` timestamp NULL DEFAULT NULL
) ENGINE=InnoDB DEFAULT CHARSET=utf8mb4 COLLATE=utf8mb4_unicode_ci;

--
-- Dumping data for table `service_charges`
--

INSERT INTO `service_charges` (`id`, `value`, `created_at`, `updated_at`) VALUES
(1, 100.00, '2023-03-29 11:28:13', '2023-04-26 17:39:51');

-- --------------------------------------------------------

--
-- Table structure for table `shops`
--

CREATE TABLE `shops` (
  `id` bigint(20) UNSIGNED NOT NULL,
  `merchant_id` bigint(20) DEFAULT NULL,
  `name` varchar(255) COLLATE utf8mb4_unicode_ci DEFAULT NULL,
  `description` text COLLATE utf8mb4_unicode_ci DEFAULT NULL,
  `address` text COLLATE utf8mb4_unicode_ci DEFAULT NULL,
  `lat` text COLLATE utf8mb4_unicode_ci DEFAULT NULL,
  `long` text COLLATE utf8mb4_unicode_ci DEFAULT NULL,
  `image` varchar(255) COLLATE utf8mb4_unicode_ci DEFAULT NULL,
  `status` varchar(20) COLLATE utf8mb4_unicode_ci DEFAULT NULL,
  `created_at` timestamp NULL DEFAULT NULL,
  `updated_at` timestamp NULL DEFAULT NULL
) ENGINE=InnoDB DEFAULT CHARSET=utf8mb4 COLLATE=utf8mb4_unicode_ci;

--
-- Dumping data for table `shops`
--

INSERT INTO `shops` (`id`, `merchant_id`, `name`, `description`, `address`, `lat`, `long`, `image`, `status`, `created_at`, `updated_at`) VALUES
(1, 1, 'Test Shop', '<p>Best shop in Kolkata</p>', 'Near Jadavpur University', '88.3714', '22.4989', NULL, 'active', '2023-04-03 20:34:15', '2023-04-03 20:34:15'),
(2, 11, 'UDAY SAHA', '<p>BEST QUALITY CLOTH MAN AND WOMEN</p>', 'DHARMANAGAR', '5', '10', NULL, 'active', '2023-04-28 09:41:54', '2023-04-28 09:41:54'),
(3, 2, 'S. Mondal', '<p>Good shop</p>', 'Gopalnagar', '23.0618481', '88.7564960', NULL, 'active', '2023-05-01 09:10:19', '2023-05-01 09:10:19'),
(4, 6, 'Maa enterprise', '<h2>Shoe house</h2>', 'Khalpara,uttar dangapara,ulladabri,maynaguri,jalpaiguri,735224', '26.537588', '88.794230', NULL, 'active', '2023-05-01 13:38:22', '2023-05-01 13:38:22'),
(5, 14, 'Loknath vararities', 'Good', 'Ranir bazar  Noagaon', '99', '99', NULL, 'active', '2023-05-01 14:48:13', '2023-05-01 14:48:13'),
(6, 15, 'Biker', '<p>Super bike drive</p><p>&nbsp;Easy Drive&nbsp;</p><p>Fast andand Safe Drive&nbsp;</p><p>Bike Ducakti monster</p><p>&nbsp;</p>', 'Khalpara,uttar dangapara,ulladabri,maynaguri,jalpaiguri,735224', '26.528055', '88799977', NULL, 'active', '2023-05-01 17:41:30', '2023-05-01 17:41:30'),
(7, 1, 'Masood Ali', '<p>Testing</p>', 'qasim bela road', '20.31', '30.1', NULL, 'inactive', '2023-05-07 02:04:40', '2023-05-07 02:04:52');

-- --------------------------------------------------------

--
-- Table structure for table `state`
--

CREATE TABLE `state` (
  `id` int(11) NOT NULL,
  `state` varchar(100) NOT NULL,
  `code` text NOT NULL
) ENGINE=InnoDB DEFAULT CHARSET=latin1;

--
-- Dumping data for table `state`
--

INSERT INTO `state` (`id`, `state`, `code`) VALUES
(1, 'Andaman & Nicobar Islands', 'AN'),
(2, 'Andhra Pradesh', 'AD'),
(3, 'Arunachal Pradesh', 'AR'),
(4, 'Assam', 'AS'),
(5, 'Bihar', 'BR'),
(6, 'Chandigarh', 'CH'),
(7, 'Chhattisgarh', 'CG'),
(8, 'Dadra & Nagar Haveli', 'DN'),
(9, 'Daman & Diu', 'DD'),
(10, 'Delhi', 'DL'),
(11, 'Goa', 'GA'),
(12, 'Gujarat', 'GJ'),
(13, 'Haryana', 'HR'),
(14, 'Himachal Pradesh', 'HP'),
(15, 'Jammu & Kashmir', 'JK'),
(16, 'Jharkhand', 'JH'),
(17, 'Karnataka', 'KA'),
(18, 'Kerala', 'KL'),
(19, 'Lakshadweep', 'LD'),
(20, 'Madhya Pradesh', 'MP'),
(21, 'Maharashtra', 'MH'),
(22, 'Manipur', 'MN'),
(23, 'Meghalaya', 'ML'),
(24, 'Mizoram', 'MZ'),
(25, 'Nagaland', 'NL'),
(26, 'Odisha', 'OD'),
(27, 'Puducherry', 'PY'),
(28, 'Punjab', 'PB'),
(29, 'Rajasthan', 'RJ'),
(30, 'Sikkim', 'SK'),
(31, 'Tamil Nadu', 'TN'),
(32, 'Tripura', 'TR'),
(33, 'Uttar Pradesh', 'UP'),
(34, 'Uttarakhand', 'UK'),
(35, 'West Bengal', 'WB');

-- --------------------------------------------------------

--
-- Table structure for table `subcategories`
--

CREATE TABLE `subcategories` (
  `id` bigint(20) UNSIGNED NOT NULL,
  `cat_id` int(11) NOT NULL,
  `subcategory` varchar(255) COLLATE utf8mb4_unicode_ci NOT NULL,
  `image` varchar(255) COLLATE utf8mb4_unicode_ci NOT NULL,
  `created_at` timestamp NULL DEFAULT NULL,
  `updated_at` timestamp NULL DEFAULT NULL
) ENGINE=InnoDB DEFAULT CHARSET=utf8mb4 COLLATE=utf8mb4_unicode_ci;

--
-- Dumping data for table `subcategories`
--

INSERT INTO `subcategories` (`id`, `cat_id`, `subcategory`, `image`, `created_at`, `updated_at`) VALUES
(1, 1, 'Rice, Atta, Daal', '20230429122454.jpg', '2023-03-09 14:26:16', '2023-04-29 12:24:54'),
(2, 2, 'Men\'s Fashion', '20230309022627.jpg', '2023-03-09 14:26:27', '2023-03-09 14:26:27'),
(3, 2, 'Women\'s Fashion', '20230309022638.jpg', '2023-03-09 14:26:38', '2023-03-09 14:26:38'),
(4, 2, 'Footwear', '20230322111830.jpg', '2023-03-22 11:18:30', '2023-03-22 11:18:30'),
(6, 1, 'Pulse', '20230426023619.jpg', '2023-04-26 14:36:19', '2023-04-26 14:36:19'),
(7, 1, 'Dairy & Bakery', '20230426024532.jpg', '2023-04-26 14:45:32', '2023-04-26 14:45:32'),
(8, 3, 'chichen', '20230426025159.jpg', '2023-04-26 14:51:59', '2023-04-26 14:51:59'),
(9, 3, 'Mutton', '20230426025323.jpg', '2023-04-26 14:53:23', '2023-04-26 14:53:23'),
(10, 3, 'Rui', '20230426025611.jpg', '2023-04-26 14:56:11', '2023-04-26 14:56:11'),
(11, 3, 'Hilsaa', '20230426025809.jpg', '2023-04-26 14:58:09', '2023-04-26 14:58:09'),
(12, 3, 'Katla', '20230426025914.jpg', '2023-04-26 14:59:14', '2023-04-26 14:59:14'),
(13, 4, 'Mango', '20230427114004.jpeg', '2023-04-27 11:40:04', '2023-04-27 11:40:04'),
(14, 4, 'grapes', '20230427114306.jpg', '2023-04-27 11:43:06', '2023-04-27 11:43:06'),
(15, 7, 'mobile', '20230427114440.jpg', '2023-04-27 11:44:40', '2023-04-27 11:44:40'),
(16, 7, 'Headphone', '20230427115022.jpg', '2023-04-27 11:50:22', '2023-04-27 11:50:22'),
(17, 9, 'motorbike', '20230427115158.jpg', '2023-04-27 11:51:58', '2023-04-27 11:51:58'),
(18, 9, 'Car', '20230427115830.jpg', '2023-04-27 11:58:30', '2023-04-27 11:58:30'),
(19, 5, 'Induction oven', '20230427120101.jpg', '2023-04-27 12:01:01', '2023-04-27 12:01:01'),
(20, 5, 'chimneys', '20230427120820.jpg', '2023-04-27 12:08:20', '2023-04-27 12:08:20'),
(21, 6, 'soap', '20230427121140.jpg', '2023-04-27 12:11:40', '2023-04-27 12:11:40'),
(22, 6, 'body liquid soap', '20230427121533.jpg', '2023-04-27 12:15:33', '2023-04-27 12:15:33'),
(23, 11, 'Pet Accessories', '20230427013007.jpg', '2023-04-27 13:30:07', '2023-04-27 13:30:07'),
(24, 2, 'Kids', '20230428124127.jpg', '2023-04-28 12:41:27', '2023-04-28 12:41:27'),
(25, 1, 'Spices, Salt & Sugar', '20230429122729.jpeg', '2023-04-29 12:27:29', '2023-04-29 12:27:29'),
(26, 1, 'Oil & Ghee', '20230429122839.jpeg', '2023-04-29 12:28:39', '2023-04-29 12:28:39'),
(27, 1, 'Dry Fruits, Nuts & Sheeds', '20230429123028.jpg', '2023-04-29 12:30:28', '2023-04-29 12:30:28'),
(28, 1, 'Snacks & Packaged Food', '20230429123209.jpg', '2023-04-29 12:32:09', '2023-04-29 12:32:09'),
(29, 1, 'Noodles & Pasta', '20230429123342.webp', '2023-04-29 12:33:42', '2023-04-29 12:33:42'),
(30, 1, 'Beverages', '20230429123509.jpg', '2023-04-29 12:35:09', '2023-04-29 12:35:09'),
(31, 1, 'Detergents & Laundry', '20230429123629.jpg', '2023-04-29 12:36:29', '2023-04-29 12:36:29'),
(32, 1, 'Body And Skincare', '20230429123901.jpeg', '2023-04-29 12:39:01', '2023-04-29 12:39:01'),
(33, 1, 'Hair Care', '20230429124145.webp', '2023-04-29 12:41:45', '2023-04-29 12:41:45'),
(34, 1, 'Women\'s Hygiene & Baby Care', '20230429124402.jpg', '2023-04-29 12:44:02', '2023-04-29 12:44:02'),
(35, 1, 'Oral Care & Wellness', '20230429124610.jpeg', '2023-04-29 12:46:10', '2023-04-29 12:46:10'),
(36, 1, 'Home & Kitchen', '20230429124811.webp', '2023-04-29 12:48:11', '2023-04-29 12:48:11'),
(37, 1, 'House Hold & Cleaning', '20230429124920.webp', '2023-04-29 12:49:20', '2023-04-29 12:49:20'),
(38, 5, 'Home Decor', '20230429125947.jpg', '2023-04-29 12:59:47', '2023-04-29 12:59:47'),
(39, 5, 'Home Textile', '20230429010109.webp', '2023-04-29 13:01:09', '2023-04-29 13:01:09'),
(40, 5, 'Home Improvement', '20230429010233.jpeg', '2023-04-29 13:02:33', '2023-04-29 13:02:33'),
(41, 5, 'Furniture', '20230429010344.jpeg', '2023-04-29 13:03:44', '2023-04-29 13:03:44');

-- --------------------------------------------------------

--
-- Table structure for table `team_members`
--

CREATE TABLE `team_members` (
  `id` bigint(20) UNSIGNED NOT NULL,
  `image` varchar(255) COLLATE utf8mb4_unicode_ci DEFAULT NULL,
  `name` varchar(255) COLLATE utf8mb4_unicode_ci DEFAULT NULL,
  `designation` varchar(255) COLLATE utf8mb4_unicode_ci DEFAULT NULL,
  `created_at` timestamp NULL DEFAULT NULL,
  `updated_at` timestamp NULL DEFAULT NULL
) ENGINE=InnoDB DEFAULT CHARSET=utf8mb4 COLLATE=utf8mb4_unicode_ci;

--
-- Dumping data for table `team_members`
--

INSERT INTO `team_members` (`id`, `image`, `name`, `designation`, `created_at`, `updated_at`) VALUES
(2, '20230310031847.jpg', 'Dibya Sundar Khanra', 'Accountant', '2023-03-10 15:18:47', '2023-03-10 15:18:47'),
(3, '20230314052734.jpg', 'Mrs.  Aarti  Negi', 'Head of Telecaller', '2023-03-10 15:24:49', '2023-03-10 15:24:49'),
(4, '20230315011536.jpg', 'Mr. Prabir Boswas', 'Marketing Manager', '2023-03-15 13:15:36', '2023-03-15 13:15:36'),
(5, '20230315011658.jpg', 'Mr. Abhinash Agarwalla', 'Regional Manager', '2023-03-15 13:16:58', '2023-03-15 13:16:58'),
(6, '20230315012026.jpg', 'Mr. Imran Mondal', 'Area Manager', '2023-03-15 13:20:26', '2023-03-15 13:20:26'),
(7, '20230315012743.jpg', 'Mr. Partha Biswas', 'Back Office Staff', '2023-03-15 13:27:43', '2023-03-15 13:27:43');

-- --------------------------------------------------------

--
-- Table structure for table `transactions`
--

CREATE TABLE `transactions` (
  `id` bigint(20) UNSIGNED NOT NULL,
  `user_id` bigint(20) NOT NULL,
  `type` varchar(20) COLLATE utf8mb4_unicode_ci NOT NULL,
  `amount` decimal(8,2) DEFAULT NULL,
  `created_at` timestamp NULL DEFAULT NULL,
  `updated_at` timestamp NULL DEFAULT NULL
) ENGINE=InnoDB DEFAULT CHARSET=utf8mb4 COLLATE=utf8mb4_unicode_ci;

--
-- Dumping data for table `transactions`
--

INSERT INTO `transactions` (`id`, `user_id`, `type`, `amount`, `created_at`, `updated_at`) VALUES
(1, 3, 'credit', '80.00', '2023-03-26 01:23:32', '2023-03-26 01:23:32'),
(2, 3, 'credit', '80.00', '2023-03-26 02:19:10', '2023-03-26 02:19:10');

-- --------------------------------------------------------

--
-- Table structure for table `users`
--

CREATE TABLE `users` (
  `id` bigint(20) UNSIGNED NOT NULL,
  `name` varchar(255) COLLATE utf8mb4_unicode_ci NOT NULL,
  `email` varchar(255) COLLATE utf8mb4_unicode_ci NOT NULL,
  `phone` varchar(15) COLLATE utf8mb4_unicode_ci NOT NULL,
  `image` varchar(255) COLLATE utf8mb4_unicode_ci DEFAULT NULL,
  `password` varchar(255) COLLATE utf8mb4_unicode_ci NOT NULL,
  `active_status` varchar(10) COLLATE utf8mb4_unicode_ci DEFAULT NULL,
  `remember_token` varchar(100) COLLATE utf8mb4_unicode_ci DEFAULT NULL,
  `created_at` timestamp NULL DEFAULT NULL,
  `updated_at` timestamp NULL DEFAULT NULL
) ENGINE=InnoDB DEFAULT CHARSET=utf8mb4 COLLATE=utf8mb4_unicode_ci;

--
-- Dumping data for table `users`
--

INSERT INTO `users` (`id`, `name`, `email`, `phone`, `image`, `password`, `active_status`, `remember_token`, `created_at`, `updated_at`) VALUES
(1, 'Dibya Khanra', 'dibyakhanra@gmail.com', '8250824021', '20230303124902.jpg', '123', 'YES', NULL, '2023-03-03 07:19:02', '2023-03-03 07:19:02'),
(3, 'Rohit', 'rohit562@gmail.com', '7896541230', NULL, '123', NULL, NULL, NULL, NULL),
(5, 'ss', 'ss@gmail.com', '1234567890', NULL, '123', NULL, NULL, NULL, NULL),
(6, 'sagar', 'sagar@gmail.com', '7044323905', NULL, '12345678', NULL, NULL, NULL, NULL),
(8, 'sss', 'sss@gmail.com', '1234567891', NULL, '123', NULL, NULL, NULL, NULL),
(10, 'Raju Dutta', 'raju@gmail.com', '8001049441', NULL, '12345678', NULL, NULL, NULL, NULL),
(11, 'neha', 'nn@gmail.com', '7044323901', NULL, '12345678', NULL, NULL, NULL, NULL),
(12, 'amit', 'am@gmail.com', '7044323909', NULL, '12345678', NULL, NULL, NULL, NULL),
(13, 'amit paul', 'ap@gmail.com', '7044323900', NULL, '12345678', NULL, NULL, NULL, NULL),
(14, 'tani', 'ta@gmail.com', '1231234567', NULL, '12345678', NULL, NULL, NULL, NULL),
(15, 'SELIM', 'selim@gmail.com', '9812345678', NULL, 'myhk1234', NULL, NULL, '2023-04-03 18:29:45', '2023-04-03 18:29:45'),
(16, 'Dippriya Sarkar', 'dippriyasarkar9862@gmail.com', '9862379881', NULL, '37988100', NULL, NULL, '2023-04-17 20:15:55', '2023-04-17 20:15:55'),
(17, 'Pabitra Shit', 'prabitrashit1214@gmail.com', '8250873486', NULL, 'Pabitra@', NULL, NULL, '2023-04-17 20:22:33', '2023-04-17 20:22:33'),
(18, 'Avijit bhowmik', 'bhowmikavijit065@gmail.com', '8974318716', NULL, 'Avijit12', NULL, NULL, '2023-04-17 20:27:25', '2023-04-17 20:27:25'),
(19, 'Udaysankardebgupta', 'udaysankardebgupta@gmail.com', '8250449110', NULL, '12345678', NULL, NULL, '2023-04-17 20:27:48', '2023-04-17 20:27:48'),
(20, 'kishor paul', 'kp8343625@gmail.com', '9863964521', NULL, '98639645', NULL, NULL, '2023-04-17 20:37:56', '2023-04-17 20:37:56'),
(21, 'PAYEO', 'payelroy6050@gmail.com', '7318714372', NULL, 'Animeshr', NULL, NULL, '2023-04-17 20:38:29', '2023-04-17 20:38:29'),
(22, 'DipenduDutta', 'dipendu.67@gmail.com', '7063784525', NULL, 'titu2012', NULL, NULL, '2023-04-17 21:05:45', '2023-04-17 21:05:45'),
(23, 'Uday Saha', 'daakiya.udyog@gmail.com', '9612348321', NULL, 'Uday@123', NULL, NULL, '2023-04-17 22:04:20', '2023-04-17 22:04:20'),
(24, 'Chandan Majumder', 'chandanmajumder1993@gmail.com', '9612422206', NULL, 'chandan1', NULL, NULL, '2023-04-17 22:07:01', '2023-04-17 22:07:01'),
(25, 'papai Rudra paul', 'papairpaul@gmail.com', '6033197315', NULL, 'Aroh@123', NULL, NULL, '2023-04-17 22:24:26', '2023-04-17 22:24:26'),
(26, 'Manik Barman', 'mkb0401@gmail.com', '8436300242', NULL, '19932002', NULL, NULL, '2023-04-17 22:31:36', '2023-04-17 22:31:36'),
(27, 'SWAPAN', 'sc.sil138@gmail.com', '9862409209', NULL, '12345678', NULL, NULL, '2023-04-17 23:07:45', '2023-04-17 23:07:45'),
(28, 'Ranjit Bera', 'ranjitbera2015@gmail.com', '8101243820', NULL, 'tikayetp', NULL, NULL, '2023-04-18 08:33:39', '2023-04-18 08:33:39'),
(29, 'Dibakar Roy', 'dbkr1995@gmail.com', '8116248993', NULL, '87654321', NULL, NULL, '2023-04-18 08:44:34', '2023-04-18 08:44:34'),
(30, '787223676', 'ghoshamit19922014@gmail.com', '8637583191', NULL, 'Amit@123', NULL, NULL, '2023-04-18 13:24:13', '2023-04-18 13:24:13'),
(31, 'subhas nath', 'subhasnath1@gmail.com', '8794981104', NULL, 'Nath147@', NULL, NULL, '2023-04-18 13:52:49', '2023-04-18 13:52:49'),
(32, 'NANDAN DEBNATH', 'nandandebnath1991@gmail.com', '7005513315', NULL, '11223344', NULL, NULL, '2023-04-18 14:54:21', '2023-04-18 14:54:21'),
(33, 'Rakesh Das', 'rakesh91nal@gmail.com', '9485335300', NULL, '12345678', NULL, NULL, '2023-04-18 15:43:18', '2023-04-18 15:43:18'),
(34, 'Rahul Das', 'rahuldas.1082@gmail.com', '8794128527', NULL, '11223344', NULL, NULL, '2023-04-18 19:59:57', '2023-04-18 19:59:57'),
(35, 'Jantu debnath', 'jantu.debnath89@gmail.com', '9863571505', NULL, 'Nandita ', NULL, NULL, '2023-04-19 12:50:47', '2023-04-19 12:50:47'),
(36, 'Jiban barman', 'royjiban9999@gmail.com', '9749725323', NULL, 'jibanbar', NULL, NULL, '2023-04-19 17:15:30', '2023-04-19 17:15:30'),
(37, 'Rahul Nath', 'nathrahul4529@gmail.com', '8119945419', NULL, '15012000', NULL, NULL, '2023-04-19 19:53:24', '2023-04-19 19:53:24'),
(38, 'puja malakar', 'pujamalakar65@gmail.com', '8131058703', NULL, 'Puja@123', NULL, NULL, '2023-04-19 22:56:32', '2023-04-19 22:56:32'),
(39, 'Ambika barman', 'ambikabarman175@gmail.com', '9851803272', NULL, '12345678', NULL, NULL, '2023-04-20 11:26:54', '2023-04-20 11:26:54'),
(40, 'Ananta debnath', 'anantadebnath836@gmail.com', '8617064473', NULL, 'ananta12', NULL, NULL, '2023-04-20 21:42:17', '2023-04-20 21:42:17'),
(41, 'partha biswas', 'biswaspartha796@gmail.com', '7431900035', NULL, '12341234', NULL, NULL, '2023-04-26 15:16:27', '2023-04-26 15:16:27'),
(42, 'xyz', 'hello@73737.com', '0987654321', '20230426053418.jpeg', '12345', 'YES', NULL, '2023-04-26 17:34:18', '2023-04-26 17:34:18'),
(43, 'subrata roy', 'roysubrata462@gmail.com', '8101543178', NULL, 'subra123', NULL, NULL, '2023-04-26 18:13:45', '2023-04-26 18:13:45'),
(44, 'narendra', 'np4375@gmail.com', '9589572990', NULL, 'Np@4375@', NULL, NULL, '2023-04-26 20:45:09', '2023-04-26 20:45:09'),
(45, 'Srikanta Das', 'dassrikanta071@gmail.com', '9362079695', NULL, 'Rintex00', NULL, NULL, '2023-04-27 18:57:54', '2023-04-27 18:57:54'),
(46, 'Swarup', 'stayalone.666@gmail.com', '7005639362', NULL, 'Swarup69', NULL, NULL, '2023-04-28 19:21:46', '2023-04-28 19:21:46'),
(47, 'Joy Bhattacharjee', 'joybhattacharjeecoc@gmail.com', '7098147588', NULL, 'Joy@1234', NULL, NULL, '2023-05-01 11:41:30', '2023-05-01 11:41:30'),
(48, 'Dibakar Roy', 'diba.444@rediffmail.com', '7356341805', NULL, 'diba@123', NULL, NULL, '2023-05-01 13:49:25', '2023-05-01 13:49:25'),
(49, 'soumen chakraborty', 'soumen77prl@gmail.com', '8637554840', NULL, 'soum@123', NULL, NULL, '2023-05-03 18:04:57', '2023-05-03 18:04:57'),
(50, 'uday saha', 'debalina27111991@gmail.com', '7005837518', NULL, '96123483', NULL, NULL, '2023-05-03 20:29:39', '2023-05-03 20:29:39');

-- --------------------------------------------------------

--
-- Table structure for table `vehicle_details`
--

CREATE TABLE `vehicle_details` (
  `id` bigint(20) UNSIGNED NOT NULL,
  `user_id` bigint(20) NOT NULL,
  `model` varchar(255) COLLATE utf8mb4_unicode_ci DEFAULT NULL,
  `vehicle_number` varchar(255) COLLATE utf8mb4_unicode_ci DEFAULT NULL,
  `created_at` timestamp NULL DEFAULT NULL,
  `updated_at` timestamp NULL DEFAULT NULL
) ENGINE=InnoDB DEFAULT CHARSET=utf8mb4 COLLATE=utf8mb4_unicode_ci;

--
-- Dumping data for table `vehicle_details`
--

INSERT INTO `vehicle_details` (`id`, `user_id`, `model`, `vehicle_number`, `created_at`, `updated_at`) VALUES
(1, 1, 'Hero', '313333', NULL, NULL),
(2, 3, 'hero honda', 'hh-356678', NULL, NULL);

-- --------------------------------------------------------

--
-- Table structure for table `websitebanners`
--

CREATE TABLE `websitebanners` (
  `id` bigint(20) UNSIGNED NOT NULL,
  `image` varchar(255) COLLATE utf8mb4_unicode_ci DEFAULT NULL,
  `title` varchar(255) COLLATE utf8mb4_unicode_ci DEFAULT NULL,
  `sub_title` varchar(255) COLLATE utf8mb4_unicode_ci DEFAULT NULL,
  `created_at` timestamp NULL DEFAULT NULL,
  `updated_at` timestamp NULL DEFAULT NULL
) ENGINE=InnoDB DEFAULT CHARSET=utf8mb4 COLLATE=utf8mb4_unicode_ci;

--
-- Dumping data for table `websitebanners`
--

INSERT INTO `websitebanners` (`id`, `image`, `title`, `sub_title`, `created_at`, `updated_at`) VALUES
(1, '20230308063334.jpg', 'We Provide Best Doorstep Services', 'A to Z Doorstep service book instantly', '2023-03-08 13:03:34', '2023-03-08 13:03:34'),
(2, '20230308063424.jpg', 'we provide best Grocery Delivery services', 'You can sales or purchase anythin nearest marketplace, with COD and instant delivery.', '2023-03-08 13:04:24', '2023-03-08 13:04:24'),
(3, '20230308063452.jpg', 'we provide best Courier & Delivery services', 'Send or booking Product or package to your customer or relatives within the city in 60 mins with prepaid or COD.', '2023-03-08 13:04:52', '2023-03-08 13:04:52'),
(4, '20230308063523.jpg', 'TRANSPORTATION', 'Book a Bike, Toto, Auto, car instantly or hire any type of Commercial car to travel or urgent needs.You can register as a merchant also.', '2023-03-08 13:05:23', '2023-03-08 13:05:23');

-- --------------------------------------------------------

--
-- Table structure for table `wishlists`
--

CREATE TABLE `wishlists` (
  `id` bigint(20) UNSIGNED NOT NULL,
  `user_id` int(11) NOT NULL,
  `product_id` int(11) NOT NULL,
  `created_at` timestamp NULL DEFAULT current_timestamp(),
  `updated_at` timestamp NULL DEFAULT current_timestamp()
) ENGINE=InnoDB DEFAULT CHARSET=utf8mb4 COLLATE=utf8mb4_unicode_ci;

--
-- Dumping data for table `wishlists`
--

INSERT INTO `wishlists` (`id`, `user_id`, `product_id`, `created_at`, `updated_at`) VALUES
(2, 1, 3, '2023-03-16 05:11:26', '2023-03-16 05:11:26'),
(3, 1, 4, '2023-03-16 05:12:17', '2023-03-16 05:12:17'),
(4, 1, 2, '2023-03-16 12:09:57', '2023-03-16 12:09:57'),
(11, 11, 3, '2023-03-16 14:58:54', '2023-03-16 14:58:54'),
(14, 6, 4, '2023-03-16 16:42:27', '2023-03-16 16:42:27'),
(21, 14, 2, '2023-04-01 10:16:27', '2023-04-01 10:16:27'),
(23, 14, 5, '2023-04-02 12:16:24', '2023-04-02 12:16:24'),
(25, 6, 3, '2023-04-07 20:31:04', '2023-04-07 20:31:04'),
(26, 18, 3, '2023-04-17 20:30:37', '2023-04-17 20:30:37'),
(27, 19, 5, '2023-04-17 22:55:15', '2023-04-17 22:55:15'),
(28, 25, 5, '2023-04-18 08:14:09', '2023-04-18 08:14:09'),
(29, 25, 3, '2023-04-18 08:14:31', '2023-04-18 08:14:31'),
(30, 44, 5, '2023-04-26 20:51:33', '2023-04-26 20:51:33'),
(31, 15, 7, '2023-04-28 13:09:41', '2023-04-28 13:09:41'),
(32, 15, 3, '2023-04-28 13:10:15', '2023-04-28 13:10:15'),
(33, 48, 14, '2023-05-01 14:52:11', '2023-05-01 14:52:11'),
(34, 48, 17, '2023-05-01 17:13:21', '2023-05-01 17:13:21'),
(35, 24, 7, '2023-05-02 15:13:15', '2023-05-02 15:13:15'),
(36, 15, 24, '2023-05-03 11:56:21', '2023-05-03 11:56:21');

-- --------------------------------------------------------

--
-- Table structure for table `work_preferences`
--

CREATE TABLE `work_preferences` (
  `id` bigint(20) UNSIGNED NOT NULL,
  `user_id` bigint(20) NOT NULL,
  `option` varchar(255) COLLATE utf8mb4_unicode_ci NOT NULL,
  `created_at` timestamp NULL DEFAULT NULL,
  `updated_at` timestamp NULL DEFAULT NULL
) ENGINE=InnoDB DEFAULT CHARSET=utf8mb4 COLLATE=utf8mb4_unicode_ci;

--
-- Dumping data for table `work_preferences`
--

INSERT INTO `work_preferences` (`id`, `user_id`, `option`, `created_at`, `updated_at`) VALUES
(1, 1, 'delivery boy', NULL, NULL),
(2, 1, 'delivery boy', NULL, NULL),
(3, 3, 'Delivery Boy', '2023-03-27 10:39:26', '2023-03-27 10:39:26'),
(4, 1, 'delivery boy', '2023-03-27 10:56:58', '2023-03-27 10:56:58'),
(5, 3, 'Delivery Boy', '2023-03-28 13:52:54', '2023-03-28 13:52:54');

-- --------------------------------------------------------

--
-- Table structure for table `zonepartners`
--

CREATE TABLE `zonepartners` (
  `id` bigint(20) UNSIGNED NOT NULL,
  `zone_id` int(11) NOT NULL,
  `name` varchar(100) COLLATE utf8mb4_unicode_ci NOT NULL,
  `email` varchar(100) COLLATE utf8mb4_unicode_ci NOT NULL,
  `phone` varchar(20) COLLATE utf8mb4_unicode_ci NOT NULL,
  `password` varchar(200) COLLATE utf8mb4_unicode_ci NOT NULL,
  `remember_token` varchar(100) COLLATE utf8mb4_unicode_ci DEFAULT NULL,
  `active_status` varchar(20) COLLATE utf8mb4_unicode_ci NOT NULL,
  `wallet_balance` float(10,2) DEFAULT NULL,
  `created_at` timestamp NULL DEFAULT NULL,
  `updated_at` timestamp NULL DEFAULT NULL
) ENGINE=InnoDB DEFAULT CHARSET=utf8mb4 COLLATE=utf8mb4_unicode_ci;

--
-- Dumping data for table `zonepartners`
--

INSERT INTO `zonepartners` (`id`, `zone_id`, `name`, `email`, `phone`, `password`, `remember_token`, `active_status`, `wallet_balance`, `created_at`, `updated_at`) VALUES
(1, 6, 'Mrs. Dipanshi Borai', 'a.agarwalla07@gmail.com', '9064267409', '$2y$10$YF07577g55kP2rd3ItOoHOoB5REyGxyznlrvEk/HCOBc9pse2Bjva', NULL, 'YES', 10.00, '2023-03-06 05:50:17', '2023-04-18 13:46:51'),
(5, 10, 'Dibakar Roy', 'dbkr.1995@gmail.com', '7356341805', '$2y$10$soIqsmaA92Ql1HuaWV7lR.UqD4wChBFIIqIKkAAOlbrYucfhjVCyy', NULL, 'YES', 0.00, '2023-04-17 12:08:45', '2023-04-17 14:15:22'),
(6, 7, 'Soumen Chakroborty', 'soumen77prl@gmail.com', '8637554840', '$2y$10$S2hBsG.6MPqQFc8QzxdP0uX2waWT4opYiZM3LOxCqb31iRLnIG1oa', NULL, 'YES', 0.00, '2023-04-17 12:12:14', '2023-04-17 12:12:14'),
(7, 9, 'Prasanjit Choudhury', 'chaudhuryprasenjit2@gmail.com', '8918340803', '$2y$10$ZdRCC3vf2lVrGWfuChlhgecoFZmYPqy.yA0hcyR7zxeekKlQTarlW', NULL, 'YES', 0.00, '2023-04-17 12:15:12', '2023-04-17 12:15:12'),
(10, 8, 'HINDKART MURSHIDABAD ZONE', 'hindkartmurshidabad@gmail.com', '7431900035', '$2y$10$P1GutX5x6StjGyUhTQE8W.b.MniWlfIzO3ZHU0X6GAXEbPrRvoP9e', NULL, 'YES', 0.00, '2023-04-18 14:53:22', '2023-05-07 21:41:48');

-- --------------------------------------------------------

--
-- Table structure for table `zones`
--

CREATE TABLE `zones` (
  `id` bigint(20) UNSIGNED NOT NULL,
  `state_id` int(11) NOT NULL,
  `zone_title` varchar(100) COLLATE utf8mb4_unicode_ci NOT NULL,
  `created_at` timestamp NULL DEFAULT NULL,
  `updated_at` timestamp NULL DEFAULT NULL
) ENGINE=InnoDB DEFAULT CHARSET=utf8mb4 COLLATE=utf8mb4_unicode_ci;

--
-- Dumping data for table `zones`
--

INSERT INTO `zones` (`id`, `state_id`, `zone_title`, `created_at`, `updated_at`) VALUES
(6, 35, 'KOLKATA ZONE', '2023-03-14 10:45:13', '2023-03-15 16:18:41'),
(7, 35, 'PURULIA ZONE', '2023-03-14 10:50:42', '2023-03-14 10:50:42'),
(8, 35, 'MURSHIDABAD ZONE', '2023-03-14 10:52:40', '2023-03-14 10:52:40'),
(9, 35, 'NADIA ZONE', '2023-03-14 10:57:15', '2023-03-14 10:57:15'),
(10, 35, 'JALPAIGURI ZONE', '2023-03-14 10:59:16', '2023-03-14 10:59:16'),
(13, 4, 'assam zone', '2023-04-18 13:47:57', '2023-04-18 13:47:57');

--
-- Indexes for dumped tables
--

--
-- Indexes for table `address`
--
ALTER TABLE `address`
  ADD PRIMARY KEY (`id`);

--
-- Indexes for table `admins`
--
ALTER TABLE `admins`
  ADD PRIMARY KEY (`id`),
  ADD UNIQUE KEY `admins_email_unique` (`email`);

--
-- Indexes for table `admin_schemes`
--
ALTER TABLE `admin_schemes`
  ADD PRIMARY KEY (`id`);

--
-- Indexes for table `advertisement_charges`
--
ALTER TABLE `advertisement_charges`
  ADD PRIMARY KEY (`id`);

--
-- Indexes for table `bank_details`
--
ALTER TABLE `bank_details`
  ADD PRIMARY KEY (`id`);

--
-- Indexes for table `best_discounts`
--
ALTER TABLE `best_discounts`
  ADD PRIMARY KEY (`id`);

--
-- Indexes for table `block`
--
ALTER TABLE `block`
  ADD PRIMARY KEY (`id`);

--
-- Indexes for table `blockpartners`
--
ALTER TABLE `blockpartners`
  ADD PRIMARY KEY (`id`);

--
-- Indexes for table `brochures`
--
ALTER TABLE `brochures`
  ADD PRIMARY KEY (`id`);

--
-- Indexes for table `carts`
--
ALTER TABLE `carts`
  ADD PRIMARY KEY (`id`);

--
-- Indexes for table `categories`
--
ALTER TABLE `categories`
  ADD PRIMARY KEY (`id`);

--
-- Indexes for table `categorybanners`
--
ALTER TABLE `categorybanners`
  ADD PRIMARY KEY (`id`);

--
-- Indexes for table `client_reviews`
--
ALTER TABLE `client_reviews`
  ADD PRIMARY KEY (`id`);

--
-- Indexes for table `comp_announcements`
--
ALTER TABLE `comp_announcements`
  ADD PRIMARY KEY (`id`);

--
-- Indexes for table `customer_searches`
--
ALTER TABLE `customer_searches`
  ADD PRIMARY KEY (`id`);

--
-- Indexes for table `dealsofthe_days`
--
ALTER TABLE `dealsofthe_days`
  ADD PRIMARY KEY (`id`);

--
-- Indexes for table `deliverytypes`
--
ALTER TABLE `deliverytypes`
  ADD PRIMARY KEY (`id`);

--
-- Indexes for table `delivery_amount`
--
ALTER TABLE `delivery_amount`
  ADD PRIMARY KEY (`id`);

--
-- Indexes for table `delivery_boys`
--
ALTER TABLE `delivery_boys`
  ADD PRIMARY KEY (`id`),
  ADD UNIQUE KEY `delivery_boys_email_unique` (`email`);

--
-- Indexes for table `delivery_boy_payments`
--
ALTER TABLE `delivery_boy_payments`
  ADD PRIMARY KEY (`id`);

--
-- Indexes for table `district`
--
ALTER TABLE `district`
  ADD PRIMARY KEY (`id`);

--
-- Indexes for table `districtpartners`
--
ALTER TABLE `districtpartners`
  ADD PRIMARY KEY (`id`);

--
-- Indexes for table `ecommercebanners`
--
ALTER TABLE `ecommercebanners`
  ADD PRIMARY KEY (`id`);

--
-- Indexes for table `employees`
--
ALTER TABLE `employees`
  ADD PRIMARY KEY (`id`);

--
-- Indexes for table `frequent_questions`
--
ALTER TABLE `frequent_questions`
  ADD PRIMARY KEY (`id`);

--
-- Indexes for table `megacategories`
--
ALTER TABLE `megacategories`
  ADD PRIMARY KEY (`id`);

--
-- Indexes for table `merchants`
--
ALTER TABLE `merchants`
  ADD PRIMARY KEY (`id`);

--
-- Indexes for table `merchanttypes`
--
ALTER TABLE `merchanttypes`
  ADD PRIMARY KEY (`id`);

--
-- Indexes for table `merchant_payments`
--
ALTER TABLE `merchant_payments`
  ADD PRIMARY KEY (`id`);

--
-- Indexes for table `migrations`
--
ALTER TABLE `migrations`
  ADD PRIMARY KEY (`id`);

--
-- Indexes for table `monthlyfees`
--
ALTER TABLE `monthlyfees`
  ADD PRIMARY KEY (`id`);

--
-- Indexes for table `notifications`
--
ALTER TABLE `notifications`
  ADD PRIMARY KEY (`id`);

--
-- Indexes for table `orders`
--
ALTER TABLE `orders`
  ADD PRIMARY KEY (`id`);

--
-- Indexes for table `order_items`
--
ALTER TABLE `order_items`
  ADD PRIMARY KEY (`id`);

--
-- Indexes for table `packages`
--
ALTER TABLE `packages`
  ADD PRIMARY KEY (`id`);

--
-- Indexes for table `personal_documents`
--
ALTER TABLE `personal_documents`
  ADD PRIMARY KEY (`id`);

--
-- Indexes for table `products`
--
ALTER TABLE `products`
  ADD PRIMARY KEY (`id`);

--
-- Indexes for table `product_colors`
--
ALTER TABLE `product_colors`
  ADD PRIMARY KEY (`id`);

--
-- Indexes for table `product_details`
--
ALTER TABLE `product_details`
  ADD PRIMARY KEY (`id`);

--
-- Indexes for table `ratings`
--
ALTER TABLE `ratings`
  ADD PRIMARY KEY (`id`);

--
-- Indexes for table `razorpays`
--
ALTER TABLE `razorpays`
  ADD PRIMARY KEY (`id`);

--
-- Indexes for table `recentlyvieweds`
--
ALTER TABLE `recentlyvieweds`
  ADD PRIMARY KEY (`id`);

--
-- Indexes for table `search_products`
--
ALTER TABLE `search_products`
  ADD PRIMARY KEY (`id`);

--
-- Indexes for table `services`
--
ALTER TABLE `services`
  ADD PRIMARY KEY (`id`);

--
-- Indexes for table `service_charges`
--
ALTER TABLE `service_charges`
  ADD PRIMARY KEY (`id`);

--
-- Indexes for table `shops`
--
ALTER TABLE `shops`
  ADD PRIMARY KEY (`id`);

--
-- Indexes for table `state`
--
ALTER TABLE `state`
  ADD PRIMARY KEY (`id`);

--
-- Indexes for table `subcategories`
--
ALTER TABLE `subcategories`
  ADD PRIMARY KEY (`id`);

--
-- Indexes for table `team_members`
--
ALTER TABLE `team_members`
  ADD PRIMARY KEY (`id`);

--
-- Indexes for table `transactions`
--
ALTER TABLE `transactions`
  ADD PRIMARY KEY (`id`);

--
-- Indexes for table `users`
--
ALTER TABLE `users`
  ADD PRIMARY KEY (`id`),
  ADD UNIQUE KEY `users_email_unique` (`email`);

--
-- Indexes for table `vehicle_details`
--
ALTER TABLE `vehicle_details`
  ADD PRIMARY KEY (`id`);

--
-- Indexes for table `websitebanners`
--
ALTER TABLE `websitebanners`
  ADD PRIMARY KEY (`id`);

--
-- Indexes for table `wishlists`
--
ALTER TABLE `wishlists`
  ADD PRIMARY KEY (`id`);

--
-- Indexes for table `work_preferences`
--
ALTER TABLE `work_preferences`
  ADD PRIMARY KEY (`id`);

--
-- Indexes for table `zonepartners`
--
ALTER TABLE `zonepartners`
  ADD PRIMARY KEY (`id`);

--
-- Indexes for table `zones`
--
ALTER TABLE `zones`
  ADD PRIMARY KEY (`id`);

--
-- AUTO_INCREMENT for dumped tables
--

--
-- AUTO_INCREMENT for table `address`
--
ALTER TABLE `address`
  MODIFY `id` int(11) NOT NULL AUTO_INCREMENT, AUTO_INCREMENT=13;

--
-- AUTO_INCREMENT for table `admins`
--
ALTER TABLE `admins`
  MODIFY `id` bigint(20) UNSIGNED NOT NULL AUTO_INCREMENT, AUTO_INCREMENT=2;

--
-- AUTO_INCREMENT for table `admin_schemes`
--
ALTER TABLE `admin_schemes`
  MODIFY `id` bigint(20) UNSIGNED NOT NULL AUTO_INCREMENT, AUTO_INCREMENT=3;

--
-- AUTO_INCREMENT for table `advertisement_charges`
--
ALTER TABLE `advertisement_charges`
  MODIFY `id` bigint(20) UNSIGNED NOT NULL AUTO_INCREMENT, AUTO_INCREMENT=3;

--
-- AUTO_INCREMENT for table `bank_details`
--
ALTER TABLE `bank_details`
  MODIFY `id` bigint(20) UNSIGNED NOT NULL AUTO_INCREMENT, AUTO_INCREMENT=4;

--
-- AUTO_INCREMENT for table `best_discounts`
--
ALTER TABLE `best_discounts`
  MODIFY `id` bigint(20) UNSIGNED NOT NULL AUTO_INCREMENT, AUTO_INCREMENT=4;

--
-- AUTO_INCREMENT for table `block`
--
ALTER TABLE `block`
  MODIFY `id` int(11) NOT NULL AUTO_INCREMENT, AUTO_INCREMENT=6600;

--
-- AUTO_INCREMENT for table `blockpartners`
--
ALTER TABLE `blockpartners`
  MODIFY `id` bigint(20) UNSIGNED NOT NULL AUTO_INCREMENT, AUTO_INCREMENT=21;

--
-- AUTO_INCREMENT for table `brochures`
--
ALTER TABLE `brochures`
  MODIFY `id` bigint(20) UNSIGNED NOT NULL AUTO_INCREMENT, AUTO_INCREMENT=4;

--
-- AUTO_INCREMENT for table `carts`
--
ALTER TABLE `carts`
  MODIFY `id` bigint(20) UNSIGNED NOT NULL AUTO_INCREMENT, AUTO_INCREMENT=61;

--
-- AUTO_INCREMENT for table `categories`
--
ALTER TABLE `categories`
  MODIFY `id` bigint(20) UNSIGNED NOT NULL AUTO_INCREMENT, AUTO_INCREMENT=13;

--
-- AUTO_INCREMENT for table `categorybanners`
--
ALTER TABLE `categorybanners`
  MODIFY `id` bigint(20) UNSIGNED NOT NULL AUTO_INCREMENT, AUTO_INCREMENT=2;

--
-- AUTO_INCREMENT for table `client_reviews`
--
ALTER TABLE `client_reviews`
  MODIFY `id` bigint(20) UNSIGNED NOT NULL AUTO_INCREMENT, AUTO_INCREMENT=11;

--
-- AUTO_INCREMENT for table `comp_announcements`
--
ALTER TABLE `comp_announcements`
  MODIFY `id` bigint(20) UNSIGNED NOT NULL AUTO_INCREMENT, AUTO_INCREMENT=6;

--
-- AUTO_INCREMENT for table `customer_searches`
--
ALTER TABLE `customer_searches`
  MODIFY `id` bigint(20) UNSIGNED NOT NULL AUTO_INCREMENT;

--
-- AUTO_INCREMENT for table `dealsofthe_days`
--
ALTER TABLE `dealsofthe_days`
  MODIFY `id` bigint(20) UNSIGNED NOT NULL AUTO_INCREMENT, AUTO_INCREMENT=6;

--
-- AUTO_INCREMENT for table `deliverytypes`
--
ALTER TABLE `deliverytypes`
  MODIFY `id` bigint(20) UNSIGNED NOT NULL AUTO_INCREMENT, AUTO_INCREMENT=4;

--
-- AUTO_INCREMENT for table `delivery_amount`
--
ALTER TABLE `delivery_amount`
  MODIFY `id` int(11) NOT NULL AUTO_INCREMENT, AUTO_INCREMENT=2;

--
-- AUTO_INCREMENT for table `delivery_boys`
--
ALTER TABLE `delivery_boys`
  MODIFY `id` bigint(20) UNSIGNED NOT NULL AUTO_INCREMENT, AUTO_INCREMENT=4;

--
-- AUTO_INCREMENT for table `delivery_boy_payments`
--
ALTER TABLE `delivery_boy_payments`
  MODIFY `id` bigint(20) UNSIGNED NOT NULL AUTO_INCREMENT;

--
-- AUTO_INCREMENT for table `district`
--
ALTER TABLE `district`
  MODIFY `id` int(11) NOT NULL AUTO_INCREMENT, AUTO_INCREMENT=6602;

--
-- AUTO_INCREMENT for table `districtpartners`
--
ALTER TABLE `districtpartners`
  MODIFY `id` bigint(20) UNSIGNED NOT NULL AUTO_INCREMENT, AUTO_INCREMENT=22;

--
-- AUTO_INCREMENT for table `ecommercebanners`
--
ALTER TABLE `ecommercebanners`
  MODIFY `id` bigint(20) UNSIGNED NOT NULL AUTO_INCREMENT, AUTO_INCREMENT=4;

--
-- AUTO_INCREMENT for table `employees`
--
ALTER TABLE `employees`
  MODIFY `id` bigint(20) UNSIGNED NOT NULL AUTO_INCREMENT, AUTO_INCREMENT=24;

--
-- AUTO_INCREMENT for table `frequent_questions`
--
ALTER TABLE `frequent_questions`
  MODIFY `id` bigint(20) UNSIGNED NOT NULL AUTO_INCREMENT, AUTO_INCREMENT=9;

--
-- AUTO_INCREMENT for table `megacategories`
--
ALTER TABLE `megacategories`
  MODIFY `id` bigint(20) UNSIGNED NOT NULL AUTO_INCREMENT, AUTO_INCREMENT=104;

--
-- AUTO_INCREMENT for table `merchants`
--
ALTER TABLE `merchants`
  MODIFY `id` bigint(20) UNSIGNED NOT NULL AUTO_INCREMENT, AUTO_INCREMENT=19;

--
-- AUTO_INCREMENT for table `merchanttypes`
--
ALTER TABLE `merchanttypes`
  MODIFY `id` bigint(20) UNSIGNED NOT NULL AUTO_INCREMENT, AUTO_INCREMENT=6;

--
-- AUTO_INCREMENT for table `merchant_payments`
--
ALTER TABLE `merchant_payments`
  MODIFY `id` bigint(20) UNSIGNED NOT NULL AUTO_INCREMENT, AUTO_INCREMENT=3;

--
-- AUTO_INCREMENT for table `migrations`
--
ALTER TABLE `migrations`
  MODIFY `id` int(10) UNSIGNED NOT NULL AUTO_INCREMENT, AUTO_INCREMENT=110;

--
-- AUTO_INCREMENT for table `monthlyfees`
--
ALTER TABLE `monthlyfees`
  MODIFY `id` bigint(20) UNSIGNED NOT NULL AUTO_INCREMENT, AUTO_INCREMENT=2;

--
-- AUTO_INCREMENT for table `notifications`
--
ALTER TABLE `notifications`
  MODIFY `id` bigint(20) UNSIGNED NOT NULL AUTO_INCREMENT, AUTO_INCREMENT=3;

--
-- AUTO_INCREMENT for table `orders`
--
ALTER TABLE `orders`
  MODIFY `id` bigint(20) UNSIGNED NOT NULL AUTO_INCREMENT, AUTO_INCREMENT=18;

--
-- AUTO_INCREMENT for table `order_items`
--
ALTER TABLE `order_items`
  MODIFY `id` bigint(20) UNSIGNED NOT NULL AUTO_INCREMENT, AUTO_INCREMENT=20;

--
-- AUTO_INCREMENT for table `packages`
--
ALTER TABLE `packages`
  MODIFY `id` bigint(20) UNSIGNED NOT NULL AUTO_INCREMENT;

--
-- AUTO_INCREMENT for table `personal_documents`
--
ALTER TABLE `personal_documents`
  MODIFY `id` bigint(20) UNSIGNED NOT NULL AUTO_INCREMENT, AUTO_INCREMENT=8;

--
-- AUTO_INCREMENT for table `products`
--
ALTER TABLE `products`
  MODIFY `id` bigint(20) UNSIGNED NOT NULL AUTO_INCREMENT, AUTO_INCREMENT=34;

--
-- AUTO_INCREMENT for table `product_colors`
--
ALTER TABLE `product_colors`
  MODIFY `id` bigint(20) UNSIGNED NOT NULL AUTO_INCREMENT, AUTO_INCREMENT=18;

--
-- AUTO_INCREMENT for table `product_details`
--
ALTER TABLE `product_details`
  MODIFY `id` bigint(20) UNSIGNED NOT NULL AUTO_INCREMENT, AUTO_INCREMENT=38;

--
-- AUTO_INCREMENT for table `ratings`
--
ALTER TABLE `ratings`
  MODIFY `id` bigint(20) UNSIGNED NOT NULL AUTO_INCREMENT, AUTO_INCREMENT=5;

--
-- AUTO_INCREMENT for table `razorpays`
--
ALTER TABLE `razorpays`
  MODIFY `id` bigint(20) UNSIGNED NOT NULL AUTO_INCREMENT, AUTO_INCREMENT=2;

--
-- AUTO_INCREMENT for table `recentlyvieweds`
--
ALTER TABLE `recentlyvieweds`
  MODIFY `id` bigint(20) UNSIGNED NOT NULL AUTO_INCREMENT, AUTO_INCREMENT=3;

--
-- AUTO_INCREMENT for table `search_products`
--
ALTER TABLE `search_products`
  MODIFY `id` bigint(20) UNSIGNED NOT NULL AUTO_INCREMENT;

--
-- AUTO_INCREMENT for table `services`
--
ALTER TABLE `services`
  MODIFY `id` bigint(20) UNSIGNED NOT NULL AUTO_INCREMENT, AUTO_INCREMENT=8;

--
-- AUTO_INCREMENT for table `service_charges`
--
ALTER TABLE `service_charges`
  MODIFY `id` bigint(20) UNSIGNED NOT NULL AUTO_INCREMENT, AUTO_INCREMENT=2;

--
-- AUTO_INCREMENT for table `shops`
--
ALTER TABLE `shops`
  MODIFY `id` bigint(20) UNSIGNED NOT NULL AUTO_INCREMENT, AUTO_INCREMENT=8;

--
-- AUTO_INCREMENT for table `state`
--
ALTER TABLE `state`
  MODIFY `id` int(11) NOT NULL AUTO_INCREMENT, AUTO_INCREMENT=6600;

--
-- AUTO_INCREMENT for table `subcategories`
--
ALTER TABLE `subcategories`
  MODIFY `id` bigint(20) UNSIGNED NOT NULL AUTO_INCREMENT, AUTO_INCREMENT=44;

--
-- AUTO_INCREMENT for table `team_members`
--
ALTER TABLE `team_members`
  MODIFY `id` bigint(20) UNSIGNED NOT NULL AUTO_INCREMENT, AUTO_INCREMENT=9;

--
-- AUTO_INCREMENT for table `transactions`
--
ALTER TABLE `transactions`
  MODIFY `id` bigint(20) UNSIGNED NOT NULL AUTO_INCREMENT, AUTO_INCREMENT=3;

--
-- AUTO_INCREMENT for table `users`
--
ALTER TABLE `users`
  MODIFY `id` bigint(20) UNSIGNED NOT NULL AUTO_INCREMENT, AUTO_INCREMENT=54;

--
-- AUTO_INCREMENT for table `vehicle_details`
--
ALTER TABLE `vehicle_details`
  MODIFY `id` bigint(20) UNSIGNED NOT NULL AUTO_INCREMENT, AUTO_INCREMENT=3;

--
-- AUTO_INCREMENT for table `websitebanners`
--
ALTER TABLE `websitebanners`
  MODIFY `id` bigint(20) UNSIGNED NOT NULL AUTO_INCREMENT, AUTO_INCREMENT=6;

--
-- AUTO_INCREMENT for table `wishlists`
--
ALTER TABLE `wishlists`
  MODIFY `id` bigint(20) UNSIGNED NOT NULL AUTO_INCREMENT, AUTO_INCREMENT=37;

--
-- AUTO_INCREMENT for table `work_preferences`
--
ALTER TABLE `work_preferences`
  MODIFY `id` bigint(20) UNSIGNED NOT NULL AUTO_INCREMENT, AUTO_INCREMENT=6;

--
-- AUTO_INCREMENT for table `zonepartners`
--
ALTER TABLE `zonepartners`
  MODIFY `id` bigint(20) UNSIGNED NOT NULL AUTO_INCREMENT, AUTO_INCREMENT=13;

--
-- AUTO_INCREMENT for table `zones`
--
ALTER TABLE `zones`
  MODIFY `id` bigint(20) UNSIGNED NOT NULL AUTO_INCREMENT, AUTO_INCREMENT=17;
COMMIT;

/*!40101 SET CHARACTER_SET_CLIENT=@OLD_CHARACTER_SET_CLIENT */;
/*!40101 SET CHARACTER_SET_RESULTS=@OLD_CHARACTER_SET_RESULTS */;
/*!40101 SET COLLATION_CONNECTION=@OLD_COLLATION_CONNECTION */;
